{
  "0": {"cam_K": [2346.1825408935547, 0.0, 956.150695733726, 0.0, 2351.0241982895623, 613.6550906152873, 0.0, 0.0, 1.0], "cam_R_w2c": [0.892414391040802, 0.4512166976928711, -7.909230248515087e-08, 0.2798440158367157, -0.5534743666648865, -0.7844446301460266, -0.35395458340644836, 0.700049638748169, -0.6201987862586975], "cam_t_w2c": [28.399805068969727, 47.86393737792969, 794.4270629882812], "depth_scale": 1.0},
  "1": {"cam_K": [2346.1825408935547, 0.0, 956.150695733726, 0.0, 2351.0241982895623, 613.6550906152873, 0.0, 0.0, 1.0], "cam_R_w2c": [0.9467910528182983, -0.3218488097190857, 5.644636758006527e-08, -0.14745935797691345, -0.43378522992134094, -0.8888679146766663, 0.28608110547065735, 0.8415721654891968, -0.45816361904144287], "cam_t_w2c": [28.919742584228516, 41.35324478149414, 902.96337890625], "depth_scale": 1.0}
}