{
  "0": {"cam_K": [711.1112738715278, 0.0, 255.5, 0.0, 711.1112738715278, 255.5, 0.0, 0.0, 1.0], "cam_R_w2c": [-0.010242811404168606, -0.9999475479125977, -2.9651914701389614e-08, -0.21753613650798798, 0.002228327328339219, -0.9760497212409973, 0.9759985208511353, -0.009997486136853695, -0.21754755079746246], "cam_t_w2c": [438.30572509765625, -4378049.5, -975085.4375], "depth_scale": 1.0},
  "1": {"cam_K": [711.1112738715278, 0.0, 255.5, 0.0, 711.1112738715278, 255.5, 0.0, 0.0, 1.0], "cam_R_w2c": [-0.9359885454177856, 0.35203057527542114, 4.563828781556367e-08, 0.3029599189758301, 0.8055180907249451, -0.5092699527740479, -0.17927862703800201, -0.4766708016395569, -0.860606849193573], "cam_t_w2c": [-127.46925354003906, -2284682.75, -3859085.5], "depth_scale": 1.0}
}