{
  "0": {"cam_K": [711.1112738715278, 0.0, 255.5, 0.0, 711.1112738715278, 255.5, 0.0, 0.0, 1.0], "cam_R_w2c": [-0.2069002091884613, -0.9148847460746765, -0.34666743874549866, -0.7040552496910095, 0.3852667808532715, -0.5965532660484314, 0.6793369054794312, 0.12064605206251144, -0.7238411903381348], "cam_t_w2c": [84.27627563476562, 404.3512878417969, 616.044921875], "depth_scale": 1.0},
  "1": {"cam_K": [711.1112738715278, 0.0, 255.5, 0.0, 711.1112738715278, 255.5, 0.0, 0.0, 1.0], "cam_R_w2c": [-0.2069002091884613, -0.9148847460746765, -0.34666743874549866, -0.7040552496910095, 0.3852667808532715, -0.5965532660484314, 0.6793369054794312, 0.12064605206251144, -0.7238411903381348], "cam_t_w2c": [84.27627563476562, 404.3512878417969, 616.044921875], "depth_scale": 1.0},
  "2": {"cam_K": [711.1112738715278, 0.0, 255.5, 0.0, 711.1112738715278, 255.5, 0.0, 0.0, 1.0], "cam_R_w2c": [-0.2069002091884613, -0.9148847460746765, -0.34666743874549866, -0.7040552496910095, 0.3852667808532715, -0.5965532660484314, 0.6793369054794312, 0.12064605206251144, -0.7238411903381348], "cam_t_w2c": [84.27627563476562, 404.3512878417969, 616.044921875], "depth_scale": 1.0},
  "3": {"cam_K": [711.1112738715278, 0.0, 255.5, 0.0, 711.1112738715278, 255.5, 0.0, 0.0, 1.0], "cam_R_w2c": [-0.2069002091884613, -0.9148847460746765, -0.34666743874549866, -0.7040552496910095, 0.3852667808532715, -0.5965532660484314, 0.6793369054794312, 0.12064605206251144, -0.7238411903381348], "cam_t_w2c": [84.27627563476562, 404.3512878417969, 616.044921875], "depth_scale": 1.0},
  "4": {"cam_K": [711.1112738715278, 0.0, 255.5, 0.0, 711.1112738715278, 255.5, 0.0, 0.0, 1.0], "cam_R_w2c": [-0.2069002091884613, -0.9148847460746765, -0.34666743874549866, -0.7040552496910095, 0.3852667808532715, -0.5965532660484314, 0.6793369054794312, 0.12064605206251144, -0.7238411903381348], "cam_t_w2c": [84.27627563476562, 404.3512878417969, 616.044921875], "depth_scale": 1.0},
  "5": {"cam_K": [711.1112738715278, 0.0, 255.5, 0.0, 711.1112738715278, 255.5, 0.0, 0.0, 1.0], "cam_R_w2c": [-0.2069002091884613, -0.9148847460746765, -0.34666743874549866, -0.7040552496910095, 0.3852667808532715, -0.5965532660484314, 0.6793369054794312, 0.12064605206251144, -0.7238411903381348], "cam_t_w2c": [84.27627563476562, 404.3512878417969, 616.044921875], "depth_scale": 1.0},
  "6": {"cam_K": [711.1112738715278, 0.0, 255.5, 0.0, 711.1112738715278, 255.5, 0.0, 0.0, 1.0], "cam_R_w2c": [-0.2069002091884613, -0.9148847460746765, -0.34666743874549866, -0.7040552496910095, 0.3852667808532715, -0.5965532660484314, 0.6793369054794312, 0.12064605206251144, -0.7238411903381348], "cam_t_w2c": [84.27627563476562, 404.3512878417969, 616.044921875], "depth_scale": 1.0},
  "7": {"cam_K": [711.1112738715278, 0.0, 255.5, 0.0, 711.1112738715278, 255.5, 0.0, 0.0, 1.0], "cam_R_w2c": [-0.2069002091884613, -0.9148847460746765, -0.34666743874549866, -0.7040552496910095, 0.3852667808532715, -0.5965532660484314, 0.6793369054794312, 0.12064605206251144, -0.7238411903381348], "cam_t_w2c": [84.27627563476562, 404.3512878417969, 616.044921875], "depth_scale": 1.0},
  "8": {"cam_K": [711.1112738715278, 0.0, 255.5, 0.0, 711.1112738715278, 255.5, 0.0, 0.0, 1.0], "cam_R_w2c": [-0.2069002091884613, -0.9148847460746765, -0.34666743874549866, -0.7040552496910095, 0.3852667808532715, -0.5965532660484314, 0.6793369054794312, 0.12064605206251144, -0.7238411903381348], "cam_t_w2c": [84.27627563476562, 404.3512878417969, 616.044921875], "depth_scale": 1.0},
  "9": {"cam_K": [711.1112738715278, 0.0, 255.5, 0.0, 711.1112738715278, 255.5, 0.0, 0.0, 1.0], "cam_R_w2c": [-0.2069002091884613, -0.9148847460746765, -0.34666743874549866, -0.7040552496910095, 0.3852667808532715, -0.5965532660484314, 0.6793369054794312, 0.12064605206251144, -0.7238411903381348], "cam_t_w2c": [84.27627563476562, 404.3512878417969, 616.044921875], "depth_scale": 1.0}
}