{
  "0": {"cam_K": [2346.1825408935547, 0.0, 956.150695733726, 0.0, 2351.0241982895623, 613.6550906152873, 0.0, 0.0, 1.0], "cam_R_w2c": [-0.8175011873245239, -0.5759268403053284, -1.266382128051191e-07, -0.24896632134914398, 0.3533962666988373, -0.9017354846000671, 0.5193337202072144, -0.7371698021888733, -0.4322882294654846], "cam_t_w2c": [113.72550201416016, 183.17239379882812, 3841.334228515625], "depth_scale": 1.0}
}