{
  "0": {"cam_K": [711.1112738715278, 0.0, 255.5, 0.0, 711.1112738715278, 255.5, 0.0, 0.0, 1.0], "cam_R_w2c": [-0.41445598006248474, -0.9094383716583252, 0.03388777747750282, -0.7255362868309021, 0.3077094852924347, -0.6155583262443542, 0.5493847131729126, -0.2797085642814636, -0.7873625755310059], "cam_t_w2c": [244.65435791015625, -112.35514831542969, 677.274169921875], "depth_scale": 1.0},
  "1": {"cam_K": [711.1112738715278, 0.0, 255.5, 0.0, 711.1112738715278, 255.5, 0.0, 0.0, 1.0], "cam_R_w2c": [0.10207746922969818, -0.9944636225700378, 0.024946503341197968, -0.7816973328590393, -0.09569737315177917, -0.6162721514701843, 0.6152475476264954, 0.0434069000184536, -0.7871381044387817], "cam_t_w2c": [320.8380126953125, 4.921323776245117, 613.280029296875], "depth_scale": 1.0}
}