{
  "0": {"cam_K": [711.1112738715278, 0.0, 255.5, 0.0, 711.1112738715278, 255.5, 0.0, 0.0, 1.0], "cam_R_w2c": [-0.15578952431678772, 0.9877302050590515, -0.010893757455050945, 0.45133140683174133, 0.06136755645275116, -0.8902437686920166, -0.8786521553993225, -0.14360733330249786, -0.45535412430763245], "cam_t_w2c": [207.4269256591797, 45.041744232177734, 190.44154357910156], "depth_scale": 1.0}
}