{
  "0": [{"cam_R_m2c": [0.0854150801897049, 0.04341728612780571, 0.995398998260498, 0.39292383193969727, -0.9195486903190613, 0.006392123177647591, 0.9155954718589783, 0.3905700147151947, -0.09560292214155197], "cam_t_m2c": [7.264316082000732e-05, -1.862645149230957e-06, 802.0726318359375], "obj_id": 1}]
}