{
  "0": {"cam_K": [2346.1825408935547, 0.0, 956.150695733726, 0.0, 2351.0241982895623, 613.6550906152873, 0.0, 0.0, 1.0], "cam_R_w2c": [0.628872275352478, -0.7775086164474487, -1.4645024748460855e-07, -0.500788152217865, -0.4050523638725281, -0.7649469971656799, 0.594752848148346, 0.48105406761169434, -0.6440932750701904], "cam_t_w2c": [-51.767215728759766, -13.944733619689941, 896.2623901367188], "depth_scale": 1.0}
}