{
  "0": {"cam_K": [711.1112738715278, 0.0, 255.5, 0.0, 711.1112738715278, 255.5, 0.0, 0.0, 1.0], "cam_R_w2c": [0.9618227481842041, 0.27367323637008667, -4.3066993526963415e-08, 0.21521754562854767, -0.7563807964324951, -0.6177132725715637, -0.16905160248279572, 0.5941306352615356, -0.7864035367965698], "cam_t_w2c": [-15.853874206542969, 15.580536842346191, 1179.6048583984375], "depth_scale": 1.0},
  "1": {"cam_K": [711.1112738715278, 0.0, 255.5, 0.0, 711.1112738715278, 255.5, 0.0, 0.0, 1.0], "cam_R_w2c": [0.732717752456665, -0.6805326342582703, 5.431447647197274e-08, -0.48514288663864136, -0.5223450660705566, -0.7012789249420166, 0.47724318504333496, 0.5138394832611084, -0.7128871083259583], "cam_t_w2c": [-68.91264343261719, 64.48540496826172, 899.354248046875], "depth_scale": 1.0}
}