{
  "0": {"cam_K": [711.1112738715278, 0.0, 255.5, 0.0, 711.1112738715278, 255.5, 0.0, 0.0, 1.0], "cam_R_w2c": [0.6853341460227966, 0.7282288074493408, 3.765835288049857e-08, 0.6914966702461243, -0.6507657766342163, -0.313586562871933, -0.22836272418498993, 0.21491160988807678, -0.9495598077774048], "cam_t_w2c": [457.0851135253906, -1406357.0, -4258571.5], "depth_scale": 1.0},
  "1": {"cam_K": [711.1112738715278, 0.0, 255.5, 0.0, 711.1112738715278, 255.5, 0.0, 0.0, 1.0], "cam_R_w2c": [0.859939694404602, 0.5103956460952759, -1.0947862705279476e-07, 0.218414306640625, -0.3679954409599304, -0.9038112163543701, -0.461301326751709, 0.7772231101989746, -0.42793160676956177], "cam_t_w2c": [505.403564453125, -4053983.0, -1918632.75], "depth_scale": 1.0}
}