{
  "0": {"cam_K": [711.1112738715278, 0.0, 255.5, 0.0, 711.1112738715278, 255.5, 0.0, 0.0, 1.0], "cam_R_w2c": [-0.5160465836524963, -0.803672194480896, -0.2963224947452545, -0.34711992740631104, 0.5124793648719788, -0.7854124307632446, 0.7830732464790344, -0.30244994163513184, -0.5434338450431824], "cam_t_w2c": [32.46581268310547, -6.0000762939453125, 948.5337524414062], "depth_scale": 1.0},
  "1": {"cam_K": [711.1112738715278, 0.0, 255.5, 0.0, 711.1112738715278, 255.5, 0.0, 0.0, 1.0], "cam_R_w2c": [-0.5160465836524963, -0.803672194480896, -0.2963224947452545, -0.34711992740631104, 0.5124793648719788, -0.7854124307632446, 0.7830732464790344, -0.30244994163513184, -0.5434338450431824], "cam_t_w2c": [32.46581268310547, -6.0000762939453125, 948.5337524414062], "depth_scale": 1.0},
  "2": {"cam_K": [711.1112738715278, 0.0, 255.5, 0.0, 711.1112738715278, 255.5, 0.0, 0.0, 1.0], "cam_R_w2c": [-0.5160465836524963, -0.803672194480896, -0.2963224947452545, -0.34711992740631104, 0.5124793648719788, -0.7854124307632446, 0.7830732464790344, -0.30244994163513184, -0.5434338450431824], "cam_t_w2c": [32.46581268310547, -6.0000762939453125, 948.5337524414062], "depth_scale": 1.0},
  "3": {"cam_K": [711.1112738715278, 0.0, 255.5, 0.0, 711.1112738715278, 255.5, 0.0, 0.0, 1.0], "cam_R_w2c": [-0.5160465836524963, -0.803672194480896, -0.2963224947452545, -0.34711992740631104, 0.5124793648719788, -0.7854124307632446, 0.7830732464790344, -0.30244994163513184, -0.5434338450431824], "cam_t_w2c": [32.46581268310547, -6.0000762939453125, 948.5337524414062], "depth_scale": 1.0},
  "4": {"cam_K": [711.1112738715278, 0.0, 255.5, 0.0, 711.1112738715278, 255.5, 0.0, 0.0, 1.0], "cam_R_w2c": [-0.5160465836524963, -0.803672194480896, -0.2963224947452545, -0.34711992740631104, 0.5124793648719788, -0.7854124307632446, 0.7830732464790344, -0.30244994163513184, -0.5434338450431824], "cam_t_w2c": [32.46581268310547, -6.0000762939453125, 948.5337524414062], "depth_scale": 1.0}
}