{
  "0": {"cam_K": [2346.1825408935547, 0.0, 956.150695733726, 0.0, 2351.0241982895623, 613.6550906152873, 0.0, 0.0, 1.0], "cam_R_w2c": [-0.9831900000572205, -0.18258510529994965, -3.118983826766453e-08, -0.07793230563402176, 0.4196525514125824, -0.9043330550193787, 0.1651177555322647, -0.8891312479972839, -0.42682743072509766], "cam_t_w2c": [-114.7061538696289, 435.12493896484375, 2682.70556640625], "depth_scale": 1.0}
}