{
  "0": {"cam_K": [2346.1825408935547, 0.0, 956.150695733726, 0.0, 2351.0241982895623, 613.6550906152873, 0.0, 0.0, 1.0], "cam_R_w2c": [0.48029765486717224, -0.8771055936813354, -3.8364937893220485e-09, -0.48647013306617737, -0.2663881480693817, -0.8320963382720947, 0.7298362851142883, 0.39965394139289856, -0.5546312928199768], "cam_t_w2c": [-3.530280590057373, 4.1969122886657715, 950.5364379882812], "depth_scale": 1.0},
  "1": {"cam_K": [2346.1825408935547, 0.0, 956.150695733726, 0.0, 2351.0241982895623, 613.6550906152873, 0.0, 0.0, 1.0], "cam_R_w2c": [-0.7158568501472473, -0.6982471942901611, -1.1338029537455441e-07, -0.3214156925678253, 0.3295218050479889, -0.8877541422843933, 0.6198718547821045, -0.6355047225952148, -0.46031808853149414], "cam_t_w2c": [-42.776634216308594, 23.194971084594727, 873.1055908203125], "depth_scale": 1.0}
}