{
  "0": {"cam_K": [2346.1825408935547, 0.0, 956.150695733726, 0.0, 2351.0241982895623, 613.6550906152873, 0.0, 0.0, 1.0], "cam_R_w2c": [0.9213646650314331, 0.3886992931365967, -8.453178423906138e-08, 0.16516350209712982, -0.3915003538131714, -0.9052339792251587, -0.3518638014793396, 0.8340505957603455, -0.42491352558135986], "cam_t_w2c": [30.42354393005371, 85.61192321777344, 1129.09375], "depth_scale": 1.0}
}