{
  "0": {"cam_K": [711.1112738715278, 0.0, 255.5, 0.0, 711.1112738715278, 255.5, 0.0, 0.0, 1.0], "cam_R_w2c": [-0.15415357053279877, -0.9880232214927673, 0.006858467124402523, -0.9287793636322021, 0.14253510534763336, -0.34212973713874817, 0.3370545208454132, -0.05911048874258995, -0.9396278858184814], "cam_t_w2c": [-127.47167205810547, 16.170581817626953, 180.2100830078125], "depth_scale": 1.0},
  "1": {"cam_K": [711.1112738715278, 0.0, 255.5, 0.0, 711.1112738715278, 255.5, 0.0, 0.0, 1.0], "cam_R_w2c": [-0.0528559647500515, -0.7978619933128357, 0.600518524646759, -0.5520570278167725, -0.47776269912719727, -0.6833563446998596, 0.8321294188499451, -0.3676399290561676, -0.4152127504348755], "cam_t_w2c": [-109.59798431396484, -59.42503356933594, 140.63768005371094], "depth_scale": 1.0}
}