{
  "0": {"cam_K": [711.1112738715278, 0.0, 255.5, 0.0, 711.1112738715278, 255.5, 0.0, 0.0, 1.0], "cam_R_w2c": [-0.9691317677497864, -0.246543288230896, 1.3829396294795515e-08, -0.1857168972492218, 0.7300305962562561, -0.6576964259147644, 0.16215062141418457, -0.6373944878578186, -0.7532830834388733], "cam_t_w2c": [-310.7485046386719, 300.2711181640625, 1084.914306640625], "depth_scale": 1.0},
  "1": {"cam_K": [711.1112738715278, 0.0, 255.5, 0.0, 711.1112738715278, 255.5, 0.0, 0.0, 1.0], "cam_R_w2c": [0.3151189982891083, -0.9490521550178528, -1.1329846927310427e-07, -0.36621788144111633, -0.12159724533557892, -0.9225500822067261, 0.8755481243133545, 0.2907131016254425, -0.38587749004364014], "cam_t_w2c": [-199.9357147216797, 60.14289474487305, 1112.84375], "depth_scale": 1.0}
}