{
  "0": {"cam_K": [711.1112738715278, 0.0, 255.5, 0.0, 711.1112738715278, 255.5, 0.0, 0.0, 1.0], "cam_R_w2c": [-0.6575377583503723, -0.7534217238426208, -2.0467680883484718e-09, -0.5282376408576965, 0.4610115587711334, -0.7130451798439026, 0.5372236967086792, -0.46885406970977783, -0.7011182308197021], "cam_t_w2c": [-0.24188007414340973, -3198441.25, -3143413.5], "depth_scale": 1.0},
  "1": {"cam_K": [711.1112738715278, 0.0, 255.5, 0.0, 711.1112738715278, 255.5, 0.0, 0.0, 1.0], "cam_R_w2c": [0.4524698555469513, 0.8917797207832336, -5.006839387533546e-09, 0.48755350708961487, -0.24737422168254852, -0.8373157382011414, -0.746701180934906, 0.37886014580726624, -0.5467197299003601], "cam_t_w2c": [-89.59549713134766, -3755374.0, -2451643.25], "depth_scale": 1.0}
}