{
  "0": {"cam_K": [711.1112738715278, 0.0, 255.5, 0.0, 711.1112738715278, 255.5, 0.0, 0.0, 1.0], "cam_R_w2c": [-0.9100662469863892, 0.41446298360824585, -9.89945831975092e-08, 0.07872207462787628, 0.1728554666042328, -0.9817962646484375, -0.40691816806793213, -0.8934995532035828, -0.18993735313415527], "cam_t_w2c": [-338.31671142578125, -4403975.0, -851415.875], "depth_scale": 1.0},
  "1": {"cam_K": [711.1112738715278, 0.0, 255.5, 0.0, 711.1112738715278, 255.5, 0.0, 0.0, 1.0], "cam_R_w2c": [-0.5554920434951782, 0.8315219879150391, -1.5406429909603503e-08, 0.8260493278503418, 0.5518359541893005, -0.11454098671674728, -0.09524333477020264, -0.06362660974264145, -0.9934186339378357], "cam_t_w2c": [-216.02830505371094, -513500.375, -4455239.5], "depth_scale": 1.0}
}