{
  "0": {"cam_K": [2346.1825408935547, 0.0, 956.150695733726, 0.0, 2351.0241982895623, 613.6550906152873, 0.0, 0.0, 1.0], "cam_R_w2c": [-0.47360652685165405, -0.8807365894317627, -1.39690840228468e-07, -0.3826277256011963, 0.20575402677059174, -0.9007004499435425, 0.7932798266410828, -0.42657753825187683, -0.4344406723976135], "cam_t_w2c": [-66.62848663330078, 411.6102600097656, 3585.260498046875], "depth_scale": 1.0}
}