{
  "0": {"cam_K": [2346.1825408935547, 0.0, 956.150695733726, 0.0, 2351.0241982895623, 613.6550906152873, 0.0, 0.0, 1.0], "cam_R_w2c": [0.601911187171936, 0.7985631227493286, 1.4192683295277675e-07, 0.34750816226005554, -0.26193174719810486, -0.9003499746322632, -0.7189861536026001, 0.5419307947158813, -0.4351668655872345], "cam_t_w2c": [218.3177490234375, 139.258056640625, 964.808837890625], "depth_scale": 1.0}
}