{
  "0": {"cam_K": [711.1112738715278, 0.0, 255.5, 0.0, 711.1112738715278, 255.5, 0.0, 0.0, 1.0], "cam_R_w2c": [-0.9989007115364075, -0.04687704145908356, 6.146720910038539e-09, -0.03912314400076866, 0.8336731791496277, -0.5508705973625183, 0.025823179632425308, -0.5502650141716003, -0.8345907330513], "cam_t_w2c": [-406.2886962890625, -2470984.75, -3742996.5], "depth_scale": 1.0},
  "1": {"cam_K": [711.1112738715278, 0.0, 255.5, 0.0, 711.1112738715278, 255.5, 0.0, 0.0, 1.0], "cam_R_w2c": [0.5168532729148865, 0.8560740351676941, -6.91904986638292e-08, 0.7398331761360168, -0.44667312502861023, -0.5031203031539917, -0.43070822954177856, 0.2600393295288086, -0.8642163872718811], "cam_t_w2c": [300.1359558105469, -2256615.0, -3876023.0], "depth_scale": 1.0}
}