{
  "0": [{"cam_R_m2c": [0.03919020667672157, -0.9908942580223083, -0.1288120150566101, -0.22790899872779846, 0.11664918810129166, -0.9666696786880493, 0.9728932976722717, 0.06724129617214203, -0.2212621420621872], "cam_t_m2c": [185.27627563476562, 522.5509033203125, 919.2365112304688], "obj_id": 0}, {"cam_R_m2c": [0.6305174827575684, -0.7599035501480103, 0.15809577703475952, -0.4884245693683624, -0.2301470935344696, 0.841708779335022, -0.603232204914093, -0.6079300045967102, -0.5162672996520996], "cam_t_m2c": [68.08872985839844, 333.0431213378906, 737.2417602539062], "obj_id": 2}],
  "1": [{"cam_R_m2c": [-0.08528347313404083, 0.991116464138031, 0.1020527333021164, 0.9951932430267334, 0.0797877237200737, 0.05678178742527962, 0.04813481867313385, 0.10640475153923035, -0.9931569695472717], "cam_t_m2c": [-163.06533813476562, -223.59117126464844, 1380.1556396484375], "obj_id": 0}, {"cam_R_m2c": [-0.6239290237426758, 0.7741006016731262, -0.10714737325906754, -0.4765423536300659, -0.485541433095932, -0.7329096794128418, -0.6193704009056091, -0.40622347593307495, 0.6718353629112244], "cam_t_m2c": [-45.85807800292969, -341.25885009765625, 1145.2523193359375], "obj_id": 2}]
}