{
  "0": {"cam_K": [711.1112738715278, 0.0, 255.5, 0.0, 711.1112738715278, 255.5, 0.0, 0.0, 1.0], "cam_R_w2c": [0.1200934648513794, 0.9927626252174377, 9.567948211497423e-08, 0.6782195568084717, -0.08204353600740433, -0.730265200138092, -0.7249799370765686, 0.08770017325878143, -0.6831639409065247], "cam_t_w2c": [156.99444580078125, -3275271.5, -3063586.25], "depth_scale": 1.0},
  "1": {"cam_K": [711.1112738715278, 0.0, 255.5, 0.0, 711.1112738715278, 255.5, 0.0, 0.0, 1.0], "cam_R_w2c": [-0.06702925264835358, -0.9977511167526245, 1.181379118975201e-07, -0.887152373790741, 0.05959894135594368, -0.4576120674610138, 0.4565829038619995, -0.030673447996377945, -0.8891521692276001], "cam_t_w2c": [-134.3354949951172, -2052956.5, -3987141.5], "depth_scale": 1.0}
}