{
  "0": {"cam_K": [711.1112738715278, 0.0, 255.5, 0.0, 711.1112738715278, 255.5, 0.0, 0.0, 1.0], "cam_R_w2c": [0.09364141523838043, -0.9095320105552673, 0.40494802594184875, -0.3480113744735718, -0.4109801948070526, -0.8426051735877991, 0.9328019618988037, -0.062023743987083435, -0.35501226782798767], "cam_t_w2c": [-175.48037719726562, -63.704505920410156, 195.99656677246094], "depth_scale": 1.0}
}