{
  "0": [{"cam_R_m2c": [0.34402042627334595, -0.1867106854915619, -0.9202114343643188, 0.9375391602516174, 0.12223846465349197, 0.3256962299346924, 0.0516742542386055, -0.9747804403305054, 0.2171011120080948], "cam_t_m2c": [-633.64208984375, -1706.9736328125, 891.423583984375], "obj_id": 3}]
}