{
  "0": {"cam_K": [2346.1825408935547, 0.0, 956.150695733726, 0.0, 2351.0241982895623, 613.6550906152873, 0.0, 0.0, 1.0], "cam_R_w2c": [-0.5326843857765198, -0.846314013004303, -6.844425826102452e-08, -0.6412700414657593, 0.4036262333393097, -0.6525784730911255, 0.5522863268852234, -0.3476182818412781, -0.7577212452888489], "cam_t_w2c": [-645.04296875, -1684.5350341796875, 938.0858764648438], "depth_scale": 1.0}
}