{
  "0": {"cam_K": [711.1112738715278, 0.0, 255.5, 0.0, 711.1112738715278, 255.5, 0.0, 0.0, 1.0], "cam_R_w2c": [-0.42285990715026855, 0.9058170914649963, -0.02617269940674305, 0.8891252279281616, 0.4091418981552124, -0.2050837129354477, -0.175059974193573, -0.10999247431755066, -0.9783945083618164], "cam_t_w2c": [118.88490295410156, -78.5941162109375, 902.7745971679688], "depth_scale": 1.0},
  "1": {"cam_K": [711.1112738715278, 0.0, 255.5, 0.0, 711.1112738715278, 255.5, 0.0, 0.0, 1.0], "cam_R_w2c": [-0.42285990715026855, 0.9058170914649963, -0.02617269940674305, 0.8891252279281616, 0.4091418981552124, -0.2050837129354477, -0.175059974193573, -0.10999247431755066, -0.9783945083618164], "cam_t_w2c": [118.88490295410156, -78.5941162109375, 902.7745971679688], "depth_scale": 1.0},
  "2": {"cam_K": [711.1112738715278, 0.0, 255.5, 0.0, 711.1112738715278, 255.5, 0.0, 0.0, 1.0], "cam_R_w2c": [-0.42285990715026855, 0.9058170914649963, -0.02617269940674305, 0.8891252279281616, 0.4091418981552124, -0.2050837129354477, -0.175059974193573, -0.10999247431755066, -0.9783945083618164], "cam_t_w2c": [118.88490295410156, -78.5941162109375, 902.7745971679688], "depth_scale": 1.0},
  "3": {"cam_K": [711.1112738715278, 0.0, 255.5, 0.0, 711.1112738715278, 255.5, 0.0, 0.0, 1.0], "cam_R_w2c": [-0.42285990715026855, 0.9058170914649963, -0.02617269940674305, 0.8891252279281616, 0.4091418981552124, -0.2050837129354477, -0.175059974193573, -0.10999247431755066, -0.9783945083618164], "cam_t_w2c": [118.88490295410156, -78.5941162109375, 902.7745971679688], "depth_scale": 1.0},
  "4": {"cam_K": [711.1112738715278, 0.0, 255.5, 0.0, 711.1112738715278, 255.5, 0.0, 0.0, 1.0], "cam_R_w2c": [-0.42285990715026855, 0.9058170914649963, -0.02617269940674305, 0.8891252279281616, 0.4091418981552124, -0.2050837129354477, -0.175059974193573, -0.10999247431755066, -0.9783945083618164], "cam_t_w2c": [118.88490295410156, -78.5941162109375, 902.7745971679688], "depth_scale": 1.0},
  "5": {"cam_K": [711.1112738715278, 0.0, 255.5, 0.0, 711.1112738715278, 255.5, 0.0, 0.0, 1.0], "cam_R_w2c": [-0.42285990715026855, 0.9058170914649963, -0.02617269940674305, 0.8891252279281616, 0.4091418981552124, -0.2050837129354477, -0.175059974193573, -0.10999247431755066, -0.9783945083618164], "cam_t_w2c": [118.88490295410156, -78.5941162109375, 902.7745971679688], "depth_scale": 1.0},
  "6": {"cam_K": [711.1112738715278, 0.0, 255.5, 0.0, 711.1112738715278, 255.5, 0.0, 0.0, 1.0], "cam_R_w2c": [-0.42285990715026855, 0.9058170914649963, -0.02617269940674305, 0.8891252279281616, 0.4091418981552124, -0.2050837129354477, -0.175059974193573, -0.10999247431755066, -0.9783945083618164], "cam_t_w2c": [118.88490295410156, -78.5941162109375, 902.7745971679688], "depth_scale": 1.0},
  "7": {"cam_K": [711.1112738715278, 0.0, 255.5, 0.0, 711.1112738715278, 255.5, 0.0, 0.0, 1.0], "cam_R_w2c": [-0.42285990715026855, 0.9058170914649963, -0.02617269940674305, 0.8891252279281616, 0.4091418981552124, -0.2050837129354477, -0.175059974193573, -0.10999247431755066, -0.9783945083618164], "cam_t_w2c": [118.88490295410156, -78.5941162109375, 902.7745971679688], "depth_scale": 1.0},
  "8": {"cam_K": [711.1112738715278, 0.0, 255.5, 0.0, 711.1112738715278, 255.5, 0.0, 0.0, 1.0], "cam_R_w2c": [-0.42285990715026855, 0.9058170914649963, -0.02617269940674305, 0.8891252279281616, 0.4091418981552124, -0.2050837129354477, -0.175059974193573, -0.10999247431755066, -0.9783945083618164], "cam_t_w2c": [118.88490295410156, -78.5941162109375, 902.7745971679688], "depth_scale": 1.0},
  "9": {"cam_K": [711.1112738715278, 0.0, 255.5, 0.0, 711.1112738715278, 255.5, 0.0, 0.0, 1.0], "cam_R_w2c": [-0.42285990715026855, 0.9058170914649963, -0.02617269940674305, 0.8891252279281616, 0.4091418981552124, -0.2050837129354477, -0.175059974193573, -0.10999247431755066, -0.9783945083618164], "cam_t_w2c": [118.88490295410156, -78.5941162109375, 902.7745971679688], "depth_scale": 1.0}
}