{
  "0": {"cam_K": [711.1112738715278, 0.0, 255.5, 0.0, 711.1112738715278, 255.5, 0.0, 0.0, 1.0], "cam_R_w2c": [0.6203998327255249, -0.7842856645584106, -1.0425058150076438e-08, -0.4710388481616974, -0.37260958552360535, -0.7995526194572449, 0.6270776987075806, 0.49604231119155884, -0.6005959510803223], "cam_t_w2c": [71.44575500488281, -3586263.75, -2693447.5], "depth_scale": 1.0},
  "1": {"cam_K": [711.1112738715278, 0.0, 255.5, 0.0, 711.1112738715278, 255.5, 0.0, 0.0, 1.0], "cam_R_w2c": [0.9797285795211792, 0.20032942295074463, 2.9392777989301067e-08, 0.1471967101097107, -0.7198783159255981, -0.6783128380775452, -0.13588599860668182, 0.6645625233650208, -0.7347732186317444], "cam_t_w2c": [-329.16845703125, -3042487.75, -3295249.5], "depth_scale": 1.0}
}