{
  "0": {"cam_K": [2346.1825408935547, 0.0, 956.150695733726, 0.0, 2351.0241982895623, 613.6550906152873, 0.0, 0.0, 1.0], "cam_R_w2c": [-0.37493860721588135, 0.9249623417854309, 0.06217474117875099, 0.7606099843978882, 0.3452729880809784, -0.5497809052467346, -0.5299938917160034, -0.15884335339069366, -0.8329917788505554], "cam_t_w2c": [331.56097412109375, -272.71490478515625, 1351.4610595703125], "depth_scale": 1.0},
  "1": {"cam_K": [2346.1825408935547, 0.0, 956.150695733726, 0.0, 2351.0241982895623, 613.6550906152873, 0.0, 0.0, 1.0], "cam_R_w2c": [-0.37493860721588135, 0.9249623417854309, 0.06217474117875099, 0.7606099843978882, 0.3452729880809784, -0.5497809052467346, -0.5299938917160034, -0.15884335339069366, -0.8329917788505554], "cam_t_w2c": [331.56097412109375, -272.71490478515625, 1351.4610595703125], "depth_scale": 1.0},
  "2": {"cam_K": [2346.1825408935547, 0.0, 956.150695733726, 0.0, 2351.0241982895623, 613.6550906152873, 0.0, 0.0, 1.0], "cam_R_w2c": [-0.37493860721588135, 0.9249623417854309, 0.06217474117875099, 0.7606099843978882, 0.3452729880809784, -0.5497809052467346, -0.5299938917160034, -0.15884335339069366, -0.8329917788505554], "cam_t_w2c": [331.56097412109375, -272.71490478515625, 1351.4610595703125], "depth_scale": 1.0},
  "3": {"cam_K": [2346.1825408935547, 0.0, 956.150695733726, 0.0, 2351.0241982895623, 613.6550906152873, 0.0, 0.0, 1.0], "cam_R_w2c": [-0.37493860721588135, 0.9249623417854309, 0.06217474117875099, 0.7606099843978882, 0.3452729880809784, -0.5497809052467346, -0.5299938917160034, -0.15884335339069366, -0.8329917788505554], "cam_t_w2c": [331.56097412109375, -272.71490478515625, 1351.4610595703125], "depth_scale": 1.0},
  "4": {"cam_K": [2346.1825408935547, 0.0, 956.150695733726, 0.0, 2351.0241982895623, 613.6550906152873, 0.0, 0.0, 1.0], "cam_R_w2c": [-0.37493860721588135, 0.9249623417854309, 0.06217474117875099, 0.7606099843978882, 0.3452729880809784, -0.5497809052467346, -0.5299938917160034, -0.15884335339069366, -0.8329917788505554], "cam_t_w2c": [331.56097412109375, -272.71490478515625, 1351.4610595703125], "depth_scale": 1.0},
  "5": {"cam_K": [2346.1825408935547, 0.0, 956.150695733726, 0.0, 2351.0241982895623, 613.6550906152873, 0.0, 0.0, 1.0], "cam_R_w2c": [0.6983056664466858, -0.7157997488975525, 5.8966932670045935e-08, -0.36526983976364136, -0.3563428521156311, -0.8599988222122192, 0.6155868768692017, 0.6005420088768005, -0.5102962851524353], "cam_t_w2c": [-73.23541259765625, -8.489277839660645, 470.46685791015625], "depth_scale": 1.0},
  "6": {"cam_K": [2346.1825408935547, 0.0, 956.150695733726, 0.0, 2351.0241982895623, 613.6550906152873, 0.0, 0.0, 1.0], "cam_R_w2c": [0.9119753837585449, -0.4102449417114258, -1.292165734412265e-07, -0.2156379222869873, -0.4793633222579956, -0.8507121205329895, 0.3490002751350403, 0.7758285403251648, -0.5256319046020508], "cam_t_w2c": [-109.3614273071289, 34.0175666809082, 641.1273193359375], "depth_scale": 1.0},
  "7": {"cam_K": [2346.1825408935547, 0.0, 956.150695733726, 0.0, 2351.0241982895623, 613.6550906152873, 0.0, 0.0, 1.0], "cam_R_w2c": [0.9945620894432068, 0.10414556413888931, 3.5300513623326424e-09, 0.05866130441427231, -0.5601996779441833, -0.8262779712677002, -0.08605318516492844, 0.8217847347259521, -0.5632626414299011], "cam_t_w2c": [12.98365592956543, -8.615067481994629, 830.5479736328125], "depth_scale": 1.0}
}