{
  "0": {"cam_K": [711.1112738715278, 0.0, 255.5, 0.0, 711.1112738715278, 255.5, 0.0, 0.0, 1.0], "cam_R_w2c": [0.4329093098640442, -0.9014374613761902, 1.687323987198397e-07, -0.5263473987579346, -0.2527749240398407, -0.8118270635604858, 0.7318114042282104, 0.3514474034309387, -0.5838978886604309], "cam_t_w2c": [198.24456787109375, -3641655.5, -2618781.75], "depth_scale": 1.0},
  "1": {"cam_K": [711.1112738715278, 0.0, 255.5, 0.0, 711.1112738715278, 255.5, 0.0, 0.0, 1.0], "cam_R_w2c": [-0.6836783289909363, -0.7297835350036621, 5.7259050834090885e-09, -0.7269091606140137, 0.6809855699539185, -0.08866627514362335, 0.0647071823477745, -0.06061921641230583, -0.996061384677887], "cam_t_w2c": [278.44927978515625, -397852.4375, -4467294.0], "depth_scale": 1.0}
}