{
  "0": {"cam_K": [711.1112738715278, 0.0, 255.5, 0.0, 711.1112738715278, 255.5, 0.0, 0.0, 1.0], "cam_R_w2c": [-0.1660296618938446, -0.8692626357078552, -0.4656358063220978, -0.46505823731422424, 0.48540300130844116, -0.7403410077095032, 0.8695717453956604, 0.09362922608852386, -0.48484906554222107], "cam_t_w2c": [-107.98694610595703, 68.49297332763672, 204.82598876953125], "depth_scale": 1.0},
  "1": {"cam_K": [711.1112738715278, 0.0, 255.5, 0.0, 711.1112738715278, 255.5, 0.0, 0.0, 1.0], "cam_R_w2c": [-0.630768358707428, -0.7071104645729065, -0.31957146525382996, -0.17364980280399323, 0.5300191044807434, -0.8300153017044067, 0.7562915086746216, -0.468053936958313, -0.45710885524749756], "cam_t_w2c": [-96.13259887695312, 79.70088958740234, 129.57701110839844], "depth_scale": 1.0}
}