{
  "0": {"cam_K": [711.1112738715278, 0.0, 255.5, 0.0, 711.1112738715278, 255.5, 0.0, 0.0, 1.0], "cam_R_w2c": [0.23829850554466248, -0.9711920022964478, -6.005745234460846e-08, -0.30744487047195435, -0.07543687522411346, -0.9485710859298706, 0.9212445616722107, 0.22604313492774963, -0.31656453013420105], "cam_t_w2c": [273.279541015625, 587.0692138671875, 1289.085693359375], "depth_scale": 1.0},
  "1": {"cam_K": [711.1112738715278, 0.0, 255.5, 0.0, 711.1112738715278, 255.5, 0.0, 0.0, 1.0], "cam_R_w2c": [-0.2448829710483551, -0.969552755355835, 8.959218433801652e-08, -0.5340576171875, 0.1348883956670761, -0.834618330001831, 0.8092064261436462, -0.2043837606906891, -0.5508289933204651], "cam_t_w2c": [228.90403747558594, 440.4310607910156, 1489.379638671875], "depth_scale": 1.0}
}