{
  "0": [{"cam_R_m2c": [-0.40778306126594543, 0.07334066927433014, -0.9101285934448242, -0.8522053956985474, -0.38842564821243286, 0.350530207157135, -0.3278091847896576, 0.918556809425354, 0.22089475393295288], "cam_t_m2c": [-407.74591064453125, 119.45465087890625, 934.2846069335938], "obj_id": 0}, {"cam_R_m2c": [0.9693078994750977, -0.24581493437290192, 0.004143157973885536, 0.05511920154094696, 0.2008632868528366, -0.9780673384666443, 0.23959136009216309, 0.9482768177986145, 0.20824749767780304], "cam_t_m2c": [-313.00384521484375, 374.335205078125, 1090.4083251953125], "obj_id": 2}],
  "1": [{"cam_R_m2c": [-0.41315388679504395, 0.04511338844895363, -0.9095430374145508, -0.8805378079414368, -0.27455151081085205, 0.38636070489883423, -0.23228640854358673, 0.9605134725570679, 0.153156116604805], "cam_t_m2c": [-410.423828125, 147.58975219726562, 1121.73974609375], "obj_id": 0}, {"cam_R_m2c": [0.9640161991119385, -0.2653454840183258, -0.01626569591462612, 0.07157160341739655, 0.3179766535758972, -0.9453932046890259, 0.2560279369354248, 0.9102101922035217, 0.32552582025527954], "cam_t_m2c": [-315.4649353027344, 418.38873291015625, 1248.2762451171875], "obj_id": 2}]
}