{
  "0": {"cam_K": [711.1112738715278, 0.0, 255.5, 0.0, 711.1112738715278, 255.5, 0.0, 0.0, 1.0], "cam_R_w2c": [-0.9951319098472595, 0.09855260699987411, 1.0190047916580625e-08, 0.05400288105010986, 0.5452924370765686, -0.8365045785903931, -0.08243970572948456, -0.8324323296546936, -0.547960102558136], "cam_t_w2c": [-488.8015441894531, -3752088.0, -2456778.75], "depth_scale": 1.0},
  "1": {"cam_K": [711.1112738715278, 0.0, 255.5, 0.0, 711.1112738715278, 255.5, 0.0, 0.0, 1.0], "cam_R_w2c": [-0.9918888807296753, 0.12710869312286377, -1.7625303883050947e-08, 0.0561985969543457, 0.4385438561439514, -0.8969509601593018, -0.11401025950908661, -0.8896756172180176, -0.4421301484107971], "cam_t_w2c": [-496.5627746582031, -4023170.25, -1981886.5], "depth_scale": 1.0}
}