{
  "0": [{"cam_R_m2c": [0.6901779174804688, -0.07679423689842224, 0.7195534110069275, -0.13110357522964478, 0.9646282196044922, 0.2287011295557022, -0.7116644978523254, -0.2521804869174957, 0.6556971073150635], "cam_t_m2c": [320.4354248046875, 205.27955627441406, 1341.1688232421875], "obj_id": 0}, {"cam_R_m2c": [-0.25410494208335876, -0.6612684726715088, -0.7058006525039673, 0.3081425428390503, 0.6363738775253296, -0.7071608304977417, 0.9167762398719788, -0.39718031883239746, 0.042059220373630524], "cam_t_m2c": [333.8774108886719, 203.57568359375, 1499.1455078125], "obj_id": 0}],
  "1": [{"cam_R_m2c": [0.5478379130363464, -0.17584843933582306, 0.8178942203521729, 0.5576087832450867, 0.8055770993232727, -0.2002945989370346, -0.623655378818512, 0.5657939910888672, 0.5393803119659424], "cam_t_m2c": [354.88427734375, -6.928156852722168, 1391.0552978515625], "obj_id": 0}, {"cam_R_m2c": [-0.09093416482210159, -0.7585117816925049, -0.6452835202217102, -0.5130908489227295, 0.5910294651985168, -0.6224322319030762, 0.8535037636756897, 0.2744887173175812, -0.4429302215576172], "cam_t_m2c": [398.2532958984375, -120.85900115966797, 1492.251953125], "obj_id": 0}]
}