{
  "0": {"cam_K": [711.1112738715278, 0.0, 255.5, 0.0, 711.1112738715278, 255.5, 0.0, 0.0, 1.0], "cam_R_w2c": [-0.9701960682868958, -0.24232089519500732, -5.709288330990603e-08, -0.0664529949426651, 0.26606249809265137, -0.9616624712944031, 0.23303093016147614, -0.9330012202262878, -0.27423569560050964], "cam_t_w2c": [226.47836303710938, -4313356.0, -1228586.625], "depth_scale": 1.0},
  "1": {"cam_K": [711.1112738715278, 0.0, 255.5, 0.0, 711.1112738715278, 255.5, 0.0, 0.0, 1.0], "cam_R_w2c": [-0.902849018573761, -0.4299580156803131, -1.0136532324622749e-07, -0.3876883387565613, 0.8140888810157776, -0.4323853552341461, 0.18590761721134186, -0.39037859439849854, -0.9016890525817871], "cam_t_w2c": [293.63482666015625, -1939618.625, -4043042.5], "depth_scale": 1.0}
}