{
  "0": {"cam_K": [711.1112738715278, 0.0, 255.5, 0.0, 711.1112738715278, 255.5, 0.0, 0.0, 1.0], "cam_R_w2c": [0.784482479095459, 0.4166666269302368, 0.45932140946388245, 0.6106626391410828, -0.3899468183517456, -0.6892260313034058, -0.10806654393672943, 0.8211761713027954, -0.56034916639328], "cam_t_w2c": [19.270286560058594, -17.705522537231445, 416.1596374511719], "depth_scale": 1.0},
  "1": {"cam_K": [711.1112738715278, 0.0, 255.5, 0.0, 711.1112738715278, 255.5, 0.0, 0.0, 1.0], "cam_R_w2c": [0.784482479095459, 0.4166666269302368, 0.45932140946388245, 0.6106626391410828, -0.3899468183517456, -0.6892260313034058, -0.10806654393672943, 0.8211761713027954, -0.56034916639328], "cam_t_w2c": [19.270286560058594, -17.705522537231445, 416.1596374511719], "depth_scale": 1.0},
  "2": {"cam_K": [711.1112738715278, 0.0, 255.5, 0.0, 711.1112738715278, 255.5, 0.0, 0.0, 1.0], "cam_R_w2c": [0.784482479095459, 0.4166666269302368, 0.45932140946388245, 0.6106626391410828, -0.3899468183517456, -0.6892260313034058, -0.10806654393672943, 0.8211761713027954, -0.56034916639328], "cam_t_w2c": [19.270286560058594, -17.705522537231445, 416.1596374511719], "depth_scale": 1.0}
}