{
  "0": {"cam_K": [711.1112738715278, 0.0, 255.5, 0.0, 711.1112738715278, 255.5, 0.0, 0.0, 1.0], "cam_R_w2c": [0.46407994627952576, -0.8844043016433716, 0.049587078392505646, -0.2896019220352173, -0.2043927162885666, -0.9350691437721252, 0.8371143937110901, 0.41958633065223694, -0.350979745388031], "cam_t_w2c": [-148.92291259765625, 42.431602478027344, 501.6961669921875], "depth_scale": 1.0},
  "1": {"cam_K": [711.1112738715278, 0.0, 255.5, 0.0, 711.1112738715278, 255.5, 0.0, 0.0, 1.0], "cam_R_w2c": [0.46407994627952576, -0.8844043016433716, 0.049587078392505646, -0.2896019220352173, -0.2043927162885666, -0.9350691437721252, 0.8371143937110901, 0.41958633065223694, -0.350979745388031], "cam_t_w2c": [-148.92291259765625, 42.431602478027344, 501.6961669921875], "depth_scale": 1.0},
  "2": {"cam_K": [711.1112738715278, 0.0, 255.5, 0.0, 711.1112738715278, 255.5, 0.0, 0.0, 1.0], "cam_R_w2c": [-0.6235029101371765, -0.7801072001457214, 0.051742348819971085, -0.21924029290676117, 0.11093439161777496, -0.9693438410758972, 0.7504519820213318, -0.6157325506210327, -0.2401989996433258], "cam_t_w2c": [48.562469482421875, 53.27888488769531, 658.1615600585938], "depth_scale": 1.0},
  "3": {"cam_K": [711.1112738715278, 0.0, 255.5, 0.0, 711.1112738715278, 255.5, 0.0, 0.0, 1.0], "cam_R_w2c": [-0.6235029101371765, -0.7801072001457214, 0.051742348819971085, -0.21924029290676117, 0.11093439161777496, -0.9693438410758972, 0.7504519820213318, -0.6157325506210327, -0.2401989996433258], "cam_t_w2c": [48.562469482421875, 53.27888488769531, 658.1615600585938], "depth_scale": 1.0},
  "4": {"cam_K": [711.1112738715278, 0.0, 255.5, 0.0, 711.1112738715278, 255.5, 0.0, 0.0, 1.0], "cam_R_w2c": [0.8549562096595764, 0.4958190321922302, -0.15235929191112518, 0.15776939690113068, -0.528390645980835, -0.8342135548591614, -0.4941241443157196, 0.6891784071922302, -0.529975950717926], "cam_t_w2c": [-109.42937469482422, -63.02446746826172, 904.57958984375], "depth_scale": 1.0}
}