{
  "0": {"cam_K": [711.1112738715278, 0.0, 255.5, 0.0, 711.1112738715278, 255.5, 0.0, 0.0, 1.0], "cam_R_w2c": [0.9912033677101135, 0.13234776258468628, -1.2529541848493864e-08, 0.10488148033618927, -0.7854979038238525, -0.6099123954772949, -0.08072055131196976, 0.6045472025871277, -0.7924689650535583], "cam_t_w2c": [2040.386962890625, -2735413.5, -3552154.75], "depth_scale": 1.0},
  "1": {"cam_K": [711.1112738715278, 0.0, 255.5, 0.0, 711.1112738715278, 255.5, 0.0, 0.0, 1.0], "cam_R_w2c": [-0.16331253945827484, 0.9865744113922119, -1.562866458471035e-08, 0.52421635389328, 0.08677607774734497, -0.8471524119377136, -0.8357788324356079, -0.13835059106349945, -0.5313500761985779], "cam_t_w2c": [686.3366088867188, -3797495.0, -2383381.0], "depth_scale": 1.0}
}