{
  "0": {"cam_K": [711.1112738715278, 0.0, 255.5, 0.0, 711.1112738715278, 255.5, 0.0, 0.0, 1.0], "cam_R_w2c": [0.9930779337882996, 0.1174570620059967, -8.024098718806272e-09, 0.11087214946746826, -0.937403678894043, -0.3301236629486084, -0.03877536579966545, 0.3278385400772095, -0.9439376592636108], "cam_t_w2c": [317.9322814941406, -1480815.25, -4233198.0], "depth_scale": 1.0},
  "1": {"cam_K": [711.1112738715278, 0.0, 255.5, 0.0, 711.1112738715278, 255.5, 0.0, 0.0, 1.0], "cam_R_w2c": [-0.8697364330291748, -0.49351635575294495, -2.139211829899068e-08, -0.44069212675094604, 0.7766430377960205, -0.4501289427280426, 0.22214601933956146, -0.3914935886859894, -0.8929635286331177], "cam_t_w2c": [-299.00201416015625, -2019193.5, -4004698.75], "depth_scale": 1.0}
}