{
  "0": {"cam_K": [711.1112738715278, 0.0, 255.5, 0.0, 711.1112738715278, 255.5, 0.0, 0.0, 1.0], "cam_R_w2c": [0.7964337468147278, 0.6047258377075195, 9.209269791199404e-09, 0.3933179974555969, -0.5180062651634216, -0.7595858573913574, -0.4593411386013031, 0.6049597859382629, -0.6504071950912476], "cam_t_w2c": [-37.94552230834961, -3407230.75, -2916077.25], "depth_scale": 1.0},
  "1": {"cam_K": [711.1112738715278, 0.0, 255.5, 0.0, 711.1112738715278, 255.5, 0.0, 0.0, 1.0], "cam_R_w2c": [-0.9991517066955566, -0.0411803238093853, -2.2633058094356784e-08, -0.03988785296678543, 0.9677929282188416, -0.248567596077919, 0.010236116126179695, -0.24835674464702606, -0.9686145186424255], "cam_t_w2c": [275.875, -1114575.25, -4343488.5], "depth_scale": 1.0}
}