{
  "0": {"cam_K": [711.1112738715278, 0.0, 255.5, 0.0, 711.1112738715278, 255.5, 0.0, 0.0, 1.0], "cam_R_w2c": [0.5697415471076965, 0.8218238949775696, -9.549393098495784e-08, 0.19000819325447083, -0.13172605633735657, -0.9729054570198059, -0.7995570302009583, 0.5543046593666077, -0.23120306432247162], "cam_t_w2c": [1094.9322509765625, -4360628.0, -1040474.375], "depth_scale": 1.0},
  "1": {"cam_K": [711.1112738715278, 0.0, 255.5, 0.0, 711.1112738715278, 255.5, 0.0, 0.0, 1.0], "cam_R_w2c": [0.9666942358016968, 0.2559339702129364, -6.59476668829484e-08, 0.057835131883621216, -0.21845076978206635, -0.9741327166557312, -0.24931366741657257, 0.9416884779930115, -0.2259770929813385], "cam_t_w2c": [4165.66455078125, -4366594.0, -1015224.375], "depth_scale": 1.0}
}