{
  "0": [{"cam_R_m2c": [-0.10024614632129669, 0.21106386184692383, -0.972318172454834, 0.6734514236450195, 0.7337514162063599, 0.08984450995922089, 0.7324027419090271, -0.6458024978637695, -0.21569699048995972], "cam_t_m2c": [-409.7166442871094, 82.60900115966797, 822.2183227539062], "obj_id": 2}, {"cam_R_m2c": [-0.6576864123344421, 0.7387596368789673, 0.14725013077259064, 0.7250500917434692, 0.6738398671150208, -0.1422749012708664, -0.2043299674987793, 0.013191448524594307, -0.978813111782074], "cam_t_m2c": [-3566.046630859375, 12983.9765625, 11520.8544921875], "obj_id": 2}],
  "1": [{"cam_R_m2c": [-0.0821739211678505, -0.1734791249036789, -0.9814032316207886, 0.46656641364097595, 0.8634627461433411, -0.19169731438159943, 0.8806605935096741, -0.47364234924316406, 0.009985423646867275], "cam_t_m2c": [-423.6227722167969, -40.33577346801758, 933.196044921875], "obj_id": 2}, {"cam_R_m2c": [-0.8591195344924927, 0.5049846768379211, -0.08308964967727661, 0.49868038296699524, 0.8625224828720093, 0.0858650878071785, 0.11502724885940552, 0.03233320266008377, -0.9928358197212219], "cam_t_m2c": [-4020.208251953125, 9081.4619140625, 14887.5810546875], "obj_id": 2}]
}