{
  "0": {"cam_K": [711.1112738715278, 0.0, 255.5, 0.0, 711.1112738715278, 255.5, 0.0, 0.0, 1.0], "cam_R_w2c": [0.8989064693450928, 0.4381406009197235, -1.8141017577022467e-09, 0.3139982223510742, -0.6442112326622009, -0.6974219083786011, -0.3055688142776489, 0.6269170641899109, -0.7166610360145569], "cam_t_w2c": [-3568.344482421875, -3115248.5, -3203283.75], "depth_scale": 1.0},
  "1": {"cam_K": [711.1112738715278, 0.0, 255.5, 0.0, 711.1112738715278, 255.5, 0.0, 0.0, 1.0], "cam_R_w2c": [0.6667003035545349, 0.7453259229660034, -3.47464776950801e-08, 0.6348599791526794, -0.5678877234458923, -0.52388596534729, -0.39046579599380493, 0.3492749035358429, -0.8517885804176331], "cam_t_w2c": [-4095.467041015625, -2340721.25, -3806006.75], "depth_scale": 1.0}
}