{
  "0": {"cam_K": [711.1112738715278, 0.0, 255.5, 0.0, 711.1112738715278, 255.5, 0.0, 0.0, 1.0], "cam_R_w2c": [-0.5790366530418396, 0.6226211786270142, -0.5263647437095642, 0.6966909766197205, 0.04252070188522339, -0.7161102294921875, -0.42348387837409973, -0.7813674211502075, -0.45839574933052063], "cam_t_w2c": [-118.29435729980469, 62.58372116088867, 258.9694519042969], "depth_scale": 1.0},
  "1": {"cam_K": [711.1112738715278, 0.0, 255.5, 0.0, 711.1112738715278, 255.5, 0.0, 0.0, 1.0], "cam_R_w2c": [0.11024168133735657, -0.9877231121063232, 0.11067923158407211, -0.7444175481796265, -0.15584024786949158, -0.6492737531661987, 0.6585509181022644, -0.010814514942467213, -0.7524585127830505], "cam_t_w2c": [139.52354431152344, -27.722444534301758, 244.16299438476562], "depth_scale": 1.0}
}