{
  "0": {"cam_K": [711.1112738715278, 0.0, 255.5, 0.0, 711.1112738715278, 255.5, 0.0, 0.0, 1.0], "cam_R_w2c": [-0.3612617552280426, -0.9324643611907959, 2.2651853726074478e-07, -0.8794727325439453, 0.3407314121723175, -0.33230966329574585, 0.30986684560775757, -0.12005099654197693, -0.9431701898574829], "cam_t_w2c": [-80.48369598388672, 220.7298126220703, 1472.138427734375], "depth_scale": 1.0},
  "1": {"cam_K": [711.1112738715278, 0.0, 255.5, 0.0, 711.1112738715278, 255.5, 0.0, 0.0, 1.0], "cam_R_w2c": [-0.17848263680934906, -0.9839431643486023, 1.2203838650748366e-07, -0.5540070533752441, 0.10049401223659515, -0.8264244198799133, 0.8131545782089233, -0.1475023776292801, -0.5630479454994202], "cam_t_w2c": [-93.80609893798828, 400.2640075683594, 1283.189697265625], "depth_scale": 1.0}
}