{
  "0": {"cam_K": [2346.1825408935547, 0.0, 956.150695733726, 0.0, 2351.0241982895623, 613.6550906152873, 0.0, 0.0, 1.0], "cam_R_w2c": [-0.6617752313613892, 0.7497022151947021, -1.801887776764488e-07, 0.32764026522636414, 0.289213627576828, -0.8994483351707458, -0.6743183732032776, -0.5952327251434326, -0.4370270073413849], "cam_t_w2c": [-238.0757293701172, 447.845947265625, 3409.330078125], "depth_scale": 1.0}
}