{
  "0": {"cam_K": [2346.1825408935547, 0.0, 956.150695733726, 0.0, 2351.0241982895623, 613.6550906152873, 0.0, 0.0, 1.0], "cam_R_w2c": [0.9310573935508728, -0.3648728132247925, 4.478366122384614e-09, -0.34655970335006714, -0.8843274712562561, -0.31282839179039, 0.11414255946874619, 0.2912611663341522, -0.9498098492622375], "cam_t_w2c": [-25.695602416992188, -186.472412109375, 3330.0322265625], "depth_scale": 1.0}
}