{
  "0": {"cam_K": [711.1112738715278, 0.0, 255.5, 0.0, 711.1112738715278, 255.5, 0.0, 0.0, 1.0], "cam_R_w2c": [-0.878079354763031, 0.47851523756980896, -7.388095468741085e-09, 0.24571262300014496, 0.4508845806121826, -0.8580958247184753, -0.41061192750930786, -0.7534761428833008, -0.5134897232055664], "cam_t_w2c": [123.35253143310547, 175.5157928466797, 892.115966796875], "depth_scale": 1.0},
  "1": {"cam_K": [711.1112738715278, 0.0, 255.5, 0.0, 711.1112738715278, 255.5, 0.0, 0.0, 1.0], "cam_R_w2c": [0.2146756649017334, 0.9766853451728821, 5.733533114948841e-08, 0.20038346946239471, -0.04404418542981148, -0.9787269234657288, -0.9559082984924316, 0.21010881662368774, -0.2051667720079422], "cam_t_w2c": [120.49198150634766, 128.50875854492188, 1050.26220703125], "depth_scale": 1.0}
}