{
  "0": {"cam_K": [2346.1825408935547, 0.0, 956.150695733726, 0.0, 2351.0241982895623, 613.6550906152873, 0.0, 0.0, 1.0], "cam_R_w2c": [0.965084433555603, 0.2619389295578003, 5.168697470026018e-09, 0.11191894114017487, -0.4123527705669403, -0.9041236042976379, -0.2368251383304596, 0.8725556135177612, -0.42727118730545044], "cam_t_w2c": [376.37890625, 109.1230697631836, 1063.2730712890625], "depth_scale": 1.0}
}