{
  "0": [{"cam_R_m2c": [0.1826656609773636, 0.36718934774398804, -0.9120336771011353, -0.7975817322731018, -0.48707371950149536, -0.35584115982055664, -0.5748885273933411, 0.792421281337738, 0.20389169454574585], "cam_t_m2c": [235.1350860595703, 140.6940460205078, 687.7860107421875], "obj_id": 3}, {"cam_R_m2c": [0.21563735604286194, 0.5433103442192078, -0.8113657832145691, 0.8239277005195618, 0.34470701217651367, 0.4498002529144287, 0.5240646600723267, -0.7655004858970642, -0.37331676483154297], "cam_t_m2c": [308.6961975097656, 32.766544342041016, 1023.7672119140625], "obj_id": 3}, {"cam_R_m2c": [-0.7908281087875366, -0.385806679725647, -0.47512516379356384, 0.40131235122680664, -0.9129959940910339, 0.07339299470186234, -0.4621029198169708, -0.13263235986232758, 0.8768520355224609], "cam_t_m2c": [9.685754776000977e-05, 0.00014156103134155273, 1052.634521484375], "obj_id": 1}, {"cam_R_m2c": [0.10616534948348999, -0.34604713320732117, 0.9321911334991455, -0.9537203311920166, -0.3006801903247833, -0.0030009120237082243, 0.28132984042167664, -0.888731062412262, -0.36195406317710876], "cam_t_m2c": [164.4341583251953, 46.89020538330078, 1045.072998046875], "obj_id": 3}]
}