{
  "0": {"cam_K": [711.1112738715278, 0.0, 255.5, 0.0, 711.1112738715278, 255.5, 0.0, 0.0, 1.0], "cam_R_w2c": [-0.562241792678833, -0.8199977874755859, -0.10718178749084473, -0.627063512802124, 0.5072287917137146, -0.5911939740180969, 0.539143443107605, -0.2651841342449188, -0.7993758916854858], "cam_t_w2c": [57.727325439453125, -28.360301971435547, 900.4918823242188], "depth_scale": 1.0},
  "1": {"cam_K": [711.1112738715278, 0.0, 255.5, 0.0, 711.1112738715278, 255.5, 0.0, 0.0, 1.0], "cam_R_w2c": [-0.5885171890258789, -0.7855464220046997, -0.19121800363063812, -0.5993298292160034, 0.5826321244239807, -0.5489476919174194, 0.5426336526870728, -0.20846249163150787, -0.8136904239654541], "cam_t_w2c": [71.31597137451172, -29.94080352783203, 831.1688842773438], "depth_scale": 1.0},
  "2": {"cam_K": [711.1112738715278, 0.0, 255.5, 0.0, 711.1112738715278, 255.5, 0.0, 0.0, 1.0], "cam_R_w2c": [-0.5885171890258789, -0.7855464220046997, -0.19121800363063812, -0.5993298292160034, 0.5826321244239807, -0.5489476919174194, 0.5426336526870728, -0.20846249163150787, -0.8136904239654541], "cam_t_w2c": [71.31597137451172, -29.94080352783203, 831.1688842773438], "depth_scale": 1.0}
}