{
  "0": {"cam_K": [711.1112738715278, 0.0, 255.5, 0.0, 711.1112738715278, 255.5, 0.0, 0.0, 1.0], "cam_R_w2c": [-0.9970441460609436, 0.027088839560747147, -0.07189636677503586, 0.03460234776139259, 0.9938268661499023, -0.10540802776813507, 0.06859716027975082, -0.10758423805236816, -0.991826593875885], "cam_t_w2c": [-325.4535217285156, -311.8293151855469, 668.9151611328125], "depth_scale": 1.0},
  "1": {"cam_K": [711.1112738715278, 0.0, 255.5, 0.0, 711.1112738715278, 255.5, 0.0, 0.0, 1.0], "cam_R_w2c": [-0.9970441460609436, 0.027088839560747147, -0.07189636677503586, 0.03460234776139259, 0.9938268661499023, -0.10540802776813507, 0.06859716027975082, -0.10758423805236816, -0.991826593875885], "cam_t_w2c": [-325.4535217285156, -311.8293151855469, 668.9151611328125], "depth_scale": 1.0},
  "2": {"cam_K": [711.1112738715278, 0.0, 255.5, 0.0, 711.1112738715278, 255.5, 0.0, 0.0, 1.0], "cam_R_w2c": [-0.9970441460609436, 0.027088839560747147, -0.07189636677503586, 0.03460234776139259, 0.9938268661499023, -0.10540802776813507, 0.06859716027975082, -0.10758423805236816, -0.991826593875885], "cam_t_w2c": [-325.4535217285156, -311.8293151855469, 668.9151611328125], "depth_scale": 1.0},
  "3": {"cam_K": [711.1112738715278, 0.0, 255.5, 0.0, 711.1112738715278, 255.5, 0.0, 0.0, 1.0], "cam_R_w2c": [-0.10138370096683502, 0.9009959697723389, -0.4218147397041321, 0.23514096438884735, -0.390283465385437, -0.8901615738868713, -0.9666592478752136, -0.18943378329277039, -0.17229267954826355], "cam_t_w2c": [322.7182922363281, -173.4988250732422, 1332.4979248046875], "depth_scale": 1.0},
  "4": {"cam_K": [711.1112738715278, 0.0, 255.5, 0.0, 711.1112738715278, 255.5, 0.0, 0.0, 1.0], "cam_R_w2c": [-0.10138370096683502, 0.9009959697723389, -0.4218147397041321, 0.23514096438884735, -0.390283465385437, -0.8901615738868713, -0.9666592478752136, -0.18943378329277039, -0.17229267954826355], "cam_t_w2c": [322.7182922363281, -173.4988250732422, 1332.4979248046875], "depth_scale": 1.0}
}