{
  "0": {"cam_K": [711.1112738715278, 0.0, 255.5, 0.0, 711.1112738715278, 255.5, 0.0, 0.0, 1.0], "cam_R_w2c": [0.9418480396270752, 0.3224640190601349, -0.09454774111509323, -0.014277830719947815, -0.24270407855510712, -0.9699953198432922, -0.3357357084751129, 0.9149381518363953, -0.22398626804351807], "cam_t_w2c": [125.11695861816406, 112.2868423461914, 613.2313232421875], "depth_scale": 1.0},
  "1": {"cam_K": [711.1112738715278, 0.0, 255.5, 0.0, 711.1112738715278, 255.5, 0.0, 0.0, 1.0], "cam_R_w2c": [-0.40604162216186523, 0.8910750150680542, 0.2027696967124939, 0.5042996406555176, 0.4035242199897766, -0.7634462118148804, -0.7621103525161743, -0.20773424208164215, -0.6132164597511292], "cam_t_w2c": [66.3775405883789, 221.21348571777344, 671.4351806640625], "depth_scale": 1.0},
  "2": {"cam_K": [711.1112738715278, 0.0, 255.5, 0.0, 711.1112738715278, 255.5, 0.0, 0.0, 1.0], "cam_R_w2c": [-0.40604162216186523, 0.8910750150680542, 0.2027696967124939, 0.5042996406555176, 0.4035242199897766, -0.7634462118148804, -0.7621103525161743, -0.20773424208164215, -0.6132164597511292], "cam_t_w2c": [66.3775405883789, 221.21348571777344, 671.4351806640625], "depth_scale": 1.0},
  "3": {"cam_K": [711.1112738715278, 0.0, 255.5, 0.0, 711.1112738715278, 255.5, 0.0, 0.0, 1.0], "cam_R_w2c": [-0.8499754071235657, -0.4671954810619354, -0.24345456063747406, -0.017940018326044083, 0.48751938343048096, -0.8729278445243835, 0.5265167355537415, -0.7375996708869934, -0.4227609634399414], "cam_t_w2c": [-37.058467864990234, 336.428955078125, 498.00018310546875], "depth_scale": 1.0},
  "4": {"cam_K": [711.1112738715278, 0.0, 255.5, 0.0, 711.1112738715278, 255.5, 0.0, 0.0, 1.0], "cam_R_w2c": [-0.8499754071235657, -0.4671954810619354, -0.24345456063747406, -0.017940018326044083, 0.48751938343048096, -0.8729278445243835, 0.5265167355537415, -0.7375996708869934, -0.4227609634399414], "cam_t_w2c": [-37.058467864990234, 336.428955078125, 498.00018310546875], "depth_scale": 1.0},
  "5": {"cam_K": [711.1112738715278, 0.0, 255.5, 0.0, 711.1112738715278, 255.5, 0.0, 0.0, 1.0], "cam_R_w2c": [0.8148729801177979, -0.5706172585487366, -0.10187216848134995, -0.4147622883319855, -0.45123568177223206, -0.7901635766029358, 0.4049126207828522, 0.6861356496810913, -0.6043702960014343], "cam_t_w2c": [-83.72004699707031, 115.18856811523438, 859.3071899414062], "depth_scale": 1.0},
  "6": {"cam_K": [711.1112738715278, 0.0, 255.5, 0.0, 711.1112738715278, 255.5, 0.0, 0.0, 1.0], "cam_R_w2c": [0.8148729801177979, -0.5706172585487366, -0.10187216848134995, -0.4147622883319855, -0.45123568177223206, -0.7901635766029358, 0.4049126207828522, 0.6861356496810913, -0.6043702960014343], "cam_t_w2c": [-83.72004699707031, 115.18856811523438, 859.3071899414062], "depth_scale": 1.0},
  "7": {"cam_K": [711.1112738715278, 0.0, 255.5, 0.0, 711.1112738715278, 255.5, 0.0, 0.0, 1.0], "cam_R_w2c": [0.37497377395629883, -0.858786940574646, -0.349112868309021, -0.6983932256698608, -0.014045736752450466, -0.7155765295028687, 0.6096242070198059, 0.5121405124664307, -0.6050377488136292], "cam_t_w2c": [-68.35848999023438, 74.00696563720703, 809.6595458984375], "depth_scale": 1.0},
  "8": {"cam_K": [711.1112738715278, 0.0, 255.5, 0.0, 711.1112738715278, 255.5, 0.0, 0.0, 1.0], "cam_R_w2c": [0.37497377395629883, -0.858786940574646, -0.349112868309021, -0.6983932256698608, -0.014045736752450466, -0.7155765295028687, 0.6096242070198059, 0.5121405124664307, -0.6050377488136292], "cam_t_w2c": [-68.35848999023438, 74.00696563720703, 809.6595458984375], "depth_scale": 1.0},
  "9": {"cam_K": [711.1112738715278, 0.0, 255.5, 0.0, 711.1112738715278, 255.5, 0.0, 0.0, 1.0], "cam_R_w2c": [0.9364997148513794, -0.2252751737833023, 0.2687366008758545, 0.0974796935915947, -0.5689097046852112, -0.8166024088859558, 0.33684709668159485, 0.7909442782402039, -0.5108240246772766], "cam_t_w2c": [42.81461715698242, -76.0184097290039, 657.815673828125], "depth_scale": 1.0}
}