{
  "0": {"cam_K": [711.1112738715278, 0.0, 255.5, 0.0, 711.1112738715278, 255.5, 0.0, 0.0, 1.0], "cam_R_w2c": [0.541195809841156, 0.8408966064453125, 9.901061304162795e-08, 0.8351777195930481, -0.5375151634216309, -0.11642878502607346, -0.0979045182466507, 0.06301085650920868, -0.9931989908218384], "cam_t_w2c": [-13689.1728515625, -502722.84375, -4339240.0], "depth_scale": 1.0},
  "1": {"cam_K": [711.1112738715278, 0.0, 255.5, 0.0, 711.1112738715278, 255.5, 0.0, 0.0, 1.0], "cam_R_w2c": [-0.9616051912307739, 0.27443695068359375, -1.7842285870983687e-08, 0.267996221780777, 0.9390372633934021, -0.2153765857219696, -0.05910727381706238, -0.20710723102092743, -0.9765311479568481], "cam_t_w2c": [-1804.8328857421875, -955541.375, -4262502.0], "depth_scale": 1.0}
}