{
  "0": [{"cam_R_m2c": [-0.8184199333190918, -0.19004833698272705, -0.5422825217247009, 0.5529919862747192, -0.0040116277523338795, -0.8331769108772278, 0.15616844594478607, -0.9817665219306946, 0.10837844014167786], "cam_t_m2c": [-267.4119567871094, -380.660400390625, 974.6611328125], "obj_id": 0}],
  "1": [{"cam_R_m2c": [-0.27123478055000305, -0.050546374171972275, 0.961185097694397, -0.8678857684135437, -0.4189489185810089, -0.26693832874298096, 0.41618022322654724, -0.9066018462181091, 0.06976502388715744], "cam_t_m2c": [433.41082763671875, -165.72433471679688, 976.403564453125], "obj_id": 0}]
}