{
  "0": [{"cam_R_m2c": [-0.8350435495376587, -0.2989729642868042, -0.4618629813194275, -0.5140849351882935, 0.12492641806602478, 0.84859299659729, -0.19600747525691986, 0.9460489153862, -0.2580164968967438], "cam_t_m2c": [-233.7158660888672, 344.9034118652344, 1000.5153198242188], "obj_id": 2}, {"cam_R_m2c": [0.6674183011054993, -0.3551528751850128, -0.6545373797416687, 0.40495115518569946, -0.5645411014556885, 0.7192410826683044, -0.6249538660049438, -0.7450903654098511, -0.23296546936035156], "cam_t_m2c": [984.1893920898438, 8948.9619140625, 5712.1064453125], "obj_id": 0}],
  "1": [{"cam_R_m2c": [0.5008838772773743, 0.8164498209953308, -0.2872716784477234, -0.7562131881713867, 0.5742741823196411, 0.3136093318462372, 0.4210189878940582, 0.06015676259994507, 0.9050548076629639], "cam_t_m2c": [-81.0429458618164, 122.03107452392578, 1196.0611572265625], "obj_id": 2}, {"cam_R_m2c": [-0.9828847646713257, -0.1440604031085968, -0.11482277512550354, 0.12284500896930695, -0.9770113825798035, 0.17423518002033234, -0.1372835487127304, 0.15714769065380096, 0.9779866337776184], "cam_t_m2c": [-635.614990234375, 9634.4892578125, 3826.4833984375], "obj_id": 0}]
}