{
  "0": {"cam_K": [711.1112738715278, 0.0, 255.5, 0.0, 711.1112738715278, 255.5, 0.0, 0.0, 1.0], "cam_R_w2c": [-0.3078596591949463, 0.9514318704605103, -1.436069965166098e-07, 0.4478723704814911, 0.14492014050483704, -0.8822746872901917, -0.8394241333007812, -0.27161678671836853, -0.4707351326942444], "cam_t_w2c": [955.3244018554688, -3948720.75, -2105939.25], "depth_scale": 1.0},
  "1": {"cam_K": [711.1112738715278, 0.0, 255.5, 0.0, 711.1112738715278, 255.5, 0.0, 0.0, 1.0], "cam_R_w2c": [-0.6439386606216431, -0.7650771737098694, 2.5798625458151037e-08, -0.28407061100006104, 0.23909220099449158, -0.928514301776886, 0.7103850841522217, -0.597906231880188, -0.3712967038154602], "cam_t_w2c": [-656.6868286132812, -4155493.25, -1661685.125], "depth_scale": 1.0}
}