{
  "0": {"cam_K": [711.1112738715278, 0.0, 255.5, 0.0, 711.1112738715278, 255.5, 0.0, 0.0, 1.0], "cam_R_w2c": [-0.7948398590087891, -0.6068190932273865, -3.524152525358204e-09, -0.542351245880127, 0.710396945476532, -0.4485434591770172, 0.2721847593784332, -0.35652026534080505, -0.8937609195709229], "cam_t_w2c": [94.51449584960938, -2012026.875, -4008104.0], "depth_scale": 1.0},
  "1": {"cam_K": [711.1112738715278, 0.0, 255.5, 0.0, 711.1112738715278, 255.5, 0.0, 0.0, 1.0], "cam_R_w2c": [0.96096271276474, 0.27667784690856934, -4.14657570502186e-08, 0.16512350738048553, -0.5735102295875549, -0.802384078502655, -0.22200191020965576, 0.7710611820220947, -0.5968079566955566], "cam_t_w2c": [-83.59246826171875, -3599199.75, -2676389.0], "depth_scale": 1.0}
}