{
  "0": {"cam_K": [711.1112738715278, 0.0, 255.5, 0.0, 711.1112738715278, 255.5, 0.0, 0.0, 1.0], "cam_R_w2c": [0.284135639667511, -0.9587841629981995, -2.498177664733703e-08, -0.5376376509666443, -0.15932899713516235, -0.8279856443405151, 0.7938594818115234, 0.23526029288768768, -0.5607495307922363], "cam_t_w2c": [526.4549560546875, -3713918.75, -2514596.5], "depth_scale": 1.0},
  "1": {"cam_K": [711.1112738715278, 0.0, 255.5, 0.0, 711.1112738715278, 255.5, 0.0, 0.0, 1.0], "cam_R_w2c": [0.44360581040382385, 0.8962219953536987, -4.770957957589417e-07, 0.8887232542037964, -0.4398942291736603, -0.12908926606178284, -0.11569284647703171, 0.05726432427763939, -0.9916329979896545], "cam_t_w2c": [-471.349365234375, -578773.1875, -4447350.0], "depth_scale": 1.0}
}