{
  "0": {"cam_K": [711.1112738715278, 0.0, 255.5, 0.0, 711.1112738715278, 255.5, 0.0, 0.0, 1.0], "cam_R_w2c": [-0.912429690361023, 0.22920134663581848, -0.33902645111083984, 0.4016617238521576, 0.6602001190185547, -0.6346681714057922, 0.07835850864648819, -0.7152640223503113, -0.6944475769996643], "cam_t_w2c": [159.0645294189453, -215.47296142578125, 622.3284912109375], "depth_scale": 1.0},
  "1": {"cam_K": [711.1112738715278, 0.0, 255.5, 0.0, 711.1112738715278, 255.5, 0.0, 0.0, 1.0], "cam_R_w2c": [-0.912429690361023, 0.22920134663581848, -0.33902645111083984, 0.4016617238521576, 0.6602001190185547, -0.6346681714057922, 0.07835850864648819, -0.7152640223503113, -0.6944475769996643], "cam_t_w2c": [159.0645294189453, -215.47296142578125, 622.3284912109375], "depth_scale": 1.0},
  "2": {"cam_K": [711.1112738715278, 0.0, 255.5, 0.0, 711.1112738715278, 255.5, 0.0, 0.0, 1.0], "cam_R_w2c": [-0.912429690361023, 0.22920134663581848, -0.33902645111083984, 0.4016617238521576, 0.6602001190185547, -0.6346681714057922, 0.07835850864648819, -0.7152640223503113, -0.6944475769996643], "cam_t_w2c": [159.0645294189453, -215.47296142578125, 622.3284912109375], "depth_scale": 1.0},
  "3": {"cam_K": [711.1112738715278, 0.0, 255.5, 0.0, 711.1112738715278, 255.5, 0.0, 0.0, 1.0], "cam_R_w2c": [-0.912429690361023, 0.22920134663581848, -0.33902645111083984, 0.4016617238521576, 0.6602001190185547, -0.6346681714057922, 0.07835850864648819, -0.7152640223503113, -0.6944475769996643], "cam_t_w2c": [159.0645294189453, -215.47296142578125, 622.3284912109375], "depth_scale": 1.0},
  "4": {"cam_K": [711.1112738715278, 0.0, 255.5, 0.0, 711.1112738715278, 255.5, 0.0, 0.0, 1.0], "cam_R_w2c": [-0.912429690361023, 0.22920134663581848, -0.33902645111083984, 0.4016617238521576, 0.6602001190185547, -0.6346681714057922, 0.07835850864648819, -0.7152640223503113, -0.6944475769996643], "cam_t_w2c": [159.0645294189453, -215.47296142578125, 622.3284912109375], "depth_scale": 1.0},
  "5": {"cam_K": [711.1112738715278, 0.0, 255.5, 0.0, 711.1112738715278, 255.5, 0.0, 0.0, 1.0], "cam_R_w2c": [0.5290114879608154, 0.817285418510437, -0.22845454514026642, 0.7275164127349854, -0.5753716826438904, -0.3737211227416992, -0.4368830621242523, 0.03149833902716637, -0.8989667296409607], "cam_t_w2c": [-205.72056579589844, -218.5196075439453, 502.5615234375], "depth_scale": 1.0},
  "6": {"cam_K": [711.1112738715278, 0.0, 255.5, 0.0, 711.1112738715278, 255.5, 0.0, 0.0, 1.0], "cam_R_w2c": [0.5290114879608154, 0.817285418510437, -0.22845454514026642, 0.7275164127349854, -0.5753716826438904, -0.3737211227416992, -0.4368830621242523, 0.03149833902716637, -0.8989667296409607], "cam_t_w2c": [-205.72056579589844, -218.5196075439453, 502.5615234375], "depth_scale": 1.0},
  "7": {"cam_K": [711.1112738715278, 0.0, 255.5, 0.0, 711.1112738715278, 255.5, 0.0, 0.0, 1.0], "cam_R_w2c": [0.5290114879608154, 0.817285418510437, -0.22845454514026642, 0.7275164127349854, -0.5753716826438904, -0.3737211227416992, -0.4368830621242523, 0.03149833902716637, -0.8989667296409607], "cam_t_w2c": [-205.72056579589844, -218.5196075439453, 502.5615234375], "depth_scale": 1.0},
  "8": {"cam_K": [711.1112738715278, 0.0, 255.5, 0.0, 711.1112738715278, 255.5, 0.0, 0.0, 1.0], "cam_R_w2c": [0.5290114879608154, 0.817285418510437, -0.22845454514026642, 0.7275164127349854, -0.5753716826438904, -0.3737211227416992, -0.4368830621242523, 0.03149833902716637, -0.8989667296409607], "cam_t_w2c": [-205.72056579589844, -218.5196075439453, 502.5615234375], "depth_scale": 1.0},
  "9": {"cam_K": [711.1112738715278, 0.0, 255.5, 0.0, 711.1112738715278, 255.5, 0.0, 0.0, 1.0], "cam_R_w2c": [0.5290114879608154, 0.817285418510437, -0.22845454514026642, 0.7275164127349854, -0.5753716826438904, -0.3737211227416992, -0.4368830621242523, 0.03149833902716637, -0.8989667296409607], "cam_t_w2c": [-205.72056579589844, -218.5196075439453, 502.5615234375], "depth_scale": 1.0},
  "10": {"cam_K": [711.1112738715278, 0.0, 255.5, 0.0, 711.1112738715278, 255.5, 0.0, 0.0, 1.0], "cam_R_w2c": [0.5290114879608154, 0.817285418510437, -0.22845454514026642, 0.7275164127349854, -0.5753716826438904, -0.3737211227416992, -0.4368830621242523, 0.03149833902716637, -0.8989667296409607], "cam_t_w2c": [-205.72056579589844, -218.5196075439453, 502.5615234375], "depth_scale": 1.0},
  "11": {"cam_K": [711.1112738715278, 0.0, 255.5, 0.0, 711.1112738715278, 255.5, 0.0, 0.0, 1.0], "cam_R_w2c": [0.5290114879608154, 0.817285418510437, -0.22845454514026642, 0.7275164127349854, -0.5753716826438904, -0.3737211227416992, -0.4368830621242523, 0.03149833902716637, -0.8989667296409607], "cam_t_w2c": [-205.72056579589844, -218.5196075439453, 502.5615234375], "depth_scale": 1.0},
  "12": {"cam_K": [711.1112738715278, 0.0, 255.5, 0.0, 711.1112738715278, 255.5, 0.0, 0.0, 1.0], "cam_R_w2c": [0.5290114879608154, 0.817285418510437, -0.22845454514026642, 0.7275164127349854, -0.5753716826438904, -0.3737211227416992, -0.4368830621242523, 0.03149833902716637, -0.8989667296409607], "cam_t_w2c": [-205.72056579589844, -218.5196075439453, 502.5615234375], "depth_scale": 1.0},
  "13": {"cam_K": [711.1112738715278, 0.0, 255.5, 0.0, 711.1112738715278, 255.5, 0.0, 0.0, 1.0], "cam_R_w2c": [0.5290114879608154, 0.817285418510437, -0.22845454514026642, 0.7275164127349854, -0.5753716826438904, -0.3737211227416992, -0.4368830621242523, 0.03149833902716637, -0.8989667296409607], "cam_t_w2c": [-205.72056579589844, -218.5196075439453, 502.5615234375], "depth_scale": 1.0},
  "14": {"cam_K": [711.1112738715278, 0.0, 255.5, 0.0, 711.1112738715278, 255.5, 0.0, 0.0, 1.0], "cam_R_w2c": [0.5290114879608154, 0.817285418510437, -0.22845454514026642, 0.7275164127349854, -0.5753716826438904, -0.3737211227416992, -0.4368830621242523, 0.03149833902716637, -0.8989667296409607], "cam_t_w2c": [-205.72056579589844, -218.5196075439453, 502.5615234375], "depth_scale": 1.0}
}