{
  "0": {"cam_K": [711.1112738715278, 0.0, 255.5, 0.0, 711.1112738715278, 255.5, 0.0, 0.0, 1.0], "cam_R_w2c": [-0.06667011231184006, 0.9977750182151794, -4.360074399301084e-07, 0.9967409372329712, 0.06660106778144836, -0.045515868812799454, -0.04541456699371338, -0.0030349844601005316, -0.9989635348320007], "cam_t_w2c": [-89.06094360351562, 121.2275390625, 1123.87548828125], "depth_scale": 1.0},
  "1": {"cam_K": [711.1112738715278, 0.0, 255.5, 0.0, 711.1112738715278, 255.5, 0.0, 0.0, 1.0], "cam_R_w2c": [-0.8455715775489807, 0.5338621735572815, -3.649260236215923e-07, 0.5331080555915833, 0.8443770408630371, -0.05313428118824959, -0.028366073966026306, -0.04492902755737305, -0.998587429523468], "cam_t_w2c": [-142.17604064941406, 5.485156536102295, 1104.356689453125], "depth_scale": 1.0}
}