{
  "0": {"cam_K": [2346.1825408935547, 0.0, 956.150695733726, 0.0, 2351.0241982895623, 613.6550906152873, 0.0, 0.0, 1.0], "cam_R_w2c": [-0.98319011926651, -0.18258512020111084, -3.449191865456669e-08, -0.07793229073286057, 0.41965240240097046, -0.9043331742286682, 0.1651177853345871, -0.8891313672065735, -0.42682743072509766], "cam_t_w2c": [-114.70612335205078, 435.1248474121094, 2682.70556640625], "depth_scale": 1.0}
}