{
  "0": {"cam_K": [453.09803602430554, 0.0, 255.5, 0.0, 453.09803602430554, 255.5, 0.0, 0.0, 1.0], "cam_R_w2c": [0.6345990896224976, 0.694911003112793, 0.33820512890815735, 0.5830021500587463, -0.14317062497138977, -0.799756646156311, -0.5073386430740356, 0.7046991586685181, -0.4959905445575714], "cam_t_w2c": [-134.7112579345703, -90.61457061767578, 607.2041015625], "depth_scale": 1.0},
  "1": {"cam_K": [453.09803602430554, 0.0, 255.5, 0.0, 453.09803602430554, 255.5, 0.0, 0.0, 1.0], "cam_R_w2c": [0.6345990896224976, 0.694911003112793, 0.33820512890815735, 0.5830021500587463, -0.14317062497138977, -0.799756646156311, -0.5073386430740356, 0.7046991586685181, -0.4959905445575714], "cam_t_w2c": [-134.7112579345703, -90.61457061767578, 607.2041015625], "depth_scale": 1.0},
  "2": {"cam_K": [453.09803602430554, 0.0, 255.5, 0.0, 453.09803602430554, 255.5, 0.0, 0.0, 1.0], "cam_R_w2c": [0.6345990896224976, 0.694911003112793, 0.33820512890815735, 0.5830021500587463, -0.14317062497138977, -0.799756646156311, -0.5073386430740356, 0.7046991586685181, -0.4959905445575714], "cam_t_w2c": [-134.7112579345703, -90.61457061767578, 607.2041015625], "depth_scale": 1.0}
}