{
  "0": {"cam_K": [711.1112738715278, 0.0, 255.5, 0.0, 711.1112738715278, 255.5, 0.0, 0.0, 1.0], "cam_R_w2c": [-0.6718831658363342, 0.7406572103500366, -1.6174202244201297e-07, 0.7395480275154114, 0.6708769202232361, -0.05470692738890648, -0.04051896929740906, -0.03675677999854088, -0.9985024929046631], "cam_t_w2c": [435.9764709472656, -245515.203125, -4477687.0], "depth_scale": 1.0},
  "1": {"cam_K": [711.1112738715278, 0.0, 255.5, 0.0, 711.1112738715278, 255.5, 0.0, 0.0, 1.0], "cam_R_w2c": [0.8801143765449524, -0.4747617244720459, -2.7609130981431917e-08, -0.29497501254081726, -0.5468253493309021, -0.7835635542869568, 0.37200596928596497, 0.6896255612373352, -0.6213117241859436], "cam_t_w2c": [-456.61004638671875, -3514582.25, -2785949.0], "depth_scale": 1.0}
}