{
  "0": {"cam_K": [711.1112738715278, 0.0, 255.5, 0.0, 711.1112738715278, 255.5, 0.0, 0.0, 1.0], "cam_R_w2c": [0.9907700419425964, 0.13555355370044708, -2.8576796040624686e-08, 0.13463078439235687, -0.9840255975723267, -0.11648311465978622, -0.015789726749062538, 0.11540797352790833, -0.9931927919387817], "cam_t_w2c": [-200.3580322265625, -143.53700256347656, 930.33544921875], "depth_scale": 1.0},
  "1": {"cam_K": [711.1112738715278, 0.0, 255.5, 0.0, 711.1112738715278, 255.5, 0.0, 0.0, 1.0], "cam_R_w2c": [0.0038081121165305376, -0.9999927878379822, -5.153206572572344e-08, -0.9446666836738586, -0.0035974986385554075, -0.3280121982097626, 0.32800981402397156, 0.0012491714442148805, -0.9446735978126526], "cam_t_w2c": [-134.05123901367188, 256.2835388183594, 997.776611328125], "depth_scale": 1.0}
}