{
  "0": {"cam_K": [711.1112738715278, 0.0, 255.5, 0.0, 711.1112738715278, 255.5, 0.0, 0.0, 1.0], "cam_R_w2c": [0.7513147592544556, 0.6599440574645996, -7.582119110338681e-08, 0.17039278149604797, -0.19398407638072968, -0.9660933613777161, -0.6375675797462463, 0.725840151309967, -0.258192777633667], "cam_t_w2c": [6.82292366027832, -84.10474395751953, 747.681640625], "depth_scale": 1.0},
  "1": {"cam_K": [711.1112738715278, 0.0, 255.5, 0.0, 711.1112738715278, 255.5, 0.0, 0.0, 1.0], "cam_R_w2c": [0.08848024904727936, 0.9960780143737793, -3.066435567689041e-07, 0.46279191970825195, -0.041109565645456314, -0.8855133056640625, -0.88204026222229, 0.07835035771131516, -0.46461427211761475], "cam_t_w2c": [1.2680667638778687, -74.37246704101562, 1024.9444580078125], "depth_scale": 1.0}
}