{
  "0": {"cam_K": [711.1112738715278, 0.0, 255.5, 0.0, 711.1112738715278, 255.5, 0.0, 0.0, 1.0], "cam_R_w2c": [0.53708416223526, -0.6176704168319702, 0.5744770765304565, 0.037335216999053955, -0.662966251373291, -0.7477178573608398, 0.8427020311355591, 0.4230356514453888, -0.3330078721046448], "cam_t_w2c": [58.35902786254883, 41.602352142333984, 244.9689483642578], "depth_scale": 1.0},
  "1": {"cam_K": [711.1112738715278, 0.0, 255.5, 0.0, 711.1112738715278, 255.5, 0.0, 0.0, 1.0], "cam_R_w2c": [0.41095849871635437, -0.9105410575866699, -0.04503519833087921, -0.5155547261238098, -0.19137819111347198, -0.8352112174034119, 0.7518752813339233, 0.3664552569389343, -0.5480822324752808], "cam_t_w2c": [68.52068328857422, -23.650497436523438, 245.51100158691406], "depth_scale": 1.0}
}