{
  "0": {"cam_K": [2346.1825408935547, 0.0, 956.150695733726, 0.0, 2351.0241982895623, 613.6550906152873, 0.0, 0.0, 1.0], "cam_R_w2c": [0.8787320256233215, -0.4773154556751251, 1.116076688845169e-07, -0.20770658552646637, -0.3823855221271515, -0.9003550410270691, 0.42975345253944397, 0.7911707758903503, -0.4351559579372406], "cam_t_w2c": [54570.68359375, 11872.9443359375, -23427.046875], "depth_scale": 1.0}
}