{
  "0": [{"cam_R_m2c": [0.7264434099197388, 0.6669480800628662, 0.16571125388145447, -0.4219314455986023, 0.6231815218925476, -0.6584972739219666, -0.5424516797065735, 0.4084422290325165, 0.7341125011444092], "cam_t_m2c": [5.237582206726074, 15.368420600891113, 991.844482421875], "obj_id": 2}]
}