{
  "0": [{"cam_R_m2c": [-0.05481582507491112, -0.35914146900177, -0.9316719770431519, 0.41197407245635986, 0.8418169021606445, -0.3487429916858673, 0.9095453023910522, -0.4029413163661957, 0.10181208699941635], "cam_t_m2c": [26.00208854675293, 566.6981811523438, 846.0185546875], "obj_id": 2}, {"cam_R_m2c": [-0.17123933136463165, -0.9843112826347351, 0.04252352938055992, -0.22574415802955627, 0.08121214061975479, 0.9707955718040466, -0.9590185284614563, 0.15663903951644897, -0.2361091524362564], "cam_t_m2c": [-15.608508110046387, 406.09271240234375, 753.9505004882812], "obj_id": 2}],
  "1": [{"cam_R_m2c": [0.013256254605948925, -0.5753429532051086, -0.817804753780365, 0.8823162317276001, 0.3915509879589081, -0.26116248965263367, 0.47047021985054016, -0.7181004285812378, 0.5128250122070312], "cam_t_m2c": [-90.59175872802734, 422.1475524902344, 661.1796875], "obj_id": 2}, {"cam_R_m2c": [-0.2760521173477173, -0.9432129859924316, -0.184782013297081, -0.7791411876678467, 0.10703235119581223, 0.6176431179046631, -0.5627913475036621, 0.3144730031490326, -0.7644426226615906], "cam_t_m2c": [-114.51619720458984, 236.87506103515625, 695.3245849609375], "obj_id": 2}]
}