{
  "0": {"cam_K": [711.1112738715278, 0.0, 255.5, 0.0, 711.1112738715278, 255.5, 0.0, 0.0, 1.0], "cam_R_w2c": [0.5944331288337708, -0.8041450381278992, 1.3420697086985456e-07, -0.6189645528793335, -0.45754575729370117, -0.6383845210075378, 0.5133538246154785, 0.3794768750667572, -0.7697176337242126], "cam_t_w2c": [7.346678733825684, -2862873.75, -3451981.0], "depth_scale": 1.0},
  "1": {"cam_K": [711.1112738715278, 0.0, 255.5, 0.0, 711.1112738715278, 255.5, 0.0, 0.0, 1.0], "cam_R_w2c": [0.7776404023170471, -0.6287093162536621, 7.638207932814112e-08, -0.13575902581214905, -0.16791829466819763, -0.9764081835746765, 0.6138769388198853, 0.7592944502830505, -0.21593302488327026], "cam_t_w2c": [-156.6154022216797, -4379391.0, -968120.0], "depth_scale": 1.0}
}