{
  "0": [{"cam_R_m2c": [0.5817939639091492, 0.1673634946346283, 0.7959303855895996, 0.3080209195613861, -0.9510464668273926, -0.0251708272844553, 0.7527542114257812, 0.2598074674606323, -0.6048645377159119], "cam_t_m2c": [-2617.81396484375, 49022.30078125, 25538.28125], "obj_id": 2}, {"cam_R_m2c": [-0.8012804985046387, -0.3860774338245392, -0.4570488929748535, 0.5061314702033997, -0.8447769284248352, -0.1737319380044937, -0.31903037428855896, -0.37053486704826355, 0.8723093271255493], "cam_t_m2c": [-249.0254669189453, -167.98675537109375, 1435.7225341796875], "obj_id": 0}],
  "1": [{"cam_R_m2c": [-0.560837984085083, -0.13791446387767792, -0.8163577914237976, 0.5825708508491516, 0.6348802447319031, -0.5074822306632996, 0.5882785320281982, -0.7602016925811768, -0.27571994066238403], "cam_t_m2c": [2459.5263671875, 1986.173583984375, 55722.17578125], "obj_id": 2}, {"cam_R_m2c": [0.7785264849662781, 0.3902590274810791, 0.49152252078056335, -0.5318421721458435, -0.0055869449861347675, 0.8468250036239624, 0.333227276802063, -0.9206880927085876, 0.20320665836334229], "cam_t_m2c": [265.23345947265625, 385.9388427734375, 960.359130859375], "obj_id": 0}]
}