{
  "0": {"cam_K": [711.1112738715278, 0.0, 255.5, 0.0, 711.1112738715278, 255.5, 0.0, 0.0, 1.0], "cam_R_w2c": [0.8035143613815308, -0.5952854156494141, -1.7423730014343164e-07, -0.30171918869018555, -0.407259464263916, -0.8620356321334839, 0.5131571292877197, 0.6926580667495728, -0.5068478584289551], "cam_t_w2c": [4980.75439453125, -3762684.75, -2206551.75], "depth_scale": 1.0},
  "1": {"cam_K": [711.1112738715278, 0.0, 255.5, 0.0, 711.1112738715278, 255.5, 0.0, 0.0, 1.0], "cam_R_w2c": [-0.7781126499176025, 0.6281245946884155, 1.9928720007555967e-08, 0.6245418787002563, 0.7736745476722717, -0.106654092669487, -0.06699208170175552, -0.08298889547586441, -0.9942960739135742], "cam_t_w2c": [-4808.30078125, -461046.34375, -4337105.5], "depth_scale": 1.0}
}