{
  "0": {"cam_K": [2346.1825408935547, 0.0, 956.150695733726, 0.0, 2351.0241982895623, 613.6550906152873, 0.0, 0.0, 1.0], "cam_R_w2c": [0.28436657786369324, -0.9587156176567078, 6.6246848007267545e-09, -0.42837393283843994, -0.1270608752965927, -0.8946235775947571, 0.857689619064331, 0.2544010579586029, -0.4468206465244293], "cam_t_w2c": [-156.88320922851562, 139.1175994873047, 801.3114624023438], "depth_scale": 1.0},
  "1": {"cam_K": [2346.1825408935547, 0.0, 956.150695733726, 0.0, 2351.0241982895623, 613.6550906152873, 0.0, 0.0, 1.0], "cam_R_w2c": [0.9727632403373718, -0.23180091381072998, 3.333901332780442e-08, -0.10134805738925934, -0.42531195282936096, -0.8993543982505798, 0.2084711790084839, 0.8748588562011719, -0.43722039461135864], "cam_t_w2c": [-119.45964813232422, 68.69779205322266, 904.209716796875], "depth_scale": 1.0}
}