{
  "0": {"cam_K": [711.1112738715278, 0.0, 255.5, 0.0, 711.1112738715278, 255.5, 0.0, 0.0, 1.0], "cam_R_w2c": [0.2582540810108185, 0.9660770297050476, -7.521904876739427e-08, 0.7567620873451233, -0.20229950547218323, -0.6215994954109192, -0.6005130410194397, 0.16053053736686707, -0.7833351492881775], "cam_t_w2c": [158.14854431152344, -2788318.75, -3513074.25], "depth_scale": 1.0},
  "1": {"cam_K": [711.1112738715278, 0.0, 255.5, 0.0, 711.1112738715278, 255.5, 0.0, 0.0, 1.0], "cam_R_w2c": [-0.4281468391418457, 0.9037091732025146, 2.1574305719695985e-07, 0.7496392130851746, 0.3551538288593292, -0.5584861636161804, -0.5047091841697693, -0.2391139268875122, -0.8295138478279114], "cam_t_w2c": [21.060510635375977, -2505136.5, -3720245.5], "depth_scale": 1.0}
}