{
  "0": {"cam_K": [711.1112738715278, 0.0, 255.5, 0.0, 711.1112738715278, 255.5, 0.0, 0.0, 1.0], "cam_R_w2c": [-0.6003580689430237, -0.799731433391571, 8.207000945503751e-08, -0.5813265442848206, 0.4364014267921448, -0.686741054058075, 0.5492083430290222, -0.4122905135154724, -0.7269022464752197], "cam_t_w2c": [-540.1431274414062, -3080341.75, -3259746.25], "depth_scale": 1.0},
  "1": {"cam_K": [711.1112738715278, 0.0, 255.5, 0.0, 711.1112738715278, 255.5, 0.0, 0.0, 1.0], "cam_R_w2c": [0.06048675253987312, 0.9981690645217896, 2.5538879455666574e-08, 0.8551343083381653, -0.051819346845149994, -0.5158103108406067, -0.5148658752441406, 0.031199762597680092, -0.8567030429840088], "cam_t_w2c": [465.1263122558594, -2313417.25, -3841988.0], "depth_scale": 1.0}
}