{
  "0": {"cam_K": [711.1112738715278, 0.0, 255.5, 0.0, 711.1112738715278, 255.5, 0.0, 0.0, 1.0], "cam_R_w2c": [0.13853085041046143, -0.8110593557357788, -0.5683238506317139, -0.33718812465667725, 0.5009451508522034, -0.7970935702323914, 0.931189239025116, 0.30205413699150085, -0.20408323407173157], "cam_t_w2c": [-25.13786506652832, 20.689855575561523, 418.3450927734375], "depth_scale": 1.0},
  "1": {"cam_K": [711.1112738715278, 0.0, 255.5, 0.0, 711.1112738715278, 255.5, 0.0, 0.0, 1.0], "cam_R_w2c": [0.13853085041046143, -0.8110593557357788, -0.5683238506317139, -0.33718812465667725, 0.5009451508522034, -0.7970935702323914, 0.931189239025116, 0.30205413699150085, -0.20408323407173157], "cam_t_w2c": [-25.13786506652832, 20.689855575561523, 418.3450927734375], "depth_scale": 1.0},
  "2": {"cam_K": [711.1112738715278, 0.0, 255.5, 0.0, 711.1112738715278, 255.5, 0.0, 0.0, 1.0], "cam_R_w2c": [0.13853085041046143, -0.8110593557357788, -0.5683238506317139, -0.33718812465667725, 0.5009451508522034, -0.7970935702323914, 0.931189239025116, 0.30205413699150085, -0.20408323407173157], "cam_t_w2c": [-25.13786506652832, 20.689855575561523, 418.3450927734375], "depth_scale": 1.0}
}