{
  "0": [{"cam_R_m2c": [-0.01840938627719879, -0.4515654444694519, -0.8920480012893677, -0.8723597526550293, 0.44318342208862305, -0.20634162425994873, 0.4885176122188568, 0.7743881940841675, -0.4020862281322479], "cam_t_m2c": [-454.4622802734375, -48.60646057128906, 667.135498046875], "obj_id": 0}, {"cam_R_m2c": [0.5055743455886841, 0.6774322986602783, -0.5343032479286194, 0.7480278015136719, -0.6527618765830994, -0.11981678754091263, -0.4299406409263611, -0.33909741044044495, -0.8367577791213989], "cam_t_m2c": [-263.10748291015625, 8241.912109375, 45.522335052490234], "obj_id": 2}],
  "1": [{"cam_R_m2c": [-0.7827666401863098, -0.5655138492584229, 0.2597506642341614, -0.6083378195762634, 0.7833101153373718, -0.1278683990240097, -0.13115397095680237, -0.2581072747707367, -0.9571725130081177], "cam_t_m2c": [59.317481994628906, 23.77764129638672, 612.9791870117188], "obj_id": 0}, {"cam_R_m2c": [0.7000657916069031, 0.0922173410654068, 0.7080987691879272, 0.4057556092739105, -0.8673557639122009, -0.2881947457790375, 0.5875970721244812, 0.489070326089859, -0.6446237564086914], "cam_t_m2c": [3780.387451171875, 7252.15185546875, 2361.4775390625], "obj_id": 2}]
}