{
  "0": {"cam_K": [711.1112738715278, 0.0, 255.5, 0.0, 711.1112738715278, 255.5, 0.0, 0.0, 1.0], "cam_R_w2c": [0.029653577134013176, -0.9995602369308472, 1.3036714108238812e-07, -0.37873855233192444, -0.011236049234867096, -0.9254355430603027, 0.9250285625457764, 0.0274424459785223, -0.3789052367210388], "cam_t_w2c": [-302.75146484375, -4142738.25, -1699555.75], "depth_scale": 1.0},
  "1": {"cam_K": [711.1112738715278, 0.0, 255.5, 0.0, 711.1112738715278, 255.5, 0.0, 0.0, 1.0], "cam_R_w2c": [-0.9977068901062012, -0.06768213957548141, 7.720702654978595e-08, -0.015473386272788048, 0.22809313237667084, -0.9735163450241089, 0.06588964909315109, -0.971284031867981, -0.228617325425148], "cam_t_w2c": [3822.4091796875, -4359399.5, -1023131.875], "depth_scale": 1.0}
}