{
  "0": {"cam_K": [711.1112738715278, 0.0, 255.5, 0.0, 711.1112738715278, 255.5, 0.0, 0.0, 1.0], "cam_R_w2c": [-0.5108693242073059, -0.8516755700111389, -0.11688242107629776, -0.554955005645752, 0.4305681586265564, -0.7117837071418762, 0.6565346121788025, -0.2987639009952545, -0.69260573387146], "cam_t_w2c": [95.01348876953125, 95.33335876464844, 609.4725952148438], "depth_scale": 1.0},
  "1": {"cam_K": [711.1112738715278, 0.0, 255.5, 0.0, 711.1112738715278, 255.5, 0.0, 0.0, 1.0], "cam_R_w2c": [-0.2693854868412018, 0.9284412264823914, -0.2557900547981262, 0.2631891071796417, -0.18452110886573792, -0.9469338059425354, -0.9263709187507629, -0.32241129875183105, -0.1946483701467514], "cam_t_w2c": [321.9571533203125, -143.49459838867188, 892.0215454101562], "depth_scale": 1.0},
  "2": {"cam_K": [711.1112738715278, 0.0, 255.5, 0.0, 711.1112738715278, 255.5, 0.0, 0.0, 1.0], "cam_R_w2c": [-0.2693854868412018, 0.9284412264823914, -0.2557900547981262, 0.2631891071796417, -0.18452110886573792, -0.9469338059425354, -0.9263709187507629, -0.32241129875183105, -0.1946483701467514], "cam_t_w2c": [321.9571533203125, -143.49459838867188, 892.0215454101562], "depth_scale": 1.0},
  "3": {"cam_K": [711.1112738715278, 0.0, 255.5, 0.0, 711.1112738715278, 255.5, 0.0, 0.0, 1.0], "cam_R_w2c": [-0.5782384872436523, -0.7924795746803284, 0.19394998252391815, -0.5658341646194458, 0.21827292442321777, -0.7951029539108276, 0.5877687335014343, -0.569502592086792, -0.5746258497238159], "cam_t_w2c": [65.88762664794922, 276.800048828125, 549.7972412109375], "depth_scale": 1.0},
  "4": {"cam_K": [711.1112738715278, 0.0, 255.5, 0.0, 711.1112738715278, 255.5, 0.0, 0.0, 1.0], "cam_R_w2c": [-0.5782384872436523, -0.7924795746803284, 0.19394998252391815, -0.5658341646194458, 0.21827292442321777, -0.7951029539108276, 0.5877687335014343, -0.569502592086792, -0.5746258497238159], "cam_t_w2c": [65.88762664794922, 276.800048828125, 549.7972412109375], "depth_scale": 1.0},
  "5": {"cam_K": [711.1112738715278, 0.0, 255.5, 0.0, 711.1112738715278, 255.5, 0.0, 0.0, 1.0], "cam_R_w2c": [0.9764686822891235, -0.20627188682556152, -0.06293479353189468, -0.10807613283395767, -0.2155148983001709, -0.9705013632774353, 0.18662376701831818, 0.954465925693512, -0.23273661732673645], "cam_t_w2c": [-443.67974853515625, -5.655496120452881, 1015.6151123046875], "depth_scale": 1.0},
  "6": {"cam_K": [711.1112738715278, 0.0, 255.5, 0.0, 711.1112738715278, 255.5, 0.0, 0.0, 1.0], "cam_R_w2c": [0.9764686822891235, -0.20627188682556152, -0.06293479353189468, -0.10807613283395767, -0.2155148983001709, -0.9705013632774353, 0.18662376701831818, 0.954465925693512, -0.23273661732673645], "cam_t_w2c": [-443.67974853515625, -5.655496120452881, 1015.6151123046875], "depth_scale": 1.0},
  "7": {"cam_K": [711.1112738715278, 0.0, 255.5, 0.0, 711.1112738715278, 255.5, 0.0, 0.0, 1.0], "cam_R_w2c": [-0.5307501554489136, 0.8208716511726379, 0.21088887751102448, 0.05095825716853142, 0.2792859375476837, -0.9588548541069031, -0.8459950089454651, -0.4981658160686493, -0.1900612711906433], "cam_t_w2c": [393.99371337890625, 24.701501846313477, 1037.13134765625], "depth_scale": 1.0},
  "8": {"cam_K": [711.1112738715278, 0.0, 255.5, 0.0, 711.1112738715278, 255.5, 0.0, 0.0, 1.0], "cam_R_w2c": [-0.5307501554489136, 0.8208716511726379, 0.21088887751102448, 0.05095825716853142, 0.2792859375476837, -0.9588548541069031, -0.8459950089454651, -0.4981658160686493, -0.1900612711906433], "cam_t_w2c": [393.99371337890625, 24.701501846313477, 1037.13134765625], "depth_scale": 1.0},
  "9": {"cam_K": [711.1112738715278, 0.0, 255.5, 0.0, 711.1112738715278, 255.5, 0.0, 0.0, 1.0], "cam_R_w2c": [-0.75099778175354, 0.6202016472816467, 0.2266101837158203, 0.25762391090393066, 0.5912047028541565, -0.7642688751220703, -0.6079738140106201, -0.5155840516090393, -0.6037721633911133], "cam_t_w2c": [448.5406188964844, 0.47869986295700073, 966.8565673828125], "depth_scale": 1.0}
}