{
  "0": {"cam_K": [711.1112738715278, 0.0, 255.5, 0.0, 711.1112738715278, 255.5, 0.0, 0.0, 1.0], "cam_R_w2c": [0.6334047913551331, 0.7738205790519714, 1.4972549422509474e-08, 0.5199825763702393, -0.42562761902809143, -0.7405803203582764, -0.5730763077735901, 0.469087153673172, -0.6719678044319153], "cam_t_w2c": [257.7911071777344, -3321806.5, -3013260.75], "depth_scale": 1.0},
  "1": {"cam_K": [711.1112738715278, 0.0, 255.5, 0.0, 711.1112738715278, 255.5, 0.0, 0.0, 1.0], "cam_R_w2c": [-0.9891442060470581, 0.14694824814796448, -5.819927650918544e-08, 0.13160336017608643, 0.8858538866043091, -0.44490835070610046, -0.06537844985723495, -0.4400785267353058, -0.8955761790275574], "cam_t_w2c": [-104.50308227539062, -1995369.75, -4016353.0], "depth_scale": 1.0}
}