{
  "0": {"cam_K": [711.1112738715278, 0.0, 255.5, 0.0, 711.1112738715278, 255.5, 0.0, 0.0, 1.0], "cam_R_w2c": [-0.373841792345047, -0.927492618560791, 9.947624590722626e-08, -0.5931557416915894, 0.23908135294914246, -0.7687695026397705, 0.7130279541015625, -0.2873981297016144, -0.6395261883735657], "cam_t_w2c": [22486.01953125, -3295693.5, -2733178.0], "depth_scale": 1.0},
  "1": {"cam_K": [711.1112738715278, 0.0, 255.5, 0.0, 711.1112738715278, 255.5, 0.0, 0.0, 1.0], "cam_R_w2c": [-0.9344339966773987, 0.3561364412307739, -1.005221008654189e-07, 0.13811951875686646, 0.3623989522457123, -0.9217320680618286, -0.3282623589038849, -0.8612977862358093, -0.3878273367881775], "cam_t_w2c": [-5236.43408203125, -3955857.5, -1639134.625], "depth_scale": 1.0}
}