{
  "0": [{"cam_R_m2c": [-0.30450356006622314, 0.7958483099937439, 0.5233575105667114, -0.806486964225769, 0.07693326473236084, -0.5862252116203308, -0.5068099498748779, -0.6005886793136597, 0.6184148192405701], "cam_t_m2c": [233.3511199951172, -275.0096435546875, 1310.8372802734375], "obj_id": 2}],
  "1": [{"cam_R_m2c": [-0.13191713392734528, 0.5259570479393005, -0.8402184247970581, -0.7530830502510071, -0.6043429970741272, -0.26006796956062317, -0.6445647478103638, 0.5984468460083008, 0.4758125841617584], "cam_t_m2c": [-346.0332946777344, -154.27032470703125, 1017.1735229492188], "obj_id": 2}]
}