{
  "0": {"cam_K": [711.1112738715278, 0.0, 255.5, 0.0, 711.1112738715278, 255.5, 0.0, 0.0, 1.0], "cam_R_w2c": [0.9341038465499878, 0.35700148344039917, -1.4578314555535599e-08, 0.23754744231700897, -0.621549129486084, -0.7464902400970459, -0.2664981484413147, 0.6972994208335876, -0.6653962135314941], "cam_t_w2c": [-483.4274597167969, -3348525.75, -2983554.25], "depth_scale": 1.0},
  "1": {"cam_K": [711.1112738715278, 0.0, 255.5, 0.0, 711.1112738715278, 255.5, 0.0, 0.0, 1.0], "cam_R_w2c": [-0.9849528074264526, 0.17282457649707794, 1.084472032175654e-07, 0.0685492530465126, 0.3906727731227875, -0.9179738163948059, -0.15864846110343933, -0.9041606783866882, -0.3966413736343384], "cam_t_w2c": [536.9302368164062, -4117571.25, -1778056.0], "depth_scale": 1.0}
}