{
  "0": {"cam_K": [711.1112738715278, 0.0, 255.5, 0.0, 711.1112738715278, 255.5, 0.0, 0.0, 1.0], "cam_R_w2c": [0.0042898464016616344, 0.9999908804893494, 1.4887635302329727e-07, 0.4300577640533447, -0.0018449228955432773, -0.9027996063232422, -0.9027913212776184, 0.0038730353116989136, -0.43006184697151184], "cam_t_w2c": [359.32757568359375, -4022542.25, -1938015.125], "depth_scale": 1.0},
  "1": {"cam_K": [711.1112738715278, 0.0, 255.5, 0.0, 711.1112738715278, 255.5, 0.0, 0.0, 1.0], "cam_R_w2c": [0.21421301364898682, -0.9767870306968689, -1.1332722493762049e-07, -0.9638476967811584, -0.21137544512748718, -0.1622285544872284, 0.15846270322799683, 0.03475157916545868, -0.9867532849311829], "cam_t_w2c": [4101.17333984375, -744112.8125, -4402133.0], "depth_scale": 1.0}
}