{
  "0": {"cam_K": [711.1112738715278, 0.0, 255.5, 0.0, 711.1112738715278, 255.5, 0.0, 0.0, 1.0], "cam_R_w2c": [0.0015187808312475681, 0.9999987483024597, 4.4467284965321596e-08, 0.25755932927131653, -0.0003910060040652752, -0.9662622809410095, -0.9662612080574036, 0.0014674541307613254, -0.25755953788757324], "cam_t_w2c": [-115.7645492553711, -4333914.5, -1154395.0], "depth_scale": 1.0},
  "1": {"cam_K": [711.1112738715278, 0.0, 255.5, 0.0, 711.1112738715278, 255.5, 0.0, 0.0, 1.0], "cam_R_w2c": [-0.8055126070976257, -0.5925785899162292, -2.599390143132041e-07, -0.3861321210861206, 0.5248831510543823, -0.7585510015487671, 0.4495012164115906, -0.6110223531723022, -0.6516135931015015], "cam_t_w2c": [30.160512924194336, -3402368.5, -2921647.25], "depth_scale": 1.0}
}