{
  "0": {"cam_K": [2346.1825408935547, 0.0, 956.150695733726, 0.0, 2351.0241982895623, 613.6550906152873, 0.0, 0.0, 1.0], "cam_R_w2c": [0.6786372661590576, -0.7344736456871033, -1.6728940011034865e-07, -0.3216809928417206, -0.2972259521484375, -0.898987352848053, 0.6602824330329895, 0.6100863814353943, -0.43797484040260315], "cam_t_w2c": [-168.0252227783203, 279.24774169921875, 3788.642822265625], "depth_scale": 1.0}
}