{
  "0": {"cam_K": [711.1112738715278, 0.0, 255.5, 0.0, 711.1112738715278, 255.5, 0.0, 0.0, 1.0], "cam_R_w2c": [0.2971106767654419, -0.9548430442810059, 6.549392139731935e-08, -0.6491240859031677, -0.20198267698287964, -0.7333763837814331, 0.7002593874931335, 0.21789391338825226, -0.6798228025436401], "cam_t_w2c": [102.64412689208984, 212.81292724609375, 822.0875244140625], "depth_scale": 1.0},
  "1": {"cam_K": [711.1112738715278, 0.0, 255.5, 0.0, 711.1112738715278, 255.5, 0.0, 0.0, 1.0], "cam_R_w2c": [0.5157944560050964, 0.8567124009132385, -9.883942198030127e-08, 0.7799413204193115, -0.4695735573768616, -0.4137539267539978, -0.35446813702583313, 0.21341189742088318, -0.9103888273239136], "cam_t_w2c": [-129.61134338378906, 108.6381607055664, 927.3181762695312], "depth_scale": 1.0}
}