{
  "0": [{"cam_R_m2c": [-0.6193228363990784, -0.6314760446548462, 0.4665587842464447, -0.713091254234314, 0.20374591648578644, -0.6708117127418518, 0.3285421133041382, -0.7481480836868286, -0.5764845013618469], "cam_t_m2c": [-4647.39453125, 8742.791015625, 17886.8125], "obj_id": 2}, {"cam_R_m2c": [0.2605157494544983, 0.9183444380760193, 0.29795145988464355, -0.8236008286476135, 0.37242433428764343, -0.4277637004852295, -0.50379878282547, -0.13395389914512634, 0.8533716201782227], "cam_t_m2c": [161.27076721191406, -200.19781494140625, 1214.5228271484375], "obj_id": 2}],
  "1": [{"cam_R_m2c": [0.60895836353302, -0.7685154676437378, -0.19635087251663208, -0.6678627133369446, -0.6303247809410095, 0.3957904279232025, -0.4279358983039856, -0.10988447070121765, -0.8971043825149536], "cam_t_m2c": [11019.9052734375, -3502.47998046875, 16970.587890625], "obj_id": 2}, {"cam_R_m2c": [-0.06505212187767029, -0.274768203496933, 0.9593073725700378, 0.1796722412109375, 0.9424070715904236, 0.28211140632629395, -0.9815732836723328, 0.1907128542661667, -0.011937355622649193], "cam_t_m2c": [396.5599060058594, 152.33230590820312, 1006.200927734375], "obj_id": 2}]
}