{
  "0": {"cam_K": [711.1112738715278, 0.0, 255.5, 0.0, 711.1112738715278, 255.5, 0.0, 0.0, 1.0], "cam_R_w2c": [-0.38646194338798523, 0.9223053455352783, 4.3969166085844336e-08, 0.42349788546562195, 0.17745301127433777, -0.8883467316627502, -0.8193269968032837, -0.34331220388412476, -0.45917320251464844], "cam_t_w2c": [-4631.89892578125, -3976213.5, -2041919.875], "depth_scale": 1.0},
  "1": {"cam_K": [711.1112738715278, 0.0, 255.5, 0.0, 711.1112738715278, 255.5, 0.0, 0.0, 1.0], "cam_R_w2c": [-0.9285744428634644, -0.3711465299129486, -1.2840810370562394e-07, -0.36983031034469604, 0.925281286239624, -0.08414359390735626, 0.031229721382260323, -0.07813353091478348, -0.9964537620544434], "cam_t_w2c": [10981.5576171875, -380940.4375, -4452953.0], "depth_scale": 1.0}
}