{
  "0": {"cam_K": [711.1112738715278, 0.0, 255.5, 0.0, 711.1112738715278, 255.5, 0.0, 0.0, 1.0], "cam_R_w2c": [0.9141866564750671, 0.40529337525367737, -4.1868993605476135e-08, 0.1451614797115326, -0.3274289071559906, -0.9336587190628052, -0.37840569019317627, 0.8535383939743042, -0.35816413164138794], "cam_t_w2c": [-227.16172790527344, -4188102.5, -1605078.875], "depth_scale": 1.0},
  "1": {"cam_K": [711.1112738715278, 0.0, 255.5, 0.0, 711.1112738715278, 255.5, 0.0, 0.0, 1.0], "cam_R_w2c": [0.99912029504776, 0.041936419904232025, 1.9030380826734472e-08, 0.041701097041368484, -0.9935137033462524, -0.10579029470682144, -0.004436447285115719, 0.10569722950458527, -0.9943884611129761], "cam_t_w2c": [-412.05450439453125, -474944.53125, -4459221.5], "depth_scale": 1.0}
}