{
  "0": {"cam_K": [711.1112738715278, 0.0, 255.5, 0.0, 711.1112738715278, 255.5, 0.0, 0.0, 1.0], "cam_R_w2c": [0.4390334188938141, -0.8984707593917847, -7.702968929379495e-08, -0.3772338926792145, -0.18433357775211334, -0.907588005065918, 0.8154411911964417, 0.39846155047416687, -0.4198622405529022], "cam_t_w2c": [549.8942260742188, -4070960.0, -1882428.0], "depth_scale": 1.0},
  "1": {"cam_K": [711.1112738715278, 0.0, 255.5, 0.0, 711.1112738715278, 255.5, 0.0, 0.0, 1.0], "cam_R_w2c": [-0.03598206490278244, 0.9993525147438049, -1.1193764066774747e-06, 0.9975312352180481, 0.03591632843017578, -0.06034472584724426, -0.06030561029911041, -0.002172441454604268, -0.998177707195282], "cam_t_w2c": [-566.049072265625, -270586.8125, -4476620.0], "depth_scale": 1.0}
}