{
  "0": [{"cam_R_m2c": [0.05463895574212074, 0.06579963117837906, 0.9963357448577881, 0.9829874634742737, -0.1787824034690857, -0.042099807411432266, 0.17535720765590668, 0.9816858768463135, -0.07444864511489868], "cam_t_m2c": [461.6360778808594, -38.23596954345703, 1078.6309814453125], "obj_id": 0}, {"cam_R_m2c": [0.3836314380168915, -0.7592616081237793, 0.5256887674331665, -0.6903075575828552, -0.6138949990272522, -0.3828944265842438, 0.6134348511695862, -0.215996652841568, -0.7596334218978882], "cam_t_m2c": [533.9577026367188, 211.08132934570312, 1164.3548583984375], "obj_id": 2}],
  "1": [{"cam_R_m2c": [-0.15297652781009674, 0.33249446749687195, -0.9306156635284424, -0.15081332623958588, 0.9228143692016602, 0.3544982075691223, 0.9766542315483093, 0.19457916915416718, -0.09102433919906616], "cam_t_m2c": [-389.94073486328125, 258.4767761230469, 727.6921997070312], "obj_id": 0}, {"cam_R_m2c": [-0.006451674737036228, 0.7188085317611694, -0.6951781511306763, 0.9054656624794006, -0.29082605242729187, -0.3091150224208832, -0.4243704378604889, -0.6314542889595032, -0.6489801406860352], "cam_t_m2c": [-466.93878173828125, 279.1521301269531, 989.11865234375], "obj_id": 2}]
}