{
  "0": {"cam_K": [711.1112738715278, 0.0, 255.5, 0.0, 711.1112738715278, 255.5, 0.0, 0.0, 1.0], "cam_R_w2c": [-0.013982550241053104, 0.9999023675918579, -1.568608070101618e-07, 0.8830493688583374, 0.012348226271569729, -0.46911779046058655, -0.4690719246864319, -0.0065595535561442375, -0.8831358551979065], "cam_t_w2c": [244.9639434814453, -2104528.5, -3960252.75], "depth_scale": 1.0},
  "1": {"cam_K": [711.1112738715278, 0.0, 255.5, 0.0, 711.1112738715278, 255.5, 0.0, 0.0, 1.0], "cam_R_w2c": [0.555142879486084, -0.8317549824714661, 4.7777312772723235e-08, -0.7989507913589478, -0.5332481265068054, -0.27807188034057617, 0.23128771781921387, 0.15436957776546478, -0.9605602025985718], "cam_t_w2c": [-356.77203369140625, -1247228.5, -4307649.5], "depth_scale": 1.0}
}