{
  "0": {"cam_K": [711.1112738715278, 0.0, 255.5, 0.0, 711.1112738715278, 255.5, 0.0, 0.0, 1.0], "cam_R_w2c": [-0.4392642080783844, 0.8983579277992249, -4.464467906473146e-08, 0.48338761925697327, 0.23635880649089813, -0.8428943753242493, -0.7572208642959595, -0.370253324508667, -0.5380790829658508], "cam_t_w2c": [-228.24807739257812, -3780918.75, -2412522.0], "depth_scale": 1.0},
  "1": {"cam_K": [711.1112738715278, 0.0, 255.5, 0.0, 711.1112738715278, 255.5, 0.0, 0.0, 1.0], "cam_R_w2c": [0.9739657044410706, 0.22669531404972076, 6.573217525840391e-09, 0.21834546327590942, -0.9380917549133301, -0.2689036726951599, -0.06095919385552406, 0.26190295815467834, -0.963167130947113], "cam_t_w2c": [-136.95140075683594, -1205915.5, -4319413.5], "depth_scale": 1.0}
}