{
  "0": {"cam_K": [711.1112738715278, 0.0, 255.5, 0.0, 711.1112738715278, 255.5, 0.0, 0.0, 1.0], "cam_R_w2c": [-0.2199954241514206, 0.9755009412765503, -6.382518336067733e-08, 0.5104381442070007, 0.11511416733264923, -0.8521746397018433, -0.8312971591949463, -0.1874745488166809, -0.5232574939727783], "cam_t_w2c": [-1762.046875, -3791721.5, -2343907.25], "depth_scale": 1.0},
  "1": {"cam_K": [711.1112738715278, 0.0, 255.5, 0.0, 711.1112738715278, 255.5, 0.0, 0.0, 1.0], "cam_R_w2c": [-0.4212396740913391, 0.9069494009017944, -1.191318901305749e-07, 0.2295743227005005, 0.10662741959095001, -0.9674327969551086, -0.8774125576019287, -0.4075210988521576, -0.2531280219554901], "cam_t_w2c": [-4730.9521484375, -4309586.5, -1140823.5], "depth_scale": 1.0}
}