{
  "0": {"cam_K": [2346.1825408935547, 0.0, 956.150695733726, 0.0, 2351.0241982895623, 613.6550906152873, 0.0, 0.0, 1.0], "cam_R_w2c": [-0.8131005167961121, 0.5821232795715332, 1.313903830180152e-08, 0.46319180727005005, 0.6469789743423462, -0.6056992411613464, -0.3525916039943695, -0.4924943447113037, -0.7956936955451965], "cam_t_w2c": [12.288989067077637, 193.69544982910156, 122.05353546142578], "depth_scale": 1.0},
  "1": {"cam_K": [2346.1825408935547, 0.0, 956.150695733726, 0.0, 2351.0241982895623, 613.6550906152873, 0.0, 0.0, 1.0], "cam_R_w2c": [0.7666975855827332, -0.6420084834098816, 2.8352822312172066e-09, -0.35547342896461487, -0.4245125651359558, -0.8327232003211975, 0.5346152782440186, 0.6384468674659729, -0.55368971824646], "cam_t_w2c": [-231.1072998046875, 27.87742805480957, 286.1554260253906], "depth_scale": 1.0}
}