{
  "0": {"cam_K": [711.1112738715278, 0.0, 255.5, 0.0, 711.1112738715278, 255.5, 0.0, 0.0, 1.0], "cam_R_w2c": [-0.9088906049728394, -0.4170348048210144, 4.8167887456429526e-09, -0.16055600345134735, 0.34991756081581116, -0.9229190349578857, 0.3848893642425537, -0.8388323783874512, -0.3849942982196808], "cam_t_w2c": [-140.70091247558594, -4139713.0, -1726380.875], "depth_scale": 1.0},
  "1": {"cam_K": [711.1112738715278, 0.0, 255.5, 0.0, 711.1112738715278, 255.5, 0.0, 0.0, 1.0], "cam_R_w2c": [0.160428985953331, 0.9870474338531494, 3.975555102897488e-07, 0.9862746000289917, -0.16030342876911163, -0.03956447169184685, -0.03905194625258446, 0.006347681395709515, -0.9992170929908752], "cam_t_w2c": [311.116943359375, -177507.53125, -4481023.0], "depth_scale": 1.0}
}