{
  "0": {"cam_K": [711.1112738715278, 0.0, 255.5, 0.0, 711.1112738715278, 255.5, 0.0, 0.0, 1.0], "cam_R_w2c": [0.3262147903442383, -0.8729068636894226, -0.3627912402153015, -0.3047211468219757, 0.2661946415901184, -0.9144864082336426, 0.894834578037262, 0.4088691473007202, -0.17915655672550201], "cam_t_w2c": [-6750.740234375, -17188.166015625, -3362.354248046875], "depth_scale": 1.0},
  "1": {"cam_K": [711.1112738715278, 0.0, 255.5, 0.0, 711.1112738715278, 255.5, 0.0, 0.0, 1.0], "cam_R_w2c": [0.3262147903442383, -0.8729068636894226, -0.3627912402153015, -0.3047211468219757, 0.2661946415901184, -0.9144864082336426, 0.894834578037262, 0.4088691473007202, -0.17915655672550201], "cam_t_w2c": [-6750.740234375, -17188.166015625, -3362.354248046875], "depth_scale": 1.0},
  "2": {"cam_K": [711.1112738715278, 0.0, 255.5, 0.0, 711.1112738715278, 255.5, 0.0, 0.0, 1.0], "cam_R_w2c": [0.3262147903442383, -0.8729068636894226, -0.3627912402153015, -0.3047211468219757, 0.2661946415901184, -0.9144864082336426, 0.894834578037262, 0.4088691473007202, -0.17915655672550201], "cam_t_w2c": [-6750.740234375, -17188.166015625, -3362.354248046875], "depth_scale": 1.0}
}