{
  "0": [{"cam_R_m2c": [-0.6668781042098999, -0.41269007325172424, 0.6204517483711243, -0.20472992956638336, -0.6991211175918579, -0.6850658059120178, 0.7164908647537231, -0.5838804841041565, 0.38173866271972656], "cam_t_m2c": [226.1101837158203, -167.38967895507812, -5.955807685852051], "obj_id": 1}, {"cam_R_m2c": [0.9341253042221069, -0.35311806201934814, 0.05213054642081261, -0.08306039869785309, -0.35707542300224304, -0.9303752183914185, 0.3471468389034271, 0.8647570610046387, -0.3628832995891571], "cam_t_m2c": [24.97055435180664, -418.67724609375, 94.38046264648438], "obj_id": 2}],
  "1": [{"cam_R_m2c": [-0.6668781042098999, -0.41269007325172424, 0.6204517483711243, -0.20472992956638336, -0.6991211175918579, -0.6850658059120178, 0.7164908647537231, -0.5838804841041565, 0.38173866271972656], "cam_t_m2c": [226.1101837158203, -167.38967895507812, -5.955807685852051], "obj_id": 1}, {"cam_R_m2c": [0.9341253042221069, -0.35311806201934814, 0.05213054642081261, -0.08306039869785309, -0.35707542300224304, -0.9303752183914185, 0.3471468389034271, 0.8647570610046387, -0.3628832995891571], "cam_t_m2c": [24.97055435180664, -418.67724609375, 94.38046264648438], "obj_id": 2}],
  "2": [{"cam_R_m2c": [-0.6668781042098999, -0.41269007325172424, 0.6204517483711243, -0.20472992956638336, -0.6991211175918579, -0.6850658059120178, 0.7164908647537231, -0.5838804841041565, 0.38173866271972656], "cam_t_m2c": [226.1101837158203, -167.38967895507812, -5.955807685852051], "obj_id": 1}, {"cam_R_m2c": [0.9341253042221069, -0.35311806201934814, 0.05213054642081261, -0.08306039869785309, -0.35707542300224304, -0.9303752183914185, 0.3471468389034271, 0.8647570610046387, -0.3628832995891571], "cam_t_m2c": [24.97055435180664, -418.67724609375, 94.38046264648438], "obj_id": 2}]
}