{
  "0": {"cam_K": [2346.1825408935547, 0.0, 956.150695733726, 0.0, 2351.0241982895623, 613.6550906152873, 0.0, 0.0, 1.0], "cam_R_w2c": [-0.22845028340816498, 0.9735556840896606, 7.802756840646907e-08, 0.5833052396774292, 0.13687576353549957, -0.8006373643875122, -0.7794649600982666, -0.18290568888187408, -0.5991495251655579], "cam_t_w2c": [65.89938354492188, 55.773929595947266, 821.62109375], "depth_scale": 1.0},
  "1": {"cam_K": [2346.1825408935547, 0.0, 956.150695733726, 0.0, 2351.0241982895623, 613.6550906152873, 0.0, 0.0, 1.0], "cam_R_w2c": [-0.7806098461151123, -0.6250184774398804, -4.542130227491725e-08, -0.4564919173717499, 0.5701305866241455, -0.6830565333366394, 0.426923006772995, -0.5332006812095642, -0.7303654551506042], "cam_t_w2c": [-71.1592025756836, 48.56016159057617, 840.8556518554688], "depth_scale": 1.0}
}