{
  "0": [{"cam_R_m2c": [0.2648013234138489, -0.3770293593406677, -0.8875409960746765, 0.17534838616847992, 0.9238783121109009, -0.3401496410369873, 0.948226273059845, -0.0655568391084671, 0.3107556998729706], "cam_t_m2c": [-377.3235778808594, -112.12395477294922, 973.6616821289062], "obj_id": 2}],
  "1": [{"cam_R_m2c": [-0.11689591407775879, 0.9928464293479919, 0.02431744523346424, 0.8177383542060852, 0.08232619613409042, 0.569672167301178, 0.5635949969291687, 0.08647764474153519, -0.8215122222900391], "cam_t_m2c": [33.92135238647461, 272.669189453125, 628.9329833984375], "obj_id": 2}]
}