{
  "0": {"cam_K": [711.1112738715278, 0.0, 255.5, 0.0, 711.1112738715278, 255.5, 0.0, 0.0, 1.0], "cam_R_w2c": [-0.9999994039535522, 0.0009769517928361893, 8.80431194616449e-09, 0.0009598666802048683, 0.9825130701065063, -0.18619121611118317, -0.00018190848641097546, -0.186191126704216, -0.982513427734375], "cam_t_w2c": [-13893.1083984375, -798588.5625, -4283021.5], "depth_scale": 1.0},
  "1": {"cam_K": [711.1112738715278, 0.0, 255.5, 0.0, 711.1112738715278, 255.5, 0.0, 0.0, 1.0], "cam_R_w2c": [0.4277525842189789, 0.9038958549499512, -3.4400062531858566e-07, 0.31996092200279236, -0.1514161080121994, -0.9352529644966125, -0.8453713059425354, 0.40005671977996826, -0.3539799749851227], "cam_t_w2c": [17674.29296875, -4072985.5, -1548117.75], "depth_scale": 1.0}
}