{
  "0": {"cam_K": [711.1112738715278, 0.0, 255.5, 0.0, 711.1112738715278, 255.5, 0.0, 0.0, 1.0], "cam_R_w2c": [0.409105122089386, -0.8545789122581482, 0.31988731026649475, -0.28036147356033325, -0.4513294994831085, -0.8471713066101074, 0.8683492541313171, 0.25689807534217834, -0.42423221468925476], "cam_t_w2c": [-117.50244140625, -50.491310119628906, 212.58377075195312], "depth_scale": 1.0},
  "1": {"cam_K": [711.1112738715278, 0.0, 255.5, 0.0, 711.1112738715278, 255.5, 0.0, 0.0, 1.0], "cam_R_w2c": [-0.20415714383125305, -0.9631854295730591, -0.17491045594215393, -0.407671183347702, 0.24609486758708954, -0.8793415427207947, 0.8900135159492493, -0.10821788758039474, -0.4429049789905548], "cam_t_w2c": [-133.04808044433594, 46.17109680175781, 172.20359802246094], "depth_scale": 1.0}
}