{
  "0": {"cam_K": [711.1112738715278, 0.0, 255.5, 0.0, 711.1112738715278, 255.5, 0.0, 0.0, 1.0], "cam_R_w2c": [0.5912380814552307, 0.7914040684700012, -0.15529684722423553, 0.48776358366012573, -0.5042340159416199, -0.71262526512146, -0.6422804594039917, 0.3455830216407776, -0.6841404438018799], "cam_t_w2c": [11.229660034179688, 150.2539520263672, 313.957763671875], "depth_scale": 1.0}
}