{
  "0": {"cam_K": [711.1112738715278, 0.0, 255.5, 0.0, 711.1112738715278, 255.5, 0.0, 0.0, 1.0], "cam_R_w2c": [-0.10048514604568481, 0.9941040277481079, -0.040742404758930206, 0.990742564201355, 0.0962204858660698, -0.09576433151960373, -0.09127945452928543, -0.049988120794296265, -0.9945699572563171], "cam_t_w2c": [-119.3407974243164, -179.4985809326172, 735.0892944335938], "depth_scale": 1.0},
  "1": {"cam_K": [711.1112738715278, 0.0, 255.5, 0.0, 711.1112738715278, 255.5, 0.0, 0.0, 1.0], "cam_R_w2c": [-0.10048514604568481, 0.9941040277481079, -0.040742404758930206, 0.990742564201355, 0.0962204858660698, -0.09576433151960373, -0.09127945452928543, -0.049988120794296265, -0.9945699572563171], "cam_t_w2c": [-119.3407974243164, -179.4985809326172, 735.0892944335938], "depth_scale": 1.0},
  "2": {"cam_K": [711.1112738715278, 0.0, 255.5, 0.0, 711.1112738715278, 255.5, 0.0, 0.0, 1.0], "cam_R_w2c": [-0.10048514604568481, 0.9941040277481079, -0.040742404758930206, 0.990742564201355, 0.0962204858660698, -0.09576433151960373, -0.09127945452928543, -0.049988120794296265, -0.9945699572563171], "cam_t_w2c": [-119.3407974243164, -179.4985809326172, 735.0892944335938], "depth_scale": 1.0},
  "3": {"cam_K": [711.1112738715278, 0.0, 255.5, 0.0, 711.1112738715278, 255.5, 0.0, 0.0, 1.0], "cam_R_w2c": [0.6422374844551086, 0.7224999070167542, 0.2559783160686493, 0.7387070059776306, -0.4942896068096161, -0.45824646949768066, -0.20455560088157654, 0.4833960235118866, -0.8511670231819153], "cam_t_w2c": [-209.6309356689453, -57.0119743347168, 885.4586181640625], "depth_scale": 1.0},
  "4": {"cam_K": [711.1112738715278, 0.0, 255.5, 0.0, 711.1112738715278, 255.5, 0.0, 0.0, 1.0], "cam_R_w2c": [0.6422374844551086, 0.7224999070167542, 0.2559783160686493, 0.7387070059776306, -0.4942896068096161, -0.45824646949768066, -0.20455560088157654, 0.4833960235118866, -0.8511670231819153], "cam_t_w2c": [-209.6309356689453, -57.0119743347168, 885.4586181640625], "depth_scale": 1.0}
}