{
  "0": {"cam_K": [711.1112738715278, 0.0, 255.5, 0.0, 711.1112738715278, 255.5, 0.0, 0.0, 1.0], "cam_R_w2c": [0.6234353184700012, 0.6361509561538696, -0.45457711815834045, 0.016630608588457108, -0.5920512676239014, -0.8057287335395813, -0.7816980481147766, 0.49475985765457153, -0.3796852231025696], "cam_t_w2c": [-8.422866821289062, -213.46295166015625, 870.510986328125], "depth_scale": 1.0},
  "1": {"cam_K": [711.1112738715278, 0.0, 255.5, 0.0, 711.1112738715278, 255.5, 0.0, 0.0, 1.0], "cam_R_w2c": [0.6234353184700012, 0.6361509561538696, -0.45457711815834045, 0.016630608588457108, -0.5920512676239014, -0.8057287335395813, -0.7816980481147766, 0.49475985765457153, -0.3796852231025696], "cam_t_w2c": [-8.422866821289062, -213.46295166015625, 870.510986328125], "depth_scale": 1.0},
  "2": {"cam_K": [711.1112738715278, 0.0, 255.5, 0.0, 711.1112738715278, 255.5, 0.0, 0.0, 1.0], "cam_R_w2c": [0.6234353184700012, 0.6361509561538696, -0.45457711815834045, 0.016630608588457108, -0.5920512676239014, -0.8057287335395813, -0.7816980481147766, 0.49475985765457153, -0.3796852231025696], "cam_t_w2c": [-8.422866821289062, -213.46295166015625, 870.510986328125], "depth_scale": 1.0}
}