{
  "0": {"cam_K": [711.1112738715278, 0.0, 255.5, 0.0, 711.1112738715278, 255.5, 0.0, 0.0, 1.0], "cam_R_w2c": [-0.8689427375793457, 0.034224733710289, -0.4937281608581543, 0.46670520305633545, 0.38864806294441223, -0.7944425940513611, 0.16469693183898926, -0.9207504987716675, -0.3536858558654785], "cam_t_w2c": [18.535295486450195, 108.25141143798828, 59.713077545166016], "depth_scale": 1.0}
}