{
  "0": {"cam_K": [711.1112738715278, 0.0, 255.5, 0.0, 711.1112738715278, 255.5, 0.0, 0.0, 1.0], "cam_R_w2c": [0.9716905951499939, -0.23625704646110535, -3.1942359868253334e-09, -0.2053052932024002, -0.8443906307220459, -0.4948275685310364, 0.11690649390220642, 0.48081931471824646, -0.8689912557601929], "cam_t_w2c": [73.84419250488281, -2219611.5, -3897062.5], "depth_scale": 1.0},
  "1": {"cam_K": [711.1112738715278, 0.0, 255.5, 0.0, 711.1112738715278, 255.5, 0.0, 0.0, 1.0], "cam_R_w2c": [0.5898245573043823, -0.8075313568115234, 1.4426485961394064e-07, -0.6216977834701538, -0.4540908932685852, -0.638195276260376, 0.5153627991676331, 0.376423180103302, -0.7698744535446167], "cam_t_w2c": [109.93248748779297, -2862786.5, -3452703.25], "depth_scale": 1.0}
}