{
  "0": [{"bbox_obj": [889, 487, 142, 238], "bbox_visib": [889, 487, 142, 238], "px_count_all": 4957, "px_count_valid": 4957, "px_count_visib": 4944, "visib_fract": 0.9973774460359088}, {"bbox_obj": [-1, -1, -1, -1], "bbox_visib": [-1, -1, -1, -1], "px_count_all": 21187584, "px_count_valid": 2354176, "px_count_visib": 0, "visib_fract": 0.0}, {"bbox_obj": [-1, -1, -1, -1], "bbox_visib": [-1, -1, -1, -1], "px_count_all": 21187584, "px_count_valid": 2354176, "px_count_visib": 0, "visib_fract": 0.0}, {"bbox_obj": [938, 675, 232, 298], "bbox_visib": [938, 675, 232, 294], "px_count_all": 11819, "px_count_valid": 11819, "px_count_visib": 11734, "visib_fract": 0.9928081902022168}]
}