{
  "0": [{"cam_R_m2c": [-0.8853380084037781, -0.4090628921985626, 0.22100669145584106, -0.464433878660202, 0.755720853805542, -0.46172189712524414, 0.021853938698768616, -0.5114229917526245, -0.8590510487556458], "cam_t_m2c": [-10.969058990478516, 12.219222068786621, 1083.4656982421875], "obj_id": 2}, {"cam_R_m2c": [0.37528517842292786, -0.8775143027305603, -0.29854580760002136, 0.925300121307373, 0.3356981873512268, 0.1764267235994339, -0.0545957051217556, -0.34245479106903076, 0.9379466772079468], "cam_t_m2c": [179.6202392578125, -37.937721252441406, 1136.1624755859375], "obj_id": 3}, {"cam_R_m2c": [-0.26111769676208496, 0.6515579223632812, -0.7122429013252258, -0.8478988409042358, 0.1978600174188614, 0.491852730512619, 0.4613949656486511, 0.7323412895202637, 0.5007903575897217], "cam_t_m2c": [-140.72459411621094, -104.17464447021484, 1189.230224609375], "obj_id": 3}, {"cam_R_m2c": [0.04248412325978279, 0.5633573532104492, -0.8251203298568726, 0.3084865212440491, -0.7929093241691589, -0.5254815220832825, -0.9502795338630676, -0.23221388459205627, -0.2074742168188095], "cam_t_m2c": [40.2951545715332, 89.39015197753906, 984.1279296875], "obj_id": 1}]
}