{
  "0": {"cam_K": [2346.1825408935547, 0.0, 956.150695733726, 0.0, 2351.0241982895623, 613.6550906152873, 0.0, 0.0, 1.0], "cam_R_w2c": [0.6190015077590942, -0.7853898406028748, 1.0392835037009718e-08, -0.33343321084976196, -0.26279395818710327, -0.9054068922996521, 0.7110973596572876, 0.5604482293128967, -0.42454490065574646], "cam_t_w2c": [-13.181583404541016, -21.687971115112305, 1342.01025390625], "depth_scale": 1.0}
}