{
  "0": {"cam_K": [711.1112738715278, 0.0, 255.5, 0.0, 711.1112738715278, 255.5, 0.0, 0.0, 1.0], "cam_R_w2c": [-0.9870318174362183, -0.16052554547786713, 4.5617425392663336e-09, -0.1601313352584839, 0.9846077561378479, -0.07003935426473618, 0.01124310027807951, -0.06913106143474579, -0.9975443482398987], "cam_t_w2c": [42.191471099853516, -314119.09375, -4473817.5], "depth_scale": 1.0},
  "1": {"cam_K": [711.1112738715278, 0.0, 255.5, 0.0, 711.1112738715278, 255.5, 0.0, 0.0, 1.0], "cam_R_w2c": [-0.9998380541801453, 0.01800001785159111, 1.2126977644300041e-08, 0.01168306265026331, 0.6489537358283997, -0.7607381939888, -0.013693309389054775, -0.7606149315834045, -0.6490589380264282], "cam_t_w2c": [51.683109283447266, -3412415.25, -2910699.5], "depth_scale": 1.0}
}