{
  "0": {"cam_K": [711.1112738715278, 0.0, 255.5, 0.0, 711.1112738715278, 255.5, 0.0, 0.0, 1.0], "cam_R_w2c": [-0.9963074326515198, -0.08411905914545059, -0.017188284546136856, -0.04476967453956604, 0.6798256039619446, -0.7320060133934021, 0.07326069474220276, -0.7285335659980774, -0.6810812950134277], "cam_t_w2c": [-86.17560577392578, 151.2467498779297, 121.65481567382812], "depth_scale": 1.0},
  "1": {"cam_K": [711.1112738715278, 0.0, 255.5, 0.0, 711.1112738715278, 255.5, 0.0, 0.0, 1.0], "cam_R_w2c": [-0.7774492502212524, 0.6289426684379578, -0.0020034760236740112, 0.27332568168640137, 0.3349911868572235, -0.9017062187194824, -0.5664503574371338, -0.7015783190727234, -0.432344913482666], "cam_t_w2c": [-3.963397264480591, 106.5589370727539, 38.6612663269043], "depth_scale": 1.0}
}