{
  "0": {"cam_K": [711.1112738715278, 0.0, 255.5, 0.0, 711.1112738715278, 255.5, 0.0, 0.0, 1.0], "cam_R_w2c": [0.4875531792640686, 0.8726855516433716, -0.026680154725909233, 0.31837400794029236, -0.20615766942501068, -0.9252767562866211, -0.8129760026931763, 0.4426273703575134, -0.3783532381057739], "cam_t_w2c": [-88.92713165283203, -40.521358489990234, 778.2734985351562], "depth_scale": 1.0},
  "1": {"cam_K": [711.1112738715278, 0.0, 255.5, 0.0, 711.1112738715278, 255.5, 0.0, 0.0, 1.0], "cam_R_w2c": [0.6030665040016174, -0.797659158706665, 0.007117028348147869, -0.08257202059030533, -0.07129737734794617, -0.9940314888954163, 0.7934057116508484, 0.5988794565200806, -0.10886140912771225], "cam_t_w2c": [-87.28412628173828, 19.083274841308594, 465.7214050292969], "depth_scale": 1.0},
  "2": {"cam_K": [711.1112738715278, 0.0, 255.5, 0.0, 711.1112738715278, 255.5, 0.0, 0.0, 1.0], "cam_R_w2c": [0.6030665040016174, -0.797659158706665, 0.007117028348147869, -0.08257202059030533, -0.07129737734794617, -0.9940314888954163, 0.7934057116508484, 0.5988794565200806, -0.10886140912771225], "cam_t_w2c": [-87.28412628173828, 19.083274841308594, 465.7214050292969], "depth_scale": 1.0},
  "3": {"cam_K": [711.1112738715278, 0.0, 255.5, 0.0, 711.1112738715278, 255.5, 0.0, 0.0, 1.0], "cam_R_w2c": [-0.5108693242073059, -0.8516755700111389, -0.11688242107629776, -0.554955005645752, 0.4305681586265564, -0.7117837071418762, 0.6565346121788025, -0.2987639009952545, -0.69260573387146], "cam_t_w2c": [95.01348876953125, 95.33335876464844, 609.4725952148438], "depth_scale": 1.0}
}