{
  "0": [{"cam_R_m2c": [0.7926174998283386, -0.17553000152111053, 0.5839064717292786, 0.05477454513311386, -0.9332931041717529, -0.3549133837223053, 0.6072538495063782, 0.3132937550544739, -0.7301298379898071], "cam_t_m2c": [270.5993957519531, -174.51763916015625, 710.0751342773438], "obj_id": 2}, {"cam_R_m2c": [0.6171684265136719, -0.7599759101867676, 0.20381315052509308, 0.04068560153245926, -0.22786042094230652, -0.9728434085845947, 0.7857785224914551, 0.6087005138397217, -0.10970817506313324], "cam_t_m2c": [4759.91650390625, 20337.62109375, 7166.09326171875], "obj_id": 2}],
  "1": [{"cam_R_m2c": [-0.9426393508911133, -0.3234499990940094, 0.08252886682748795, -0.15043483674526215, 0.1909165382385254, -0.9700103998184204, 0.2979937493801117, -0.9267852306365967, -0.22862350940704346], "cam_t_m2c": [-7.490883827209473, -411.0522155761719, 718.878173828125], "obj_id": 2}, {"cam_R_m2c": [-0.9641205072402954, -0.009092473424971104, -0.26530927419662476, 0.09432098269462585, 0.9224691390991211, -0.37437182664871216, 0.24814359843730927, -0.3859637677669525, -0.8885137438774109], "cam_t_m2c": [-3097.127685546875, 3966.989501953125, 22023.1640625], "obj_id": 2}]
}