{
  "0": {"cam_K": [711.1112738715278, 0.0, 255.5, 0.0, 711.1112738715278, 255.5, 0.0, 0.0, 1.0], "cam_R_w2c": [-0.8666086792945862, 0.49898838996887207, 1.0882980205906279e-07, 0.14382900297641754, 0.24979251623153687, -0.9575577974319458, -0.47781023383140564, -0.8298279047012329, -0.2882413864135742], "cam_t_w2c": [4717.255859375, -4275067.5, -1285643.25], "depth_scale": 1.0},
  "1": {"cam_K": [711.1112738715278, 0.0, 255.5, 0.0, 711.1112738715278, 255.5, 0.0, 0.0, 1.0], "cam_R_w2c": [0.9390239119529724, 0.3438519239425659, 4.507045758828099e-08, 0.32258832454681396, -0.8809552192687988, -0.346200555562973, -0.11904168128967285, 0.325090616941452, -0.9381605982780457], "cam_t_w2c": [-3202.28515625, -1548862.875, -4186371.0], "depth_scale": 1.0}
}