{
  "0": {"cam_K": [711.1112738715278, 0.0, 255.5, 0.0, 711.1112738715278, 255.5, 0.0, 0.0, 1.0], "cam_R_w2c": [0.4916578531265259, -0.8533126711845398, 0.17358016967773438, -0.4464874565601349, -0.41817253828048706, -0.7910630106925964, 0.7476105093955994, 0.31143099069595337, -0.5865911841392517], "cam_t_w2c": [-120.1845932006836, 289.061767578125, 330.6044921875], "depth_scale": 1.0},
  "1": {"cam_K": [711.1112738715278, 0.0, 255.5, 0.0, 711.1112738715278, 255.5, 0.0, 0.0, 1.0], "cam_R_w2c": [0.4916578531265259, -0.8533126711845398, 0.17358016967773438, -0.4464874565601349, -0.41817253828048706, -0.7910630106925964, 0.7476105093955994, 0.31143099069595337, -0.5865911841392517], "cam_t_w2c": [-120.1845932006836, 289.061767578125, 330.6044921875], "depth_scale": 1.0},
  "2": {"cam_K": [711.1112738715278, 0.0, 255.5, 0.0, 711.1112738715278, 255.5, 0.0, 0.0, 1.0], "cam_R_w2c": [-0.9996476769447327, 0.023644011467695236, 0.012067277915775776, 0.0013307011686265469, 0.49865299463272095, -0.8668006658554077, -0.02651202864944935, -0.8664791584014893, -0.4985087811946869], "cam_t_w2c": [187.6651153564453, 213.6934814453125, 608.3922119140625], "depth_scale": 1.0},
  "3": {"cam_K": [711.1112738715278, 0.0, 255.5, 0.0, 711.1112738715278, 255.5, 0.0, 0.0, 1.0], "cam_R_w2c": [-0.9996476769447327, 0.023644011467695236, 0.012067277915775776, 0.0013307011686265469, 0.49865299463272095, -0.8668006658554077, -0.02651202864944935, -0.8664791584014893, -0.4985087811946869], "cam_t_w2c": [187.6651153564453, 213.6934814453125, 608.3922119140625], "depth_scale": 1.0},
  "4": {"cam_K": [711.1112738715278, 0.0, 255.5, 0.0, 711.1112738715278, 255.5, 0.0, 0.0, 1.0], "cam_R_w2c": [0.08199480175971985, 0.8471298813819885, -0.5250217914581299, 0.17089597880840302, -0.5309440493583679, -0.82999587059021, -0.9818714261054993, -0.021668720990419388, -0.1883058100938797], "cam_t_w2c": [113.61138916015625, 187.6072540283203, 678.7584838867188], "depth_scale": 1.0}
}