{
  "0": {"cam_K": [711.1112738715278, 0.0, 255.5, 0.0, 711.1112738715278, 255.5, 0.0, 0.0, 1.0], "cam_R_w2c": [-0.24957042932510376, -0.9683566093444824, 2.2292152124236964e-08, -0.31252145767211914, 0.0805448442697525, -0.9464897513389587, 0.9165396094322205, -0.23621588945388794, -0.3227337896823883], "cam_t_w2c": [-13582.21484375, -4169816.5, -1435054.875], "depth_scale": 1.0},
  "1": {"cam_K": [711.1112738715278, 0.0, 255.5, 0.0, 711.1112738715278, 255.5, 0.0, 0.0, 1.0], "cam_R_w2c": [0.07657410949468613, 0.997063934803009, -1.1218501327903141e-07, 0.2473093718290329, -0.0189934354275465, -0.9687504768371582, -0.9659060835838318, 0.0741812214255333, -0.2480376958847046], "cam_t_w2c": [15706.521484375, -4274973.0, -1082591.0], "depth_scale": 1.0}
}