{
  "0": [{"cam_R_m2c": [-0.29220616817474365, 0.4752495288848877, 0.8299116492271423, 0.7127007246017456, 0.6868633031845093, -0.1423957347869873, -0.637709379196167, 0.54986971616745, -0.5394163727760315], "cam_t_m2c": [-5725.96826171875, 58642.19140625, -3268.870849609375], "obj_id": 0}, {"cam_R_m2c": [0.5298283696174622, -0.8475185632705688, 0.03153025358915329, 0.7817952036857605, 0.4736545979976654, -0.4055212736129761, 0.32875239849090576, 0.23950687050819397, 0.9135416150093079], "cam_t_m2c": [-74.37862396240234, -135.89083862304688, 1324.0191650390625], "obj_id": 0}],
  "1": [{"cam_R_m2c": [0.4333317279815674, -0.5201334357261658, -0.735992431640625, 0.26318156719207764, 0.8540847301483154, -0.448636531829834, 0.8619507551193237, 0.0007087838021107018, 0.5069915652275085], "cam_t_m2c": [9630.3662109375, 47139.37890625, 35105.0546875], "obj_id": 0}, {"cam_R_m2c": [-0.5319617390632629, 0.8215907216072083, -0.2049516886472702, 0.8110371232032776, 0.5639333724975586, 0.15555669367313385, 0.2433830350637436, -0.08347321301698685, -0.9663316011428833], "cam_t_m2c": [-7.479830265045166, 130.05926513671875, 388.9974365234375], "obj_id": 0}]
}