{
  "0": {"cam_K": [711.1112738715278, 0.0, 255.5, 0.0, 711.1112738715278, 255.5, 0.0, 0.0, 1.0], "cam_R_w2c": [-0.30431821942329407, 0.9525704979896545, 4.921287555248455e-08, 0.9182008504867554, 0.2933380603790283, -0.2661955654621124, -0.2535700500011444, -0.08100810647010803, -0.9639191627502441], "cam_t_w2c": [-6.442790508270264, -1194010.875, -4322928.0], "depth_scale": 1.0},
  "1": {"cam_K": [711.1112738715278, 0.0, 255.5, 0.0, 711.1112738715278, 255.5, 0.0, 0.0, 1.0], "cam_R_w2c": [0.9610398411750793, -0.2764098346233368, 3.6248533064053845e-09, -0.22740438580513, -0.7906544804573059, -0.5684652328491211, 0.15712939202785492, 0.5463177561759949, -0.8227072358131409], "cam_t_w2c": [26.119186401367188, -2549894.25, -3689236.25], "depth_scale": 1.0}
}