{
  "0": {"cam_K": [711.1112738715278, 0.0, 255.5, 0.0, 711.1112738715278, 255.5, 0.0, 0.0, 1.0], "cam_R_w2c": [-0.8345665335655212, -0.3054061830043793, 0.45850372314453125, -0.5356253385543823, 0.25515687465667725, -0.8049847483634949, 0.12885697185993195, -0.9173995852470398, -0.37652862071990967], "cam_t_w2c": [-30.751562118530273, -16.256900787353516, 887.8606567382812], "depth_scale": 1.0},
  "1": {"cam_K": [711.1112738715278, 0.0, 255.5, 0.0, 711.1112738715278, 255.5, 0.0, 0.0, 1.0], "cam_R_w2c": [-0.8345665335655212, -0.3054061830043793, 0.45850372314453125, -0.5356253385543823, 0.25515687465667725, -0.8049847483634949, 0.12885697185993195, -0.9173995852470398, -0.37652862071990967], "cam_t_w2c": [-30.751562118530273, -16.256900787353516, 887.8606567382812], "depth_scale": 1.0},
  "2": {"cam_K": [711.1112738715278, 0.0, 255.5, 0.0, 711.1112738715278, 255.5, 0.0, 0.0, 1.0], "cam_R_w2c": [-0.8345665335655212, -0.3054061830043793, 0.45850372314453125, -0.5356253385543823, 0.25515687465667725, -0.8049847483634949, 0.12885697185993195, -0.9173995852470398, -0.37652862071990967], "cam_t_w2c": [-30.751562118530273, -16.256900787353516, 887.8606567382812], "depth_scale": 1.0},
  "3": {"cam_K": [711.1112738715278, 0.0, 255.5, 0.0, 711.1112738715278, 255.5, 0.0, 0.0, 1.0], "cam_R_w2c": [-0.8345665335655212, -0.3054061830043793, 0.45850372314453125, -0.5356253385543823, 0.25515687465667725, -0.8049847483634949, 0.12885697185993195, -0.9173995852470398, -0.37652862071990967], "cam_t_w2c": [-30.751562118530273, -16.256900787353516, 887.8606567382812], "depth_scale": 1.0},
  "4": {"cam_K": [711.1112738715278, 0.0, 255.5, 0.0, 711.1112738715278, 255.5, 0.0, 0.0, 1.0], "cam_R_w2c": [-0.8345665335655212, -0.3054061830043793, 0.45850372314453125, -0.5356253385543823, 0.25515687465667725, -0.8049847483634949, 0.12885697185993195, -0.9173995852470398, -0.37652862071990967], "cam_t_w2c": [-30.751562118530273, -16.256900787353516, 887.8606567382812], "depth_scale": 1.0},
  "5": {"cam_K": [711.1112738715278, 0.0, 255.5, 0.0, 711.1112738715278, 255.5, 0.0, 0.0, 1.0], "cam_R_w2c": [-0.13640640676021576, 0.9656037092208862, -0.22136548161506653, 0.7603707313537598, -0.04118220880627632, -0.6481822729110718, -0.6350035667419434, -0.25673606991767883, -0.7285993099212646], "cam_t_w2c": [-88.98908233642578, 91.02471160888672, 763.520263671875], "depth_scale": 1.0},
  "6": {"cam_K": [711.1112738715278, 0.0, 255.5, 0.0, 711.1112738715278, 255.5, 0.0, 0.0, 1.0], "cam_R_w2c": [-0.13640640676021576, 0.9656037092208862, -0.22136548161506653, 0.7603707313537598, -0.04118220880627632, -0.6481822729110718, -0.6350035667419434, -0.25673606991767883, -0.7285993099212646], "cam_t_w2c": [-88.98908233642578, 91.02471160888672, 763.520263671875], "depth_scale": 1.0},
  "7": {"cam_K": [711.1112738715278, 0.0, 255.5, 0.0, 711.1112738715278, 255.5, 0.0, 0.0, 1.0], "cam_R_w2c": [-0.13640640676021576, 0.9656037092208862, -0.22136548161506653, 0.7603707313537598, -0.04118220880627632, -0.6481822729110718, -0.6350035667419434, -0.25673606991767883, -0.7285993099212646], "cam_t_w2c": [-88.98908233642578, 91.02471160888672, 763.520263671875], "depth_scale": 1.0},
  "8": {"cam_K": [711.1112738715278, 0.0, 255.5, 0.0, 711.1112738715278, 255.5, 0.0, 0.0, 1.0], "cam_R_w2c": [-0.13640640676021576, 0.9656037092208862, -0.22136548161506653, 0.7603707313537598, -0.04118220880627632, -0.6481822729110718, -0.6350035667419434, -0.25673606991767883, -0.7285993099212646], "cam_t_w2c": [-88.98908233642578, 91.02471160888672, 763.520263671875], "depth_scale": 1.0},
  "9": {"cam_K": [711.1112738715278, 0.0, 255.5, 0.0, 711.1112738715278, 255.5, 0.0, 0.0, 1.0], "cam_R_w2c": [-0.13640640676021576, 0.9656037092208862, -0.22136548161506653, 0.7603707313537598, -0.04118220880627632, -0.6481822729110718, -0.6350035667419434, -0.25673606991767883, -0.7285993099212646], "cam_t_w2c": [-88.98908233642578, 91.02471160888672, 763.520263671875], "depth_scale": 1.0}
}