{
  "0": {"cam_K": [711.1112738715278, 0.0, 255.5, 0.0, 711.1112738715278, 255.5, 0.0, 0.0, 1.0], "cam_R_w2c": [0.05952780693769455, 0.9770634770393372, 0.20445898175239563, 0.5104916095733643, 0.14621561765670776, -0.8473601937294006, -0.8578197956085205, 0.15481609106063843, -0.49007877707481384], "cam_t_w2c": [-45.33573532104492, -8.77633285522461, 455.44622802734375], "depth_scale": 1.0},
  "1": {"cam_K": [711.1112738715278, 0.0, 255.5, 0.0, 711.1112738715278, 255.5, 0.0, 0.0, 1.0], "cam_R_w2c": [-0.46595603227615356, 0.8529931306838989, -0.23513378202915192, 0.2738851308822632, -0.11364699900150299, -0.9550243020057678, -0.841351330280304, -0.509398877620697, -0.1806677132844925], "cam_t_w2c": [-38.838348388671875, 2.0912861824035645, 478.2708740234375], "depth_scale": 1.0},
  "2": {"cam_K": [711.1112738715278, 0.0, 255.5, 0.0, 711.1112738715278, 255.5, 0.0, 0.0, 1.0], "cam_R_w2c": [-0.46595603227615356, 0.8529931306838989, -0.23513378202915192, 0.2738851308822632, -0.11364699900150299, -0.9550243020057678, -0.841351330280304, -0.509398877620697, -0.1806677132844925], "cam_t_w2c": [-38.838348388671875, 2.0912861824035645, 478.2708740234375], "depth_scale": 1.0},
  "3": {"cam_K": [711.1112738715278, 0.0, 255.5, 0.0, 711.1112738715278, 255.5, 0.0, 0.0, 1.0], "cam_R_w2c": [-0.6820072531700134, 0.7064673900604248, 0.18913008272647858, -0.03424013778567314, 0.22747793793678284, -0.9731811285018921, -0.7305436134338379, -0.670192301273346, -0.1309521645307541], "cam_t_w2c": [-29.37835121154785, -13.542790412902832, 546.0165405273438], "depth_scale": 1.0},
  "4": {"cam_K": [711.1112738715278, 0.0, 255.5, 0.0, 711.1112738715278, 255.5, 0.0, 0.0, 1.0], "cam_R_w2c": [-0.6820072531700134, 0.7064673900604248, 0.18913008272647858, -0.03424013778567314, 0.22747793793678284, -0.9731811285018921, -0.7305436134338379, -0.670192301273346, -0.1309521645307541], "cam_t_w2c": [-29.37835121154785, -13.542790412902832, 546.0165405273438], "depth_scale": 1.0},
  "5": {"cam_K": [711.1112738715278, 0.0, 255.5, 0.0, 711.1112738715278, 255.5, 0.0, 0.0, 1.0], "cam_R_w2c": [-0.40272513031959534, -0.8971925973892212, -0.18126805126667023, -0.20681850612163544, 0.2821103036403656, -0.9368244409561157, 0.8916494846343994, -0.33979305624961853, -0.29916900396347046], "cam_t_w2c": [63.58085632324219, -92.12800598144531, 823.9798583984375], "depth_scale": 1.0},
  "6": {"cam_K": [711.1112738715278, 0.0, 255.5, 0.0, 711.1112738715278, 255.5, 0.0, 0.0, 1.0], "cam_R_w2c": [-0.40272513031959534, -0.8971925973892212, -0.18126805126667023, -0.20681850612163544, 0.2821103036403656, -0.9368244409561157, 0.8916494846343994, -0.33979305624961853, -0.29916900396347046], "cam_t_w2c": [63.58085632324219, -92.12800598144531, 823.9798583984375], "depth_scale": 1.0},
  "7": {"cam_K": [711.1112738715278, 0.0, 255.5, 0.0, 711.1112738715278, 255.5, 0.0, 0.0, 1.0], "cam_R_w2c": [0.3924586772918701, -0.9151884317398071, -0.09168603271245956, -0.1897944062948227, 0.016957838088274002, -0.9816774129867554, 0.8999746441841125, 0.40266934037208557, -0.16704240441322327], "cam_t_w2c": [262.6947021484375, -30.368972778320312, 633.9769897460938], "depth_scale": 1.0},
  "8": {"cam_K": [711.1112738715278, 0.0, 255.5, 0.0, 711.1112738715278, 255.5, 0.0, 0.0, 1.0], "cam_R_w2c": [0.3924586772918701, -0.9151884317398071, -0.09168603271245956, -0.1897944062948227, 0.016957838088274002, -0.9816774129867554, 0.8999746441841125, 0.40266934037208557, -0.16704240441322327], "cam_t_w2c": [262.6947021484375, -30.368972778320312, 633.9769897460938], "depth_scale": 1.0},
  "9": {"cam_K": [711.1112738715278, 0.0, 255.5, 0.0, 711.1112738715278, 255.5, 0.0, 0.0, 1.0], "cam_R_w2c": [0.31249508261680603, -0.9342018365859985, -0.1720866858959198, -0.18972471356391907, 0.11612805724143982, -0.974945604801178, 0.9307799935340881, 0.3373148441314697, -0.1409517526626587], "cam_t_w2c": [248.24986267089844, -22.272785186767578, 603.889404296875], "depth_scale": 1.0}
}