{
  "0": {"cam_K": [711.1112738715278, 0.0, 255.5, 0.0, 711.1112738715278, 255.5, 0.0, 0.0, 1.0], "cam_R_w2c": [0.26041296124458313, 0.9654973149299622, -6.065241819896983e-08, 0.9632274508476257, -0.2598007023334503, -0.06853055953979492, -0.06616608798503876, 0.017846187576651573, -0.9976490139961243], "cam_t_w2c": [-454.955322265625, -307705.0625, -4474244.5], "depth_scale": 1.0},
  "1": {"cam_K": [711.1112738715278, 0.0, 255.5, 0.0, 711.1112738715278, 255.5, 0.0, 0.0, 1.0], "cam_R_w2c": [0.9843780994415283, -0.17606736719608307, 3.630120648523416e-10, -0.16777227818965912, -0.9380009770393372, -0.30332574248313904, 0.0534057654440403, 0.29858723282814026, -0.9528868794441223], "cam_t_w2c": [-337.1737976074219, -1360217.5, -4273606.0], "depth_scale": 1.0}
}