{
  "0": {"cam_K": [711.1112738715278, 0.0, 255.5, 0.0, 711.1112738715278, 255.5, 0.0, 0.0, 1.0], "cam_R_w2c": [0.0617082342505455, -0.9980943202972412, -9.34586381617919e-08, -0.8500562906265259, -0.05255575105547905, -0.5240633487701416, 0.5230645537376404, 0.032339148223400116, -0.8516795039176941], "cam_t_w2c": [286.03594970703125, 84.46251678466797, 915.72314453125], "depth_scale": 1.0},
  "1": {"cam_K": [711.1112738715278, 0.0, 255.5, 0.0, 711.1112738715278, 255.5, 0.0, 0.0, 1.0], "cam_R_w2c": [-0.9172777533531189, 0.3982483148574829, 8.518265204315867e-09, 0.35151225328445435, 0.80963134765625, -0.4700385630130768, -0.18719206750392914, -0.43115586042404175, -0.8826459646224976], "cam_t_w2c": [-143.5809783935547, -131.2808380126953, 1374.612060546875], "depth_scale": 1.0}
}