{
  "0": {"cam_K": [711.1112738715278, 0.0, 255.5, 0.0, 711.1112738715278, 255.5, 0.0, 0.0, 1.0], "cam_R_w2c": [0.8723729252815247, -0.4420430362224579, 0.20871864259243011, -0.1847306191921234, -0.6934118866920471, -0.696458637714386, 0.452592670917511, 0.5690149068832397, -0.6865726709365845], "cam_t_w2c": [-4.439979076385498, 114.3285140991211, 444.5763244628906], "depth_scale": 1.0},
  "1": {"cam_K": [711.1112738715278, 0.0, 255.5, 0.0, 711.1112738715278, 255.5, 0.0, 0.0, 1.0], "cam_R_w2c": [0.6094159483909607, 0.783690869808197, 0.12017016112804413, 0.15480321645736694, 0.0310368612408638, -0.987457811832428, -0.7775912880897522, 0.6203753352165222, -0.10240353643894196], "cam_t_w2c": [-163.82716369628906, 7.477434158325195, 444.11322021484375], "depth_scale": 1.0},
  "2": {"cam_K": [711.1112738715278, 0.0, 255.5, 0.0, 711.1112738715278, 255.5, 0.0, 0.0, 1.0], "cam_R_w2c": [0.6094159483909607, 0.783690869808197, 0.12017016112804413, 0.15480321645736694, 0.0310368612408638, -0.987457811832428, -0.7775912880897522, 0.6203753352165222, -0.10240353643894196], "cam_t_w2c": [-163.82716369628906, 7.477434158325195, 444.11322021484375], "depth_scale": 1.0},
  "3": {"cam_K": [711.1112738715278, 0.0, 255.5, 0.0, 711.1112738715278, 255.5, 0.0, 0.0, 1.0], "cam_R_w2c": [0.8056920766830444, -0.5803024768829346, -0.11878275871276855, -0.3978723883628845, -0.38163256645202637, -0.8342986106872559, 0.4388141632080078, 0.7194480895996094, -0.5383646488189697], "cam_t_w2c": [45.80228042602539, 172.24168395996094, 408.6001892089844], "depth_scale": 1.0},
  "4": {"cam_K": [711.1112738715278, 0.0, 255.5, 0.0, 711.1112738715278, 255.5, 0.0, 0.0, 1.0], "cam_R_w2c": [0.8056920766830444, -0.5803024768829346, -0.11878275871276855, -0.3978723883628845, -0.38163256645202637, -0.8342986106872559, 0.4388141632080078, 0.7194480895996094, -0.5383646488189697], "cam_t_w2c": [45.80228042602539, 172.24168395996094, 408.6001892089844], "depth_scale": 1.0},
  "5": {"cam_K": [711.1112738715278, 0.0, 255.5, 0.0, 711.1112738715278, 255.5, 0.0, 0.0, 1.0], "cam_R_w2c": [0.9828047156333923, -0.10593685507774353, -0.15123574435710907, -0.17262165248394012, -0.23637694120407104, -0.9562050104141235, 0.06554871797561646, 0.9658693671226501, -0.25059938430786133], "cam_t_w2c": [-44.548240661621094, 230.6824951171875, 363.9461364746094], "depth_scale": 1.0},
  "6": {"cam_K": [711.1112738715278, 0.0, 255.5, 0.0, 711.1112738715278, 255.5, 0.0, 0.0, 1.0], "cam_R_w2c": [0.9828047156333923, -0.10593685507774353, -0.15123574435710907, -0.17262165248394012, -0.23637694120407104, -0.9562050104141235, 0.06554871797561646, 0.9658693671226501, -0.25059938430786133], "cam_t_w2c": [-44.548240661621094, 230.6824951171875, 363.9461364746094], "depth_scale": 1.0},
  "7": {"cam_K": [711.1112738715278, 0.0, 255.5, 0.0, 711.1112738715278, 255.5, 0.0, 0.0, 1.0], "cam_R_w2c": [0.8065363764762878, 0.5904191732406616, -0.030071938410401344, 0.11114834249019623, -0.2014005184173584, -0.9731824398040771, -0.58064204454422, 0.7815645933151245, -0.22806096076965332], "cam_t_w2c": [-300.56231689453125, 287.1556091308594, 364.1231994628906], "depth_scale": 1.0},
  "8": {"cam_K": [711.1112738715278, 0.0, 255.5, 0.0, 711.1112738715278, 255.5, 0.0, 0.0, 1.0], "cam_R_w2c": [0.8065363764762878, 0.5904191732406616, -0.030071938410401344, 0.11114834249019623, -0.2014005184173584, -0.9731824398040771, -0.58064204454422, 0.7815645933151245, -0.22806096076965332], "cam_t_w2c": [-300.56231689453125, 287.1556091308594, 364.1231994628906], "depth_scale": 1.0},
  "9": {"cam_K": [711.1112738715278, 0.0, 255.5, 0.0, 711.1112738715278, 255.5, 0.0, 0.0, 1.0], "cam_R_w2c": [-0.9791461229324341, 0.12467429041862488, -0.16040411591529846, 0.19961492717266083, 0.4435909390449524, -0.8737167716026306, -0.03777619078755379, -0.8875153660774231, -0.4592272937297821], "cam_t_w2c": [-26.11022186279297, -45.37883377075195, 1148.7083740234375], "depth_scale": 1.0}
}