{
  "0": {"cam_K": [711.1112738715278, 0.0, 255.5, 0.0, 711.1112738715278, 255.5, 0.0, 0.0, 1.0], "cam_R_w2c": [0.6703723073005676, 0.5833464860916138, -0.4585933983325958, 0.10369648039340973, -0.6856145262718201, -0.7205414772033691, -0.7347435355186462, 0.43547654151916504, -0.5201080441474915], "cam_t_w2c": [239.84942626953125, 443.2643737792969, 335.32623291015625], "depth_scale": 1.0},
  "1": {"cam_K": [711.1112738715278, 0.0, 255.5, 0.0, 711.1112738715278, 255.5, 0.0, 0.0, 1.0], "cam_R_w2c": [0.8570137023925781, -0.4204033613204956, 0.2979740798473358, 0.22600090503692627, -0.21301840245723724, -0.9505508542060852, 0.4630886912345886, 0.8819774985313416, -0.0875481590628624], "cam_t_w2c": [182.9352264404297, 482.44610595703125, 514.6439208984375], "depth_scale": 1.0},
  "2": {"cam_K": [711.1112738715278, 0.0, 255.5, 0.0, 711.1112738715278, 255.5, 0.0, 0.0, 1.0], "cam_R_w2c": [0.8570137023925781, -0.4204033613204956, 0.2979740798473358, 0.22600090503692627, -0.21301840245723724, -0.9505508542060852, 0.4630886912345886, 0.8819774985313416, -0.0875481590628624], "cam_t_w2c": [182.9352264404297, 482.44610595703125, 514.6439208984375], "depth_scale": 1.0}
}