{
  "0": {"cam_K": [711.1112738715278, 0.0, 255.5, 0.0, 711.1112738715278, 255.5, 0.0, 0.0, 1.0], "cam_R_w2c": [-0.25992369651794434, 0.9656291604042053, -2.9590122352374237e-08, 0.22605247795581818, 0.060847777873277664, -0.9722128510475159, -0.9387970566749573, -0.25270119309425354, -0.2340986281633377], "cam_t_w2c": [303.6851806640625, 84.91232299804688, 700.0850219726562], "depth_scale": 1.0},
  "1": {"cam_K": [711.1112738715278, 0.0, 255.5, 0.0, 711.1112738715278, 255.5, 0.0, 0.0, 1.0], "cam_R_w2c": [0.33694708347320557, -0.941523551940918, 6.425837995038819e-08, -0.1941438466310501, -0.06947915256023407, -0.9785094857215881, 0.9212897419929504, 0.3297059237957001, -0.20620180666446686], "cam_t_w2c": [-300.4198913574219, 67.96076965332031, 838.0460815429688], "depth_scale": 1.0}
}