{
  "0": {"cam_K": [2346.1825408935547, 0.0, 956.150695733726, 0.0, 2351.0241982895623, 613.6550906152873, 0.0, 0.0, 1.0], "cam_R_w2c": [0.153577521443367, -0.9881366491317749, -1.328437448933073e-08, -0.672063946723938, -0.1044531762599945, -0.7330891489982605, 0.7243922352790833, 0.11258605867624283, -0.6801326870918274], "cam_t_w2c": [-78.76744079589844, -9.37661075592041, 1024.6724853515625], "depth_scale": 1.0},
  "1": {"cam_K": [2346.1825408935547, 0.0, 956.150695733726, 0.0, 2351.0241982895623, 613.6550906152873, 0.0, 0.0, 1.0], "cam_R_w2c": [0.8608975410461426, -0.5087783932685852, -7.775283705768743e-08, -0.2762984037399292, -0.46752098202705383, -0.8396924734115601, 0.4272173345088959, 0.7228891849517822, -0.5430623292922974], "cam_t_w2c": [-17.767230987548828, -23.49698257446289, 816.2122192382812], "depth_scale": 1.0}
}