{
  "0": {"cam_K": [711.1112738715278, 0.0, 255.5, 0.0, 711.1112738715278, 255.5, 0.0, 0.0, 1.0], "cam_R_w2c": [-0.7656749486923218, -0.643057644367218, 0.014794214628636837, -0.5708194971084595, 0.6687012314796448, -0.4764491021633148, 0.2964913249015808, -0.37324994802474976, -0.8790776133537292], "cam_t_w2c": [-4.957174777984619, 39.2217903137207, 335.53173828125], "depth_scale": 1.0}
}