{
  "0": {"cam_K": [711.1112738715278, 0.0, 255.5, 0.0, 711.1112738715278, 255.5, 0.0, 0.0, 1.0], "cam_R_w2c": [-0.10261840373277664, -0.964484453201294, 0.24339117109775543, -0.25344088673591614, -0.21125683188438416, -0.9440012574195862, 0.9618925452232361, -0.15855713188648224, -0.22276102006435394], "cam_t_w2c": [-135.2410125732422, -17.023571014404297, 143.8501739501953], "depth_scale": 1.0},
  "1": {"cam_K": [711.1112738715278, 0.0, 255.5, 0.0, 711.1112738715278, 255.5, 0.0, 0.0, 1.0], "cam_R_w2c": [0.409105122089386, -0.8545789122581482, 0.31988731026649475, -0.28036147356033325, -0.4513294994831085, -0.8471713066101074, 0.8683492541313171, 0.25689807534217834, -0.42423221468925476], "cam_t_w2c": [-117.50244140625, -50.491310119628906, 212.58377075195312], "depth_scale": 1.0}
}