{
  "0": {"cam_K": [711.1112738715278, 0.0, 255.5, 0.0, 711.1112738715278, 255.5, 0.0, 0.0, 1.0], "cam_R_w2c": [0.284797340631485, 0.9584068059921265, -0.01862523891031742, 0.9519435167312622, -0.2850535809993744, -0.11201757937669754, -0.11266760528087616, 0.014172131195664406, -0.9935316443443298], "cam_t_w2c": [-245.64808654785156, 249.0906219482422, 602.9662475585938], "depth_scale": 1.0},
  "1": {"cam_K": [711.1112738715278, 0.0, 255.5, 0.0, 711.1112738715278, 255.5, 0.0, 0.0, 1.0], "cam_R_w2c": [0.284797340631485, 0.9584068059921265, -0.01862523891031742, 0.9519435167312622, -0.2850535809993744, -0.11201757937669754, -0.11266760528087616, 0.014172131195664406, -0.9935316443443298], "cam_t_w2c": [-245.64808654785156, 249.0906219482422, 602.9662475585938], "depth_scale": 1.0},
  "2": {"cam_K": [711.1112738715278, 0.0, 255.5, 0.0, 711.1112738715278, 255.5, 0.0, 0.0, 1.0], "cam_R_w2c": [-0.9970441460609436, 0.027088839560747147, -0.07189636677503586, 0.03460234776139259, 0.9938268661499023, -0.10540802776813507, 0.06859716027975082, -0.10758423805236816, -0.991826593875885], "cam_t_w2c": [-325.4535217285156, -311.8293151855469, 668.9151611328125], "depth_scale": 1.0},
  "3": {"cam_K": [711.1112738715278, 0.0, 255.5, 0.0, 711.1112738715278, 255.5, 0.0, 0.0, 1.0], "cam_R_w2c": [-0.9970441460609436, 0.027088839560747147, -0.07189636677503586, 0.03460234776139259, 0.9938268661499023, -0.10540802776813507, 0.06859716027975082, -0.10758423805236816, -0.991826593875885], "cam_t_w2c": [-325.4535217285156, -311.8293151855469, 668.9151611328125], "depth_scale": 1.0},
  "4": {"cam_K": [711.1112738715278, 0.0, 255.5, 0.0, 711.1112738715278, 255.5, 0.0, 0.0, 1.0], "cam_R_w2c": [-0.9970441460609436, 0.027088839560747147, -0.07189636677503586, 0.03460234776139259, 0.9938268661499023, -0.10540802776813507, 0.06859716027975082, -0.10758423805236816, -0.991826593875885], "cam_t_w2c": [-325.4535217285156, -311.8293151855469, 668.9151611328125], "depth_scale": 1.0}
}