{
  "0": {"cam_K": [711.1112738715278, 0.0, 255.5, 0.0, 711.1112738715278, 255.5, 0.0, 0.0, 1.0], "cam_R_w2c": [0.9877530336380005, -0.1560254842042923, 3.214573496279627e-08, -0.15598271787166595, -0.9874821901321411, -0.023412995040416718, 0.0036530557554215193, 0.023126251995563507, -0.9997258186340332], "cam_t_w2c": [9163.79296875, -115598.1484375, -4468815.0], "depth_scale": 1.0},
  "1": {"cam_K": [711.1112738715278, 0.0, 255.5, 0.0, 711.1112738715278, 255.5, 0.0, 0.0, 1.0], "cam_R_w2c": [0.611691415309906, -0.7910964488983154, 2.4171910695258703e-08, -0.7171397805213928, -0.5545067191123962, -0.4221763610839844, 0.3339822292327881, 0.2582416534423828, -0.9065137505531311], "cam_t_w2c": [-822.0127563476562, -1900502.625, -4046128.0], "depth_scale": 1.0}
}