{
  "0": [{"cam_R_m2c": [-0.9186140298843384, 0.1004929468035698, -0.38216421008110046, -0.12446755915880203, -0.9914777278900146, 0.03846808522939682, -0.37504154443740845, 0.08290436863899231, 0.92329341173172], "cam_t_m2c": [-191.72036743164062, -15.877127647399902, 1207.3411865234375], "obj_id": 2}, {"cam_R_m2c": [-0.83990478515625, 0.4362550377845764, 0.3228645324707031, 0.5351839661598206, 0.5668526887893677, 0.6263036131858826, 0.09021146595478058, 0.69882732629776, -0.7095789313316345], "cam_t_m2c": [9174.9111328125, -10694.4853515625, 15674.2060546875], "obj_id": 3}],
  "1": [{"cam_R_m2c": [-0.7477463483810425, -0.6081456542015076, -0.266522616147995, 0.33542487025260925, -0.6923875212669373, 0.6388190388679504, -0.5730319619178772, 0.3882763087749481, 0.721717357635498], "cam_t_m2c": [-156.4751739501953, 263.3070983886719, 1295.2540283203125], "obj_id": 2}, {"cam_R_m2c": [-0.24557135999202728, 0.694945752620697, 0.6758292317390442, 0.9171724319458008, 0.39227545261383057, -0.07010486721992493, -0.31383031606674194, 0.6026362180709839, -0.7337167263031006], "cam_t_m2c": [-896.545654296875, -6826.04931640625, 20275.35546875], "obj_id": 3}]
}