{
  "0": {"cam_K": [711.1112738715278, 0.0, 255.5, 0.0, 711.1112738715278, 255.5, 0.0, 0.0, 1.0], "cam_R_w2c": [-0.23735834658145905, 0.9714221358299255, -6.570735422428697e-08, 0.8570494651794434, 0.20941242575645447, -0.47075751423835754, -0.4573042690753937, -0.11173829436302185, -0.8822625875473022], "cam_t_w2c": [473.8652038574219, -2111687.5, -3956460.25], "depth_scale": 1.0},
  "1": {"cam_K": [711.1112738715278, 0.0, 255.5, 0.0, 711.1112738715278, 255.5, 0.0, 0.0, 1.0], "cam_R_w2c": [-0.11566728353500366, -0.9932880401611328, 9.636071496288423e-08, -0.9723776578903198, 0.11323228478431702, -0.2041080743074417, 0.20273809134960175, -0.023608719930052757, -0.9789483547210693], "cam_t_w2c": [-419.9319763183594, -915320.3125, -4390254.0], "depth_scale": 1.0}
}