{
  "0": {"cam_K": [711.1112738715278, 0.0, 255.5, 0.0, 711.1112738715278, 255.5, 0.0, 0.0, 1.0], "cam_R_w2c": [0.852522611618042, -0.5016908645629883, -0.14666783809661865, -0.4200250208377838, -0.49053719639778137, -0.7635131478309631, 0.3111015558242798, 0.7125164270401001, -0.6289167404174805], "cam_t_w2c": [-86.48646545410156, 29.966474533081055, 922.8794555664062], "depth_scale": 1.0},
  "1": {"cam_K": [711.1112738715278, 0.0, 255.5, 0.0, 711.1112738715278, 255.5, 0.0, 0.0, 1.0], "cam_R_w2c": [0.5797159075737, 0.7920729517936707, -0.19118039309978485, 0.1770436316728592, -0.35146838426589966, -0.9193071722984314, -0.7953521609306335, 0.499089777469635, -0.34398332238197327], "cam_t_w2c": [-295.90679931640625, 85.68462371826172, 891.106689453125], "depth_scale": 1.0},
  "2": {"cam_K": [711.1112738715278, 0.0, 255.5, 0.0, 711.1112738715278, 255.5, 0.0, 0.0, 1.0], "cam_R_w2c": [0.5797159075737, 0.7920729517936707, -0.19118039309978485, 0.1770436316728592, -0.35146838426589966, -0.9193071722984314, -0.7953521609306335, 0.499089777469635, -0.34398332238197327], "cam_t_w2c": [-295.90679931640625, 85.68462371826172, 891.106689453125], "depth_scale": 1.0},
  "3": {"cam_K": [711.1112738715278, 0.0, 255.5, 0.0, 711.1112738715278, 255.5, 0.0, 0.0, 1.0], "cam_R_w2c": [0.9580816030502319, 0.281070739030838, -0.055487826466560364, -0.022888170555233955, -0.11796678602695465, -0.9927537441253662, -0.28557977080345154, 0.9524090886116028, -0.10658860951662064], "cam_t_w2c": [-221.660400390625, 28.861928939819336, 605.264404296875], "depth_scale": 1.0},
  "4": {"cam_K": [711.1112738715278, 0.0, 255.5, 0.0, 711.1112738715278, 255.5, 0.0, 0.0, 1.0], "cam_R_w2c": [0.9580816030502319, 0.281070739030838, -0.055487826466560364, -0.022888170555233955, -0.11796678602695465, -0.9927537441253662, -0.28557977080345154, 0.9524090886116028, -0.10658860951662064], "cam_t_w2c": [-221.660400390625, 28.861928939819336, 605.264404296875], "depth_scale": 1.0}
}