{
  "0": {"cam_K": [711.1112738715278, 0.0, 255.5, 0.0, 711.1112738715278, 255.5, 0.0, 0.0, 1.0], "cam_R_w2c": [0.21259278059005737, -0.9434069991111755, -0.2545340955257416, -0.23131133615970612, 0.20449665188789368, -0.9511446952819824, 0.9493679404258728, 0.2610831558704376, -0.17474624514579773], "cam_t_w2c": [-53.2840461730957, 46.49224853515625, 18.047910690307617], "depth_scale": 1.0},
  "1": {"cam_K": [711.1112738715278, 0.0, 255.5, 0.0, 711.1112738715278, 255.5, 0.0, 0.0, 1.0], "cam_R_w2c": [0.3002765476703644, -0.9532678723335266, -0.03338421881198883, -0.2865671217441559, -0.05677483603358269, -0.9563765525817871, 0.9097875356674194, 0.29674434661865234, -0.29022344946861267], "cam_t_w2c": [-67.66541290283203, 49.10121536254883, 23.353261947631836], "depth_scale": 1.0}
}