{
  "0": {"cam_K": [711.1112738715278, 0.0, 255.5, 0.0, 711.1112738715278, 255.5, 0.0, 0.0, 1.0], "cam_R_w2c": [-0.894508421421051, 0.4470510184764862, -2.5503462453002612e-08, 0.25938692688941956, 0.5190096497535706, -0.8144614100456238, -0.36410579085350037, -0.7285426259040833, -0.580217719078064], "cam_t_w2c": [-36.92864990234375, -3653277.75, -2601852.25], "depth_scale": 1.0},
  "1": {"cam_K": [711.1112738715278, 0.0, 255.5, 0.0, 711.1112738715278, 255.5, 0.0, 0.0, 1.0], "cam_R_w2c": [-0.5765267014503479, -0.8170783519744873, 7.843693694553622e-09, -0.4060290455818176, 0.28649216890335083, -0.8677918314933777, 0.7090539336204529, -0.50030517578125, -0.496927946805954], "cam_t_w2c": [-65.29389953613281, -3892543.25, -2228136.0], "depth_scale": 1.0}
}