{
  "0": {"cam_K": [711.1112738715278, 0.0, 255.5, 0.0, 711.1112738715278, 255.5, 0.0, 0.0, 1.0], "cam_R_w2c": [0.10484489053487778, -0.9918698072433472, -0.07212454080581665, -0.6807220578193665, -0.018705392256379128, -0.7323030233383179, 0.7250000834465027, 0.12587502598762512, -0.6771488189697266], "cam_t_w2c": [198.4600372314453, -1.3775081634521484, 291.2843933105469], "depth_scale": 1.0},
  "1": {"cam_K": [711.1112738715278, 0.0, 255.5, 0.0, 711.1112738715278, 255.5, 0.0, 0.0, 1.0], "cam_R_w2c": [-0.7406447529792786, 0.6692233681678772, 0.05988337844610214, 0.15145379304885864, 0.25311774015426636, -0.9555068612098694, -0.654604971408844, -0.6986213326454163, -0.28882694244384766], "cam_t_w2c": [-146.01368713378906, -100.7657470703125, 443.495361328125], "depth_scale": 1.0}
}