{
  "0": {"cam_K": [711.1112738715278, 0.0, 255.5, 0.0, 711.1112738715278, 255.5, 0.0, 0.0, 1.0], "cam_R_w2c": [0.41527849435806274, 0.9096943140029907, -1.8661349798776428e-08, 0.6184659600257874, -0.28233176469802856, -0.7333407402038574, -0.6671159267425537, 0.30454063415527344, -0.6798612475395203], "cam_t_w2c": [299.2624816894531, -52.278282165527344, 1197.982177734375], "depth_scale": 1.0},
  "1": {"cam_K": [711.1112738715278, 0.0, 255.5, 0.0, 711.1112738715278, 255.5, 0.0, 0.0, 1.0], "cam_R_w2c": [-0.9171050190925598, -0.39864587783813477, 4.586985014043421e-08, -0.10620373487472534, 0.2443269044160843, -0.9638595581054688, 0.384238600730896, -0.8839603662490845, -0.2664111852645874], "cam_t_w2c": [-63.836605072021484, 243.60971069335938, 482.5838928222656], "depth_scale": 1.0}
}