{
  "0": {"cam_K": [2346.1825408935547, 0.0, 956.150695733726, 0.0, 2351.0241982895623, 613.6550906152873, 0.0, 0.0, 1.0], "cam_R_w2c": [-0.050492990761995316, 0.9987245202064514, -8.22002732547844e-08, 0.49982795119285583, 0.025269849225878716, -0.865756094455719, -0.8646517395973206, -0.04371458292007446, -0.5004664063453674], "cam_t_w2c": [1666.7113037109375, 565.8763427734375, 1464.69921875], "depth_scale": 1.0}
}