{
  "0": [{"cam_R_m2c": [-0.9313136339187622, 0.3638136088848114, -0.017161598429083824, -0.2600981593132019, -0.697321891784668, -0.6679005026817322, -0.25495845079421997, -0.6175611615180969, 0.7440526485443115], "cam_t_m2c": [1643.1195068359375, 509.6647644042969, 1462.0328369140625], "obj_id": 3}]
}