{
  "0": {"cam_K": [2346.1825408935547, 0.0, 956.150695733726, 0.0, 2351.0241982895623, 613.6550906152873, 0.0, 0.0, 1.0], "cam_R_w2c": [-0.28226393461227417, 0.9561512470245361, 0.07811477035284042, 0.33250004053115845, 0.17388467490673065, -0.9269346594810486, -0.8998726606369019, -0.23566704988479614, -0.3670016825199127], "cam_t_w2c": [26.5636043548584, -5.716857433319092, 670.9998779296875], "depth_scale": 1.0},
  "1": {"cam_K": [2346.1825408935547, 0.0, 956.150695733726, 0.0, 2351.0241982895623, 613.6550906152873, 0.0, 0.0, 1.0], "cam_R_w2c": [-0.8247780799865723, 0.5639855265617371, 0.040761638432741165, 0.16322144865989685, 0.30647405982017517, -0.9377806186676025, -0.5413870215415955, -0.7668076753616333, -0.34482765197753906], "cam_t_w2c": [69.4940414428711, 9.031722068786621, 532.9437255859375], "depth_scale": 1.0}
}