{
  "0": [{"cam_R_m2c": [0.5202324390411377, 0.6666094064712524, 0.5338445901870728, 0.6966227293014526, 0.03037898987531662, -0.7167941927909851, -0.4940394163131714, 0.744787871837616, -0.4485711455345154], "cam_t_m2c": [357.626220703125, 203.12400817871094, 699.2177124023438], "obj_id": 0}, {"cam_R_m2c": [-0.9199694395065308, 0.30281615257263184, 0.24891546368598938, 0.2711544632911682, 0.9501745104789734, -0.15376479923725128, -0.28307560086250305, -0.07396436482667923, -0.9562414884567261], "cam_t_m2c": [145.4912872314453, 29.267763137817383, 611.8306884765625], "obj_id": 0}],
  "1": [{"cam_R_m2c": [0.9538491368293762, 0.2679371237754822, 0.1355784833431244, 0.18949030339717865, -0.1868150234222412, -0.9639467597007751, -0.23294904828071594, 0.94515061378479, -0.22896483540534973], "cam_t_m2c": [502.7464599609375, -98.4539566040039, 616.50390625], "obj_id": 0}, {"cam_R_m2c": [-0.4372577667236328, 0.7976202368736267, 0.4154607951641083, 0.6623850464820862, 0.5981037616729736, -0.451129674911499, -0.6083188056945801, 0.07793506234884262, -0.7898572087287903], "cam_t_m2c": [273.19384765625, -143.23431396484375, 448.63055419921875], "obj_id": 0}]
}