{
  "0": {"cam_K": [711.1112738715278, 0.0, 255.5, 0.0, 711.1112738715278, 255.5, 0.0, 0.0, 1.0], "cam_R_w2c": [0.5277495384216309, -0.8494000434875488, -4.608144976714357e-08, -0.735450267791748, -0.45695021748542786, -0.5003092885017395, 0.42496269941329956, 0.2640380263328552, -0.8658467531204224], "cam_t_w2c": [242.87998962402344, -2244076.75, -3883226.75], "depth_scale": 1.0},
  "1": {"cam_K": [711.1112738715278, 0.0, 255.5, 0.0, 711.1112738715278, 255.5, 0.0, 0.0, 1.0], "cam_R_w2c": [-0.17016050219535828, -0.9854163527488708, -3.369400758401753e-08, -0.8015024065971375, 0.13840247690677643, -0.5817548036575317, 0.5732706785202026, -0.09899166226387024, -0.8133642077445984], "cam_t_w2c": [391.99249267578125, -2609648.25, -3647934.25], "depth_scale": 1.0}
}