{
  "0": {"cam_K": [711.1112738715278, 0.0, 255.5, 0.0, 711.1112738715278, 255.5, 0.0, 0.0, 1.0], "cam_R_w2c": [-0.9211820363998413, -0.373518705368042, 0.1091209277510643, -0.29974693059921265, 0.5022919178009033, -0.8110823631286621, 0.24814386665821075, -0.779863178730011, -0.5746634006500244], "cam_t_w2c": [155.73719787597656, 148.2953643798828, 555.4534301757812], "depth_scale": 1.0},
  "1": {"cam_K": [711.1112738715278, 0.0, 255.5, 0.0, 711.1112738715278, 255.5, 0.0, 0.0, 1.0], "cam_R_w2c": [0.5388827919960022, 0.8370677828788757, -0.09446121007204056, 0.4371047019958496, -0.3737167418003082, -0.8180925250053406, -0.7201005816459656, 0.39956656098365784, -0.5672757625579834], "cam_t_w2c": [-14.150691032409668, 140.78009033203125, 599.573974609375], "depth_scale": 1.0},
  "2": {"cam_K": [711.1112738715278, 0.0, 255.5, 0.0, 711.1112738715278, 255.5, 0.0, 0.0, 1.0], "cam_R_w2c": [0.5388827919960022, 0.8370677828788757, -0.09446121007204056, 0.4371047019958496, -0.3737167418003082, -0.8180925250053406, -0.7201005816459656, 0.39956656098365784, -0.5672757625579834], "cam_t_w2c": [-14.150691032409668, 140.78009033203125, 599.573974609375], "depth_scale": 1.0},
  "3": {"cam_K": [711.1112738715278, 0.0, 255.5, 0.0, 711.1112738715278, 255.5, 0.0, 0.0, 1.0], "cam_R_w2c": [-0.9731107950210571, 0.10545528680086136, 0.2047792226076126, -0.13023421168327332, 0.48139238357543945, -0.8667758703231812, -0.1899852603673935, -0.8701382279396057, -0.45471423864364624], "cam_t_w2c": [134.4571075439453, 14.378911972045898, 942.696044921875], "depth_scale": 1.0}
}