{
  "0": {"cam_K": [711.1112738715278, 0.0, 255.5, 0.0, 711.1112738715278, 255.5, 0.0, 0.0, 1.0], "cam_R_w2c": [-0.9970587491989136, 0.06749416887760162, 0.03631063178181648, 0.01992294006049633, 0.6857356429100037, -0.7275779843330383, -0.07400676608085632, -0.7247145771980286, -0.6850634217262268], "cam_t_w2c": [185.5838623046875, -124.65532684326172, 990.9465942382812], "depth_scale": 1.0},
  "1": {"cam_K": [711.1112738715278, 0.0, 255.5, 0.0, 711.1112738715278, 255.5, 0.0, 0.0, 1.0], "cam_R_w2c": [-0.9970587491989136, 0.06749416887760162, 0.03631063178181648, 0.01992294006049633, 0.6857356429100037, -0.7275779843330383, -0.07400676608085632, -0.7247145771980286, -0.6850634217262268], "cam_t_w2c": [185.5838623046875, -124.65532684326172, 990.9465942382812], "depth_scale": 1.0}
}