{
  "0": {"cam_K": [711.1112738715278, 0.0, 255.5, 0.0, 711.1112738715278, 255.5, 0.0, 0.0, 1.0], "cam_R_w2c": [-0.4840809106826782, -0.5473366379737854, -0.6827065944671631, 0.1736883521080017, 0.704586386680603, -0.6880336999893188, 0.8576118350028992, -0.45164215564727783, -0.24601085484027863], "cam_t_w2c": [-67.7464828491211, 132.2869415283203, 123.05277252197266], "depth_scale": 1.0},
  "1": {"cam_K": [711.1112738715278, 0.0, 255.5, 0.0, 711.1112738715278, 255.5, 0.0, 0.0, 1.0], "cam_R_w2c": [-0.9803116917610168, -0.12370419502258301, -0.15390275418758392, -0.042787112295627594, 0.89399254322052, -0.44603434205055237, 0.19276423752307892, -0.4306676685810089, -0.8816842436790466], "cam_t_w2c": [171.14776611328125, 37.095149993896484, 138.47267150878906], "depth_scale": 1.0}
}