{
  "0": {"cam_K": [711.1112738715278, 0.0, 255.5, 0.0, 711.1112738715278, 255.5, 0.0, 0.0, 1.0], "cam_R_w2c": [0.9985485672950745, 0.02017204463481903, -0.049938347190618515, -0.026253772899508476, -0.6272863149642944, -0.778346061706543, -0.04702647402882576, 0.7785274386405945, -0.625846266746521], "cam_t_w2c": [-305.0777282714844, 51.571754455566406, 701.7354736328125], "depth_scale": 1.0},
  "1": {"cam_K": [711.1112738715278, 0.0, 255.5, 0.0, 711.1112738715278, 255.5, 0.0, 0.0, 1.0], "cam_R_w2c": [0.9985485672950745, 0.02017204463481903, -0.049938347190618515, -0.026253772899508476, -0.6272863149642944, -0.778346061706543, -0.04702647402882576, 0.7785274386405945, -0.625846266746521], "cam_t_w2c": [-305.0777282714844, 51.571754455566406, 701.7354736328125], "depth_scale": 1.0},
  "2": {"cam_K": [711.1112738715278, 0.0, 255.5, 0.0, 711.1112738715278, 255.5, 0.0, 0.0, 1.0], "cam_R_w2c": [0.7857265472412109, -0.6183226108551025, 0.017635049298405647, -0.18795831501483917, -0.2658129930496216, -0.945523738861084, 0.5893263220787048, 0.7396084070205688, -0.3250751793384552], "cam_t_w2c": [-179.82981872558594, 90.61283111572266, 711.2825317382812], "depth_scale": 1.0},
  "3": {"cam_K": [711.1112738715278, 0.0, 255.5, 0.0, 711.1112738715278, 255.5, 0.0, 0.0, 1.0], "cam_R_w2c": [0.7857265472412109, -0.6183226108551025, 0.017635049298405647, -0.18795831501483917, -0.2658129930496216, -0.945523738861084, 0.5893263220787048, 0.7396084070205688, -0.3250751793384552], "cam_t_w2c": [-179.82981872558594, 90.61283111572266, 711.2825317382812], "depth_scale": 1.0},
  "4": {"cam_K": [711.1112738715278, 0.0, 255.5, 0.0, 711.1112738715278, 255.5, 0.0, 0.0, 1.0], "cam_R_w2c": [-0.8321167230606079, -0.5505860447883606, -0.06660792231559753, -0.26855841279029846, 0.5051062703132629, -0.8202097415924072, 0.48524010181427, -0.6646221876144409, -0.5681718587875366], "cam_t_w2c": [284.7750549316406, 57.818599700927734, 860.5314331054688], "depth_scale": 1.0}
}