{
  "0": {"cam_K": [711.1112738715278, 0.0, 255.5, 0.0, 711.1112738715278, 255.5, 0.0, 0.0, 1.0], "cam_R_w2c": [0.13812008500099182, 0.9583917856216431, 0.2498161643743515, 0.20571421086788177, 0.21897219121456146, -0.9537991881370544, -0.9688160419464111, 0.18312960863113403, -0.16691038012504578], "cam_t_w2c": [-173.83494567871094, -14.164274215698242, 454.56646728515625], "depth_scale": 1.0},
  "1": {"cam_K": [711.1112738715278, 0.0, 255.5, 0.0, 711.1112738715278, 255.5, 0.0, 0.0, 1.0], "cam_R_w2c": [-0.8913917541503906, -0.3828895390033722, 0.24252109229564667, -0.4041630029678345, 0.4293496310710907, -0.8076578378677368, 0.2051173746585846, -0.8179575204849243, -0.5374685525894165], "cam_t_w2c": [-19.620607376098633, -207.5652618408203, 892.5260009765625], "depth_scale": 1.0},
  "2": {"cam_K": [711.1112738715278, 0.0, 255.5, 0.0, 711.1112738715278, 255.5, 0.0, 0.0, 1.0], "cam_R_w2c": [-0.8913917541503906, -0.3828895390033722, 0.24252109229564667, -0.4041630029678345, 0.4293496310710907, -0.8076578378677368, 0.2051173746585846, -0.8179575204849243, -0.5374685525894165], "cam_t_w2c": [-19.620607376098633, -207.5652618408203, 892.5260009765625], "depth_scale": 1.0},
  "3": {"cam_K": [711.1112738715278, 0.0, 255.5, 0.0, 711.1112738715278, 255.5, 0.0, 0.0, 1.0], "cam_R_w2c": [-0.14691056311130524, -0.971703290939331, -0.18495985865592957, -0.2918141484260559, 0.22124268114566803, -0.9305354952812195, 0.9451253414154053, -0.08273154497146606, -0.3160596787929535], "cam_t_w2c": [309.00762939453125, -102.49864959716797, 693.4545288085938], "depth_scale": 1.0},
  "4": {"cam_K": [711.1112738715278, 0.0, 255.5, 0.0, 711.1112738715278, 255.5, 0.0, 0.0, 1.0], "cam_R_w2c": [-0.14691056311130524, -0.971703290939331, -0.18495985865592957, -0.2918141484260559, 0.22124268114566803, -0.9305354952812195, 0.9451253414154053, -0.08273154497146606, -0.3160596787929535], "cam_t_w2c": [309.00762939453125, -102.49864959716797, 693.4545288085938], "depth_scale": 1.0},
  "5": {"cam_K": [711.1112738715278, 0.0, 255.5, 0.0, 711.1112738715278, 255.5, 0.0, 0.0, 1.0], "cam_R_w2c": [-0.8636639714241028, -0.4628162980079651, -0.1997143179178238, -0.14384661614894867, 0.6060243248939514, -0.7823315858840942, 0.4831075072288513, -0.6469433307647705, -0.5899760127067566], "cam_t_w2c": [26.919055938720703, -199.37030029296875, 861.370849609375], "depth_scale": 1.0},
  "6": {"cam_K": [711.1112738715278, 0.0, 255.5, 0.0, 711.1112738715278, 255.5, 0.0, 0.0, 1.0], "cam_R_w2c": [-0.8636639714241028, -0.4628162980079651, -0.1997143179178238, -0.14384661614894867, 0.6060243248939514, -0.7823315858840942, 0.4831075072288513, -0.6469433307647705, -0.5899760127067566], "cam_t_w2c": [26.919055938720703, -199.37030029296875, 861.370849609375], "depth_scale": 1.0},
  "7": {"cam_K": [711.1112738715278, 0.0, 255.5, 0.0, 711.1112738715278, 255.5, 0.0, 0.0, 1.0], "cam_R_w2c": [0.9931313991546631, 0.10639943927526474, -0.048674605786800385, -0.011080056428909302, -0.3286137878894806, -0.9443994164466858, -0.11647871136665344, 0.9384520649909973, -0.32517775893211365], "cam_t_w2c": [149.61151123046875, 138.54620361328125, 175.15843200683594], "depth_scale": 1.0}
}