{
  "0": {"cam_K": [2346.1825408935547, 0.0, 956.150695733726, 0.0, 2351.0241982895623, 613.6550906152873, 0.0, 0.0, 1.0], "cam_R_w2c": [0.6487154364585876, -0.7610310912132263, 8.029821430000084e-08, -0.3888072967529297, -0.33142590522766113, -0.8596428632736206, 0.6542149186134338, 0.5576635599136353, -0.5108955502510071], "cam_t_w2c": [36.018836975097656, 2.091064929962158, 1003.6608276367188], "depth_scale": 1.0},
  "1": {"cam_K": [2346.1825408935547, 0.0, 956.150695733726, 0.0, 2351.0241982895623, 613.6550906152873, 0.0, 0.0, 1.0], "cam_R_w2c": [-0.4988700747489929, 0.8666768670082092, -3.6356107102619717e-07, 0.37757912278175354, 0.21733880043029785, -0.9001099467277527, -0.780104398727417, -0.44903796911239624, -0.4356629550457001], "cam_t_w2c": [-20.80068588256836, 82.15397644042969, 854.97314453125], "depth_scale": 1.0}
}