{
  "0": {"cam_K": [2346.1825408935547, 0.0, 956.150695733726, 0.0, 2351.0241982895623, 613.6550906152873, 0.0, 0.0, 1.0], "cam_R_w2c": [-0.026019234210252762, -0.9996614456176758, -5.739176245356248e-08, -0.5582401752471924, 0.014529920183122158, -0.829552173614502, 0.8292713165283203, -0.021584264934062958, -0.5584292411804199], "cam_t_w2c": [-26.695161819458008, -5.213416576385498, 1065.514404296875], "depth_scale": 1.0},
  "1": {"cam_K": [2346.1825408935547, 0.0, 956.150695733726, 0.0, 2351.0241982895623, 613.6550906152873, 0.0, 0.0, 1.0], "cam_R_w2c": [0.6583073139190674, -0.7527492642402649, -2.507835716869522e-09, -0.4917585253715515, -0.4300612211227417, -0.7571135759353638, 0.5699166655540466, 0.49841341376304626, -0.6532833576202393], "cam_t_w2c": [37.03021240234375, -14.129656791687012, 916.9025268554688], "depth_scale": 1.0}
}