{
  "0": {"cam_K": [711.1112738715278, 0.0, 255.5, 0.0, 711.1112738715278, 255.5, 0.0, 0.0, 1.0], "cam_R_w2c": [-0.6487918496131897, 0.7368400692939758, -0.1900947391986847, 0.4111652374267578, 0.12923845648765564, -0.9023528695106506, -0.6403221487998962, -0.66359943151474, -0.3868119418621063], "cam_t_w2c": [-531.29052734375, 338.7666015625, 250.5319061279297], "depth_scale": 1.0},
  "1": {"cam_K": [711.1112738715278, 0.0, 255.5, 0.0, 711.1112738715278, 255.5, 0.0, 0.0, 1.0], "cam_R_w2c": [0.7402448654174805, 0.652239203453064, -0.1631612628698349, 0.09640312194824219, -0.34313732385635376, -0.934325098991394, -0.665390133857727, 0.6759001016616821, -0.31688353419303894], "cam_t_w2c": [350.2291259765625, 93.46867370605469, 64.24151611328125], "depth_scale": 1.0},
  "2": {"cam_K": [711.1112738715278, 0.0, 255.5, 0.0, 711.1112738715278, 255.5, 0.0, 0.0, 1.0], "cam_R_w2c": [0.7402448654174805, 0.652239203453064, -0.1631612628698349, 0.09640312194824219, -0.34313732385635376, -0.934325098991394, -0.665390133857727, 0.6759001016616821, -0.31688353419303894], "cam_t_w2c": [350.2291259765625, 93.46867370605469, 64.24151611328125], "depth_scale": 1.0},
  "3": {"cam_K": [711.1112738715278, 0.0, 255.5, 0.0, 711.1112738715278, 255.5, 0.0, 0.0, 1.0], "cam_R_w2c": [-0.9871416091918945, -0.03860262781381607, 0.15511728823184967, -0.14653174579143524, 0.6062983274459839, -0.7816206216812134, -0.0638747438788414, -0.794299840927124, -0.6041588187217712], "cam_t_w2c": [-339.4389953613281, -89.35530090332031, 345.1790466308594], "depth_scale": 1.0},
  "4": {"cam_K": [711.1112738715278, 0.0, 255.5, 0.0, 711.1112738715278, 255.5, 0.0, 0.0, 1.0], "cam_R_w2c": [-0.9871416091918945, -0.03860262781381607, 0.15511728823184967, -0.14653174579143524, 0.6062983274459839, -0.7816206216812134, -0.0638747438788414, -0.794299840927124, -0.6041588187217712], "cam_t_w2c": [-339.4389953613281, -89.35530090332031, 345.1790466308594], "depth_scale": 1.0},
  "5": {"cam_K": [711.1112738715278, 0.0, 255.5, 0.0, 711.1112738715278, 255.5, 0.0, 0.0, 1.0], "cam_R_w2c": [-0.03079751878976822, -0.9651085138320923, -0.26003319025039673, -0.5181846618652344, 0.23788152635097504, -0.8215212225914001, 0.8547141551971436, 0.10944443941116333, -0.5074306130409241], "cam_t_w2c": [-392.2536315917969, 47.38857650756836, 681.0518798828125], "depth_scale": 1.0},
  "6": {"cam_K": [711.1112738715278, 0.0, 255.5, 0.0, 711.1112738715278, 255.5, 0.0, 0.0, 1.0], "cam_R_w2c": [-0.03079751878976822, -0.9651085138320923, -0.26003319025039673, -0.5181846618652344, 0.23788152635097504, -0.8215212225914001, 0.8547141551971436, 0.10944443941116333, -0.5074306130409241], "cam_t_w2c": [-392.2536315917969, 47.38857650756836, 681.0518798828125], "depth_scale": 1.0},
  "7": {"cam_K": [711.1112738715278, 0.0, 255.5, 0.0, 711.1112738715278, 255.5, 0.0, 0.0, 1.0], "cam_R_w2c": [0.27607449889183044, -0.9438275694847107, -0.18158292770385742, -0.3938002586364746, 0.06126221641898155, -0.9171522855758667, 0.876757800579071, 0.32470977306365967, -0.3547666072845459], "cam_t_w2c": [-173.3156280517578, 28.866283416748047, 618.36962890625], "depth_scale": 1.0},
  "8": {"cam_K": [711.1112738715278, 0.0, 255.5, 0.0, 711.1112738715278, 255.5, 0.0, 0.0, 1.0], "cam_R_w2c": [0.27607449889183044, -0.9438275694847107, -0.18158292770385742, -0.3938002586364746, 0.06126221641898155, -0.9171522855758667, 0.876757800579071, 0.32470977306365967, -0.3547666072845459], "cam_t_w2c": [-173.3156280517578, 28.866283416748047, 618.36962890625], "depth_scale": 1.0},
  "9": {"cam_K": [711.1112738715278, 0.0, 255.5, 0.0, 711.1112738715278, 255.5, 0.0, 0.0, 1.0], "cam_R_w2c": [0.9418480396270752, 0.3224640190601349, -0.09454774111509323, -0.014277830719947815, -0.24270407855510712, -0.9699953198432922, -0.3357357084751129, 0.9149381518363953, -0.22398626804351807], "cam_t_w2c": [125.11695861816406, 112.2868423461914, 613.2313232421875], "depth_scale": 1.0}
}