{
  "0": {"cam_K": [711.1112738715278, 0.0, 255.5, 0.0, 711.1112738715278, 255.5, 0.0, 0.0, 1.0], "cam_R_w2c": [0.7553564310073853, -0.6463838219642639, -0.10781766474246979, -0.30798476934432983, -0.2049395591020584, -0.9290560483932495, 0.578430712223053, 0.7349746823310852, -0.35387876629829407], "cam_t_w2c": [-320.9306640625, -91.5878677368164, 832.7002563476562], "depth_scale": 1.0},
  "1": {"cam_K": [711.1112738715278, 0.0, 255.5, 0.0, 711.1112738715278, 255.5, 0.0, 0.0, 1.0], "cam_R_w2c": [0.0029800233896821737, -0.9570978879928589, -0.28974947333335876, -0.12338599562644958, 0.2871847450733185, -0.9498951435089111, 0.9923542737960815, 0.03858174383640289, -0.1172366663813591], "cam_t_w2c": [-93.68594360351562, 21.029142379760742, 739.006103515625], "depth_scale": 1.0},
  "2": {"cam_K": [711.1112738715278, 0.0, 255.5, 0.0, 711.1112738715278, 255.5, 0.0, 0.0, 1.0], "cam_R_w2c": [0.0029800233896821737, -0.9570978879928589, -0.28974947333335876, -0.12338599562644958, 0.2871847450733185, -0.9498951435089111, 0.9923542737960815, 0.03858174383640289, -0.1172366663813591], "cam_t_w2c": [-93.68594360351562, 21.029142379760742, 739.006103515625], "depth_scale": 1.0},
  "3": {"cam_K": [711.1112738715278, 0.0, 255.5, 0.0, 711.1112738715278, 255.5, 0.0, 0.0, 1.0], "cam_R_w2c": [0.501232922077179, 0.8647823333740234, -0.03028256446123123, 0.10384728759527206, -0.09485998749732971, -0.9900592565536499, -0.8590583801269531, 0.49310559034347534, -0.13735225796699524], "cam_t_w2c": [267.2692565917969, 49.98091125488281, 377.06781005859375], "depth_scale": 1.0},
  "4": {"cam_K": [711.1112738715278, 0.0, 255.5, 0.0, 711.1112738715278, 255.5, 0.0, 0.0, 1.0], "cam_R_w2c": [0.501232922077179, 0.8647823333740234, -0.03028256446123123, 0.10384728759527206, -0.09485998749732971, -0.9900592565536499, -0.8590583801269531, 0.49310559034347534, -0.13735225796699524], "cam_t_w2c": [267.2692565917969, 49.98091125488281, 377.06781005859375], "depth_scale": 1.0},
  "5": {"cam_K": [711.1112738715278, 0.0, 255.5, 0.0, 711.1112738715278, 255.5, 0.0, 0.0, 1.0], "cam_R_w2c": [-0.8962231278419495, 0.3759520351886749, 0.23546604812145233, -0.057078950107097626, 0.42865893244743347, -0.9016615748405457, -0.43991610407829285, -0.8215300440788269, -0.36271512508392334], "cam_t_w2c": [-231.96188354492188, 89.73711395263672, 198.6463623046875], "depth_scale": 1.0},
  "6": {"cam_K": [711.1112738715278, 0.0, 255.5, 0.0, 711.1112738715278, 255.5, 0.0, 0.0, 1.0], "cam_R_w2c": [-0.8962231278419495, 0.3759520351886749, 0.23546604812145233, -0.057078950107097626, 0.42865893244743347, -0.9016615748405457, -0.43991610407829285, -0.8215300440788269, -0.36271512508392334], "cam_t_w2c": [-231.96188354492188, 89.73711395263672, 198.6463623046875], "depth_scale": 1.0},
  "7": {"cam_K": [711.1112738715278, 0.0, 255.5, 0.0, 711.1112738715278, 255.5, 0.0, 0.0, 1.0], "cam_R_w2c": [-0.8014559149742126, 0.5980373024940491, 0.004449895117431879, 0.11045343428850174, 0.1553279012441635, -0.9816686511039734, -0.587765634059906, -0.7862726449966431, -0.1905437409877777], "cam_t_w2c": [-156.8028106689453, 131.71751403808594, 183.4494171142578], "depth_scale": 1.0},
  "8": {"cam_K": [711.1112738715278, 0.0, 255.5, 0.0, 711.1112738715278, 255.5, 0.0, 0.0, 1.0], "cam_R_w2c": [-0.8014559149742126, 0.5980373024940491, 0.004449895117431879, 0.11045343428850174, 0.1553279012441635, -0.9816686511039734, -0.587765634059906, -0.7862726449966431, -0.1905437409877777], "cam_t_w2c": [-156.8028106689453, 131.71751403808594, 183.4494171142578], "depth_scale": 1.0},
  "9": {"cam_K": [711.1112738715278, 0.0, 255.5, 0.0, 711.1112738715278, 255.5, 0.0, 0.0, 1.0], "cam_R_w2c": [-0.7415423393249512, 0.6294447183609009, -0.2321951687335968, 0.34710121154785156, 0.06376248598098755, -0.9356576800346375, -0.5741393566131592, -0.7744248509407043, -0.2657637596130371], "cam_t_w2c": [-88.38670349121094, 179.89715576171875, 314.7140197753906], "depth_scale": 1.0}
}