{
  "0": {"cam_K": [711.1112738715278, 0.0, 255.5, 0.0, 711.1112738715278, 255.5, 0.0, 0.0, 1.0], "cam_R_w2c": [0.7004665732383728, 0.7136852145195007, 6.271971386695441e-09, 0.6020675301551819, -0.5909162759780884, -0.5369662046432495, -0.38322484493255615, 0.37612688541412354, -0.843603789806366], "cam_t_w2c": [-239.9931182861328, -2408635.25, -3782408.75], "depth_scale": 1.0},
  "1": {"cam_K": [711.1112738715278, 0.0, 255.5, 0.0, 711.1112738715278, 255.5, 0.0, 0.0, 1.0], "cam_R_w2c": [0.6037694215774536, 0.7971590161323547, 7.7577716695032e-08, 0.6953027248382568, -0.5266233086585999, -0.48910343647003174, -0.38989317417144775, 0.2953057587146759, -0.8722258806228638], "cam_t_w2c": [-195.27919006347656, -2193998.5, -3910835.75], "depth_scale": 1.0}
}