{
  "0": {"cam_K": [711.1112738715278, 0.0, 255.5, 0.0, 711.1112738715278, 255.5, 0.0, 0.0, 1.0], "cam_R_w2c": [-0.28257936239242554, 0.8625684380531311, -0.41967207193374634, 0.8320333957672119, 0.0026842430233955383, -0.554719090461731, -0.4773566424846649, -0.5059333443641663, -0.718444287776947], "cam_t_w2c": [-38.922454833984375, 118.26472473144531, 373.1811828613281], "depth_scale": 1.0}
}