{
  "0": {"cam_K": [711.1112738715278, 0.0, 255.5, 0.0, 711.1112738715278, 255.5, 0.0, 0.0, 1.0], "cam_R_w2c": [-0.8319078683853149, -0.5549138188362122, 9.507047593615425e-08, -0.48035094141960144, 0.7201255559921265, -0.5006816983222961, 0.27783510088920593, -0.4165210425853729, -0.8656315207481384], "cam_t_w2c": [-56.950653076171875, 77.72335815429688, 1233.170166015625], "depth_scale": 1.0},
  "1": {"cam_K": [711.1112738715278, 0.0, 255.5, 0.0, 711.1112738715278, 255.5, 0.0, 0.0, 1.0], "cam_R_w2c": [0.1608731746673584, 0.9869750738143921, -1.5372049233519647e-07, 0.24449312686920166, -0.039851605892181396, -0.9688317775726318, -0.9562128186225891, 0.15585900843143463, -0.2477196902036667], "cam_t_w2c": [-1.863242506980896, 263.2074279785156, 1075.5411376953125], "depth_scale": 1.0}
}