{
  "0": {"cam_K": [711.1112738715278, 0.0, 255.5, 0.0, 711.1112738715278, 255.5, 0.0, 0.0, 1.0], "cam_R_w2c": [-0.7980178594589233, -0.6026341319084167, 9.809345158373617e-08, -0.589948832988739, 0.7812195420265198, -0.20409917831420898, 0.12299703806638718, -0.16287480294704437, -0.9789504408836365], "cam_t_w2c": [77.07640075683594, -915987.3125, -4390708.0], "depth_scale": 1.0},
  "1": {"cam_K": [711.1112738715278, 0.0, 255.5, 0.0, 711.1112738715278, 255.5, 0.0, 0.0, 1.0], "cam_R_w2c": [-0.5458247661590576, 0.837899386882782, -5.916233547509364e-08, 0.4505115747451782, 0.2934723496437073, -0.8431567549705505, -0.7064805030822754, -0.46021586656570435, -0.5376678705215454], "cam_t_w2c": [-415.423828125, -3782410.75, -2410983.75], "depth_scale": 1.0}
}