{
  "0": {"cam_K": [711.1112738715278, 0.0, 255.5, 0.0, 711.1112738715278, 255.5, 0.0, 0.0, 1.0], "cam_R_w2c": [0.9949350357055664, 0.06752753257751465, -0.07445981353521347, -0.04389265179634094, -0.3745444715023041, -0.9261694550514221, -0.09043044596910477, 0.9247466921806335, -0.36968347430229187], "cam_t_w2c": [151.44638061523438, 78.9295883178711, 80.4612045288086], "depth_scale": 1.0}
}