{
  "0": {"cam_K": [711.1112738715278, 0.0, 255.5, 0.0, 711.1112738715278, 255.5, 0.0, 0.0, 1.0], "cam_R_w2c": [0.6495116353034973, -0.7603516578674316, -3.888274591190566e-08, -0.7417160868644714, -0.6335926055908203, -0.2200402021408081, 0.16730791330337524, 0.1429186910390854, -0.9754908084869385], "cam_t_w2c": [-1177.86669921875, -987994.625, -4371127.5], "depth_scale": 1.0},
  "1": {"cam_K": [711.1112738715278, 0.0, 255.5, 0.0, 711.1112738715278, 255.5, 0.0, 0.0, 1.0], "cam_R_w2c": [-0.06039956584572792, 0.998174250125885, -4.2759971563555155e-08, 0.5366827249526978, 0.03247472643852234, -0.8431589007377625, -0.8416195511817932, -0.05092649534344673, -0.5376642942428589], "cam_t_w2c": [2006.8306884765625, -3778835.75, -2409587.75], "depth_scale": 1.0}
}