{
  "0": {"cam_K": [711.1112738715278, 0.0, 255.5, 0.0, 711.1112738715278, 255.5, 0.0, 0.0, 1.0], "cam_R_w2c": [0.7915977239608765, 0.6110426187515259, -3.037219471480057e-07, 0.21230734884738922, -0.2750419080257416, -0.9376980662345886, -0.5729735493659973, 0.742279589176178, -0.347451388835907], "cam_t_w2c": [28.412647247314453, -4206172.0, -1557807.875], "depth_scale": 1.0},
  "1": {"cam_K": [711.1112738715278, 0.0, 255.5, 0.0, 711.1112738715278, 255.5, 0.0, 0.0, 1.0], "cam_R_w2c": [-0.9967655539512634, 0.0803651213645935, 1.0546339268557858e-07, 0.026666805148124695, 0.3307485580444336, -0.9433420896530151, -0.07581183314323425, -0.9402908682823181, -0.33182191848754883], "cam_t_w2c": [-10.98874568939209, -4231473.0, -1487367.75], "depth_scale": 1.0}
}