{
  "0": {"cam_K": [2346.1825408935547, 0.0, 956.150695733726, 0.0, 2351.0241982895623, 613.6550906152873, 0.0, 0.0, 1.0], "cam_R_w2c": [0.25162753462791443, 0.9678242206573486, 1.6813256564773837e-08, 0.10050331056118011, -0.02613024413585663, -0.994593620300293, -0.9625917077064514, 0.25026723742485046, -0.10384468734264374], "cam_t_w2c": [2089.118896484375, 341.2939758300781, 269.507568359375], "depth_scale": 1.0}
}