{
  "0": [{"cam_R_m2c": [-0.9573827981948853, 0.24538454413414001, -0.15233032405376434, -0.09676474332809448, 0.2244236171245575, 0.9696755409240723, 0.27212992310523987, 0.9430909156799316, -0.19111470878124237], "cam_t_m2c": [1725.970947265625, 6145.73583984375, 1010.2332763671875], "obj_id": 3}]
}