{
  "0": {"cam_K": [711.1112738715278, 0.0, 255.5, 0.0, 711.1112738715278, 255.5, 0.0, 0.0, 1.0], "cam_R_w2c": [-0.11805040389299393, -0.9816154837608337, -0.14998459815979004, -0.5415576696395874, 0.19024406373500824, -0.8188545107841492, 0.8323338627815247, -0.015440719202160835, -0.5540598034858704], "cam_t_w2c": [-71.13023376464844, 39.95469284057617, 486.1192321777344], "depth_scale": 1.0},
  "1": {"cam_K": [711.1112738715278, 0.0, 255.5, 0.0, 711.1112738715278, 255.5, 0.0, 0.0, 1.0], "cam_R_w2c": [-0.6969908475875854, 0.7040409445762634, -0.1361256092786789, 0.5395289659500122, 0.38983309268951416, -0.746283233165741, -0.4723476767539978, -0.5935962796211243, -0.6515606045722961], "cam_t_w2c": [79.5523452758789, 19.032960891723633, 408.20721435546875], "depth_scale": 1.0},
  "2": {"cam_K": [711.1112738715278, 0.0, 255.5, 0.0, 711.1112738715278, 255.5, 0.0, 0.0, 1.0], "cam_R_w2c": [-0.6969908475875854, 0.7040409445762634, -0.1361256092786789, 0.5395289659500122, 0.38983309268951416, -0.746283233165741, -0.4723476767539978, -0.5935962796211243, -0.6515606045722961], "cam_t_w2c": [79.5523452758789, 19.032960891723633, 408.20721435546875], "depth_scale": 1.0},
  "3": {"cam_K": [711.1112738715278, 0.0, 255.5, 0.0, 711.1112738715278, 255.5, 0.0, 0.0, 1.0], "cam_R_w2c": [0.7917143702507019, -0.5628088712692261, -0.23755969107151031, -0.3527790904045105, -0.10373762249946594, -0.9299384951591492, 0.4987337291240692, 0.8200517296791077, -0.28067776560783386], "cam_t_w2c": [-66.94677734375, 14.08214282989502, 537.4435424804688], "depth_scale": 1.0},
  "4": {"cam_K": [711.1112738715278, 0.0, 255.5, 0.0, 711.1112738715278, 255.5, 0.0, 0.0, 1.0], "cam_R_w2c": [0.7917143702507019, -0.5628088712692261, -0.23755969107151031, -0.3527790904045105, -0.10373762249946594, -0.9299384951591492, 0.4987337291240692, 0.8200517296791077, -0.28067776560783386], "cam_t_w2c": [-66.94677734375, 14.08214282989502, 537.4435424804688], "depth_scale": 1.0},
  "5": {"cam_K": [711.1112738715278, 0.0, 255.5, 0.0, 711.1112738715278, 255.5, 0.0, 0.0, 1.0], "cam_R_w2c": [-0.9039509296417236, 0.3354061245918274, 0.26528406143188477, -0.21321815252304077, 0.18423908948898315, -0.9594759345054626, -0.3706897795200348, -0.9238824248313904, -0.09502851963043213], "cam_t_w2c": [52.340553283691406, 32.26082229614258, 374.4187927246094], "depth_scale": 1.0},
  "6": {"cam_K": [711.1112738715278, 0.0, 255.5, 0.0, 711.1112738715278, 255.5, 0.0, 0.0, 1.0], "cam_R_w2c": [-0.9039509296417236, 0.3354061245918274, 0.26528406143188477, -0.21321815252304077, 0.18423908948898315, -0.9594759345054626, -0.3706897795200348, -0.9238824248313904, -0.09502851963043213], "cam_t_w2c": [52.340553283691406, 32.26082229614258, 374.4187927246094], "depth_scale": 1.0},
  "7": {"cam_K": [711.1112738715278, 0.0, 255.5, 0.0, 711.1112738715278, 255.5, 0.0, 0.0, 1.0], "cam_R_w2c": [-0.9857963919639587, -0.036294206976890564, -0.16397644579410553, 0.11873135715723038, 0.5399249196052551, -0.833297073841095, 0.11877882480621338, -0.8409303426742554, -0.5279468297958374], "cam_t_w2c": [29.780731201171875, 50.21556854248047, 458.185546875], "depth_scale": 1.0},
  "8": {"cam_K": [711.1112738715278, 0.0, 255.5, 0.0, 711.1112738715278, 255.5, 0.0, 0.0, 1.0], "cam_R_w2c": [-0.9857963919639587, -0.036294206976890564, -0.16397644579410553, 0.11873135715723038, 0.5399249196052551, -0.833297073841095, 0.11877882480621338, -0.8409303426742554, -0.5279468297958374], "cam_t_w2c": [29.780731201171875, 50.21556854248047, 458.185546875], "depth_scale": 1.0},
  "9": {"cam_K": [711.1112738715278, 0.0, 255.5, 0.0, 711.1112738715278, 255.5, 0.0, 0.0, 1.0], "cam_R_w2c": [0.6340409517288208, -0.7461943030357361, -0.2029435634613037, -0.22247321903705597, 0.07532750815153122, -0.9720243811607361, 0.7406063079833984, 0.6614527702331543, -0.11824753135442734], "cam_t_w2c": [-75.13912963867188, 27.587482452392578, 512.81591796875], "depth_scale": 1.0}
}