{
  "0": {"cam_K": [711.1112738715278, 0.0, 255.5, 0.0, 711.1112738715278, 255.5, 0.0, 0.0, 1.0], "cam_R_w2c": [-0.927075982093811, 0.34814250469207764, 0.13902179896831512, 0.1441662609577179, 0.6734346747398376, -0.7250530123710632, -0.3460438549518585, -0.6521369218826294, -0.6745155453681946], "cam_t_w2c": [67.529296875, 135.48866271972656, 111.5342788696289], "depth_scale": 1.0}
}