{
  "0": {"cam_K": [711.1112738715278, 0.0, 255.5, 0.0, 711.1112738715278, 255.5, 0.0, 0.0, 1.0], "cam_R_w2c": [0.9464388489723206, 0.32288312911987305, 1.1096543062194542e-07, 0.3220681846141815, -0.944050133228302, -0.0710047259926796, -0.022926123812794685, 0.06720166653394699, -0.9974761009216309], "cam_t_w2c": [-274.37335205078125, -318018.21875, -4473293.0], "depth_scale": 1.0},
  "1": {"cam_K": [711.1112738715278, 0.0, 255.5, 0.0, 711.1112738715278, 255.5, 0.0, 0.0, 1.0], "cam_R_w2c": [-0.38772979378700256, -0.9217731356620789, 1.2607090127403353e-07, -0.2788798213005066, 0.11730638146400452, -0.9531344771385193, 0.8785736560821533, -0.3695586323738098, -0.3025471270084381], "cam_t_w2c": [543.3333740234375, -4275421.5, -1356160.875], "depth_scale": 1.0}
}