{
  "0": {"cam_K": [711.1112738715278, 0.0, 255.5, 0.0, 711.1112738715278, 255.5, 0.0, 0.0, 1.0], "cam_R_w2c": [-0.9715375900268555, 0.2368859052658081, 4.332785152882934e-08, 0.23193228244781494, 0.9512212872505188, -0.20343433320522308, -0.04819076508283615, -0.19764406979084015, -0.9790887236595154], "cam_t_w2c": [-190.17599487304688, -913057.4375, -4391165.5], "depth_scale": 1.0},
  "1": {"cam_K": [711.1112738715278, 0.0, 255.5, 0.0, 711.1112738715278, 255.5, 0.0, 0.0, 1.0], "cam_R_w2c": [0.7966932058334351, 0.6043838858604431, -5.8747612996512544e-08, 0.18654268980026245, -0.24589891731739044, -0.9511758685112, -0.5748754143714905, 0.7577953338623047, -0.3086493909358978], "cam_t_w2c": [-272.8564147949219, -4266623.0, -1383936.0], "depth_scale": 1.0}
}