{
  "0": {"cam_K": [711.1112738715278, 0.0, 255.5, 0.0, 711.1112738715278, 255.5, 0.0, 0.0, 1.0], "cam_R_w2c": [0.6422374844551086, 0.7224999070167542, 0.2559783160686493, 0.7387070059776306, -0.4942896068096161, -0.45824646949768066, -0.20455560088157654, 0.4833960235118866, -0.8511670231819153], "cam_t_w2c": [-209.6309356689453, -57.0119743347168, 885.4586181640625], "depth_scale": 1.0},
  "1": {"cam_K": [711.1112738715278, 0.0, 255.5, 0.0, 711.1112738715278, 255.5, 0.0, 0.0, 1.0], "cam_R_w2c": [0.6422374844551086, 0.7224999070167542, 0.2559783160686493, 0.7387070059776306, -0.4942896068096161, -0.45824646949768066, -0.20455560088157654, 0.4833960235118866, -0.8511670231819153], "cam_t_w2c": [-209.6309356689453, -57.0119743347168, 885.4586181640625], "depth_scale": 1.0},
  "2": {"cam_K": [711.1112738715278, 0.0, 255.5, 0.0, 711.1112738715278, 255.5, 0.0, 0.0, 1.0], "cam_R_w2c": [0.6422374844551086, 0.7224999070167542, 0.2559783160686493, 0.7387070059776306, -0.4942896068096161, -0.45824646949768066, -0.20455560088157654, 0.4833960235118866, -0.8511670231819153], "cam_t_w2c": [-209.6309356689453, -57.0119743347168, 885.4586181640625], "depth_scale": 1.0},
  "3": {"cam_K": [711.1112738715278, 0.0, 255.5, 0.0, 711.1112738715278, 255.5, 0.0, 0.0, 1.0], "cam_R_w2c": [-0.640741229057312, -0.5166846513748169, 0.5678799748420715, -0.6839807033538818, 0.0481732115149498, -0.7279077768325806, 0.34874215722084045, -0.8548194766044617, -0.38426893949508667], "cam_t_w2c": [183.2782745361328, 105.29947662353516, 1032.1309814453125], "depth_scale": 1.0},
  "4": {"cam_K": [711.1112738715278, 0.0, 255.5, 0.0, 711.1112738715278, 255.5, 0.0, 0.0, 1.0], "cam_R_w2c": [-0.640741229057312, -0.5166846513748169, 0.5678799748420715, -0.6839807033538818, 0.0481732115149498, -0.7279077768325806, 0.34874215722084045, -0.8548194766044617, -0.38426893949508667], "cam_t_w2c": [183.2782745361328, 105.29947662353516, 1032.1309814453125], "depth_scale": 1.0}
}