{
  "0": {"cam_K": [711.1112738715278, 0.0, 255.5, 0.0, 711.1112738715278, 255.5, 0.0, 0.0, 1.0], "cam_R_w2c": [-0.8208879232406616, 0.5710892081260681, -1.8846503024860795e-08, 0.29267987608909607, 0.4207002818584442, -0.8586906790733337, -0.49038898944854736, -0.7048888802528381, -0.5124940872192383], "cam_t_w2c": [-231.61256408691406, 266.0885314941406, 841.3687744140625], "depth_scale": 1.0},
  "1": {"cam_K": [711.1112738715278, 0.0, 255.5, 0.0, 711.1112738715278, 255.5, 0.0, 0.0, 1.0], "cam_R_w2c": [0.9999879598617554, 0.004911297932267189, -5.402269742660337e-10, 0.00391733692958951, -0.797607958316803, -0.6031636595726013, -0.0029623168520629406, 0.6031563878059387, -0.7976175546646118], "cam_t_w2c": [258.6428527832031, 171.3830108642578, 895.4373168945312], "depth_scale": 1.0}
}