{
  "0": {"cam_K": [711.1112738715278, 0.0, 255.5, 0.0, 711.1112738715278, 255.5, 0.0, 0.0, 1.0], "cam_R_w2c": [-0.6212133169174194, -0.7828803062438965, 0.034533072263002396, -0.38587257266044617, 0.267239511013031, -0.882997989654541, 0.6820530891418457, -0.5618554353713989, -0.4681047797203064], "cam_t_w2c": [-159.35943603515625, 66.50354766845703, 134.84628295898438], "depth_scale": 1.0}
}