{
  "0": {"cam_K": [711.1112738715278, 0.0, 255.5, 0.0, 711.1112738715278, 255.5, 0.0, 0.0, 1.0], "cam_R_w2c": [-0.004498284310102463, -0.9882917404174805, -0.15251030027866364, -0.7650246620178223, 0.10161726176738739, -0.6359334588050842, 0.6439854502677917, 0.11381358653306961, -0.7565246820449829], "cam_t_w2c": [-201.71612548828125, 371.97247314453125, 497.29803466796875], "depth_scale": 1.0},
  "1": {"cam_K": [711.1112738715278, 0.0, 255.5, 0.0, 711.1112738715278, 255.5, 0.0, 0.0, 1.0], "cam_R_w2c": [-0.004498284310102463, -0.9882917404174805, -0.15251030027866364, -0.7650246620178223, 0.10161726176738739, -0.6359334588050842, 0.6439854502677917, 0.11381358653306961, -0.7565246820449829], "cam_t_w2c": [-201.71612548828125, 371.97247314453125, 497.29803466796875], "depth_scale": 1.0},
  "2": {"cam_K": [711.1112738715278, 0.0, 255.5, 0.0, 711.1112738715278, 255.5, 0.0, 0.0, 1.0], "cam_R_w2c": [-0.004498284310102463, -0.9882917404174805, -0.15251030027866364, -0.7650246620178223, 0.10161726176738739, -0.6359334588050842, 0.6439854502677917, 0.11381358653306961, -0.7565246820449829], "cam_t_w2c": [-201.71612548828125, 371.97247314453125, 497.29803466796875], "depth_scale": 1.0},
  "3": {"cam_K": [711.1112738715278, 0.0, 255.5, 0.0, 711.1112738715278, 255.5, 0.0, 0.0, 1.0], "cam_R_w2c": [-0.004498284310102463, -0.9882917404174805, -0.15251030027866364, -0.7650246620178223, 0.10161726176738739, -0.6359334588050842, 0.6439854502677917, 0.11381358653306961, -0.7565246820449829], "cam_t_w2c": [-201.71612548828125, 371.97247314453125, 497.29803466796875], "depth_scale": 1.0},
  "4": {"cam_K": [711.1112738715278, 0.0, 255.5, 0.0, 711.1112738715278, 255.5, 0.0, 0.0, 1.0], "cam_R_w2c": [-0.004498284310102463, -0.9882917404174805, -0.15251030027866364, -0.7650246620178223, 0.10161726176738739, -0.6359334588050842, 0.6439854502677917, 0.11381358653306961, -0.7565246820449829], "cam_t_w2c": [-201.71612548828125, 371.97247314453125, 497.29803466796875], "depth_scale": 1.0}
}