{
  "0": {"cam_K": [711.1112738715278, 0.0, 255.5, 0.0, 711.1112738715278, 255.5, 0.0, 0.0, 1.0], "cam_R_w2c": [-0.8038360476493835, -0.5948507785797119, -1.2682203021086025e-07, -0.3978445827960968, 0.537617027759552, -0.7434296011924744, 0.4422297775745392, -0.5975955128669739, -0.6688141226768494], "cam_t_w2c": [316.3203430175781, -29.13577651977539, 1072.9156494140625], "depth_scale": 1.0},
  "1": {"cam_K": [711.1112738715278, 0.0, 255.5, 0.0, 711.1112738715278, 255.5, 0.0, 0.0, 1.0], "cam_R_w2c": [-0.02226630039513111, -0.9997521638870239, -9.778317178188445e-08, -0.9001545310020447, 0.020047998055815697, -0.4351091980934143, 0.43500134348869324, -0.00968815479427576, -0.9003778100013733], "cam_t_w2c": [343.6044921875, 177.70225524902344, 1033.2142333984375], "depth_scale": 1.0}
}