{
  "0": {"cam_K": [711.1112738715278, 0.0, 255.5, 0.0, 711.1112738715278, 255.5, 0.0, 0.0, 1.0], "cam_R_w2c": [-0.9556708931922913, -0.2063073366880417, -0.21007320284843445, 0.0606333389878273, 0.5602859854698181, -0.8260770440101624, 0.2881268262863159, -0.8021950721740723, -0.5229399800300598], "cam_t_w2c": [-43.81294631958008, 65.33747863769531, 472.0789794921875], "depth_scale": 1.0}
}