{
  "0": {"cam_K": [711.1112738715278, 0.0, 255.5, 0.0, 711.1112738715278, 255.5, 0.0, 0.0, 1.0], "cam_R_w2c": [-0.7793650031089783, -0.03189162164926529, 0.6257581114768982, -0.5517323613166809, 0.508251965045929, -0.661264955997467, -0.2969539761543274, -0.8606177568435669, -0.41370949149131775], "cam_t_w2c": [294.48284912109375, 348.7794189453125, 596.7112426757812], "depth_scale": 1.0},
  "1": {"cam_K": [711.1112738715278, 0.0, 255.5, 0.0, 711.1112738715278, 255.5, 0.0, 0.0, 1.0], "cam_R_w2c": [-0.7793650031089783, -0.03189162164926529, 0.6257581114768982, -0.5517323613166809, 0.508251965045929, -0.661264955997467, -0.2969539761543274, -0.8606177568435669, -0.41370949149131775], "cam_t_w2c": [294.48284912109375, 348.7794189453125, 596.7112426757812], "depth_scale": 1.0},
  "2": {"cam_K": [711.1112738715278, 0.0, 255.5, 0.0, 711.1112738715278, 255.5, 0.0, 0.0, 1.0], "cam_R_w2c": [-0.7793650031089783, -0.03189162164926529, 0.6257581114768982, -0.5517323613166809, 0.508251965045929, -0.661264955997467, -0.2969539761543274, -0.8606177568435669, -0.41370949149131775], "cam_t_w2c": [294.48284912109375, 348.7794189453125, 596.7112426757812], "depth_scale": 1.0},
  "3": {"cam_K": [711.1112738715278, 0.0, 255.5, 0.0, 711.1112738715278, 255.5, 0.0, 0.0, 1.0], "cam_R_w2c": [-0.7793650031089783, -0.03189162164926529, 0.6257581114768982, -0.5517323613166809, 0.508251965045929, -0.661264955997467, -0.2969539761543274, -0.8606177568435669, -0.41370949149131775], "cam_t_w2c": [294.48284912109375, 348.7794189453125, 596.7112426757812], "depth_scale": 1.0},
  "4": {"cam_K": [711.1112738715278, 0.0, 255.5, 0.0, 711.1112738715278, 255.5, 0.0, 0.0, 1.0], "cam_R_w2c": [-0.7793650031089783, -0.03189162164926529, 0.6257581114768982, -0.5517323613166809, 0.508251965045929, -0.661264955997467, -0.2969539761543274, -0.8606177568435669, -0.41370949149131775], "cam_t_w2c": [294.48284912109375, 348.7794189453125, 596.7112426757812], "depth_scale": 1.0}
}