{
  "0": {"cam_K": [711.1112738715278, 0.0, 255.5, 0.0, 711.1112738715278, 255.5, 0.0, 0.0, 1.0], "cam_R_w2c": [-0.7254512906074524, 0.26424306631088257, 0.6355282664299011, -0.3551640212535858, 0.6472120881080627, -0.6745184063911438, -0.5895584225654602, -0.7150469422340393, -0.37567126750946045], "cam_t_w2c": [-10.80603313446045, 118.07413482666016, 337.588623046875], "depth_scale": 1.0},
  "1": {"cam_K": [711.1112738715278, 0.0, 255.5, 0.0, 711.1112738715278, 255.5, 0.0, 0.0, 1.0], "cam_R_w2c": [-0.7254512906074524, 0.26424306631088257, 0.6355282664299011, -0.3551640212535858, 0.6472120881080627, -0.6745184063911438, -0.5895584225654602, -0.7150469422340393, -0.37567126750946045], "cam_t_w2c": [-10.80603313446045, 118.07413482666016, 337.588623046875], "depth_scale": 1.0},
  "2": {"cam_K": [711.1112738715278, 0.0, 255.5, 0.0, 711.1112738715278, 255.5, 0.0, 0.0, 1.0], "cam_R_w2c": [-0.7254512906074524, 0.26424306631088257, 0.6355282664299011, -0.3551640212535858, 0.6472120881080627, -0.6745184063911438, -0.5895584225654602, -0.7150469422340393, -0.37567126750946045], "cam_t_w2c": [-10.80603313446045, 118.07413482666016, 337.588623046875], "depth_scale": 1.0},
  "3": {"cam_K": [711.1112738715278, 0.0, 255.5, 0.0, 711.1112738715278, 255.5, 0.0, 0.0, 1.0], "cam_R_w2c": [-0.7254512906074524, 0.26424306631088257, 0.6355282664299011, -0.3551640212535858, 0.6472120881080627, -0.6745184063911438, -0.5895584225654602, -0.7150469422340393, -0.37567126750946045], "cam_t_w2c": [-10.80603313446045, 118.07413482666016, 337.588623046875], "depth_scale": 1.0},
  "4": {"cam_K": [711.1112738715278, 0.0, 255.5, 0.0, 711.1112738715278, 255.5, 0.0, 0.0, 1.0], "cam_R_w2c": [-0.7254512906074524, 0.26424306631088257, 0.6355282664299011, -0.3551640212535858, 0.6472120881080627, -0.6745184063911438, -0.5895584225654602, -0.7150469422340393, -0.37567126750946045], "cam_t_w2c": [-10.80603313446045, 118.07413482666016, 337.588623046875], "depth_scale": 1.0}
}