{
  "0": {"cam_K": [2346.1825408935547, 0.0, 956.150695733726, 0.0, 2351.0241982895623, 613.6550906152873, 0.0, 0.0, 1.0], "cam_R_w2c": [0.965084433555603, 0.2619389593601227, -1.1882518080597038e-08, 0.11191893368959427, -0.4123527705669403, -0.9041236042976379, -0.23682518303394318, 0.8725556135177612, -0.42727118730545044], "cam_t_w2c": [376.3788757324219, 109.12307739257812, 1063.2730712890625], "depth_scale": 1.0}
}