{
  "0": {"cam_K": [711.1112738715278, 0.0, 255.5, 0.0, 711.1112738715278, 255.5, 0.0, 0.0, 1.0], "cam_R_w2c": [-0.4213426411151886, -0.9069016575813293, 9.773725651029963e-08, -0.6409003734588623, 0.29775938391685486, -0.7075211405754089, 0.64165198802948, -0.2981088161468506, -0.7066923379898071], "cam_t_w2c": [29.869144439697266, -3173891.75, -3169195.25], "depth_scale": 1.0},
  "1": {"cam_K": [711.1112738715278, 0.0, 255.5, 0.0, 711.1112738715278, 255.5, 0.0, 0.0, 1.0], "cam_R_w2c": [-0.21063587069511414, -0.9775646924972534, 1.197574022171466e-07, -0.7722401022911072, 0.16639436781406403, -0.6131543517112732, 0.5993980169296265, -0.1291523426771164, -0.7899633049964905], "cam_t_w2c": [65.58529663085938, -2750589.75, -3542710.5], "depth_scale": 1.0}
}