{
  "0": [{"cam_R_m2c": [0.9930762648582458, -0.09963978081941605, -0.062220700085163116, 0.09291144460439682, 0.3421177566051483, 0.9350523948669434, -0.07188159972429276, -0.9343593716621399, 0.349006712436676], "cam_t_m2c": [6.112485885620117, 409.1569519042969, 924.7279052734375], "obj_id": 2}, {"cam_R_m2c": [0.3266080915927887, -0.5854602456092834, -0.7419995665550232, 0.05614588037133217, 0.7956836223602295, -0.6031046509742737, 0.943490743637085, 0.15531861782073975, 0.2927478849887848], "cam_t_m2c": [16.43890380859375, 755.8934936523438, 995.9103393554688], "obj_id": 2}],
  "1": [{"cam_R_m2c": [-0.08049715310335159, -0.5680174827575684, -0.8190703392028809, 0.8557028770446777, -0.4607943594455719, 0.2354591339826584, -0.5111679434776306, -0.6819270849227905, 0.52314692735672], "cam_t_m2c": [-365.8455505371094, 117.37553405761719, 926.9674682617188], "obj_id": 2}, {"cam_R_m2c": [0.1911829560995102, -0.7472071647644043, 0.6364985108375549, 0.7214464545249939, -0.3327253758907318, -0.6072961091995239, 0.6655553579330444, 0.5753042697906494, 0.47545871138572693], "cam_t_m2c": [-683.2673950195312, 207.6970672607422, 1055.15087890625], "obj_id": 2}]
}