{
  "0": {"cam_K": [711.1112738715278, 0.0, 255.5, 0.0, 711.1112738715278, 255.5, 0.0, 0.0, 1.0], "cam_R_w2c": [0.8690966963768005, 0.4946422278881073, -7.684349156988901e-09, 0.4788389205932617, -0.8413300514221191, -0.2507533133029938, -0.12403318285942078, 0.21792888641357422, -0.9680511355400085], "cam_t_w2c": [23.08859634399414, -1124203.75, -4341311.5], "depth_scale": 1.0},
  "1": {"cam_K": [711.1112738715278, 0.0, 255.5, 0.0, 711.1112738715278, 255.5, 0.0, 0.0, 1.0], "cam_R_w2c": [-0.47044864296913147, 0.8824272751808167, 5.061142616114012e-09, 0.7777515649795532, 0.41464298963546753, -0.4724125564098358, -0.41686975955963135, -0.22224588692188263, -0.8813774585723877], "cam_t_w2c": [-512.9371337890625, -2118874.25, -3952508.5], "depth_scale": 1.0}
}