{
  "0": {"cam_K": [711.1112738715278, 0.0, 255.5, 0.0, 711.1112738715278, 255.5, 0.0, 0.0, 1.0], "cam_R_w2c": [0.9769428968429565, 0.21350069344043732, 2.386610731264227e-08, 0.10350646823644638, -0.47362804412841797, -0.8746216893196106, -0.18673230707645416, 0.8544554710388184, -0.48480626940727234], "cam_t_w2c": [9.57421875, -3923051.75, -2174249.25], "depth_scale": 1.0},
  "1": {"cam_K": [711.1112738715278, 0.0, 255.5, 0.0, 711.1112738715278, 255.5, 0.0, 0.0, 1.0], "cam_R_w2c": [-0.8309723734855652, 0.556313693523407, 8.652374816620068e-09, 0.36373910307884216, 0.543321430683136, -0.7566344738006592, -0.42092612385749817, -0.6287423372268677, -0.6538380980491638], "cam_t_w2c": [-432.2263488769531, -3394339.0, -2931827.5], "depth_scale": 1.0}
}