{
  "0": {"cam_K": [711.1112738715278, 0.0, 255.5, 0.0, 711.1112738715278, 255.5, 0.0, 0.0, 1.0], "cam_R_w2c": [0.5212230682373047, -0.8534204959869385, -6.158978749226662e-08, -0.7841689586639404, -0.4789280593395233, -0.39459744095802307, 0.33675751090049744, 0.20567335188388824, -0.9188542366027832], "cam_t_w2c": [238.68699645996094, -1770245.125, -4120142.5], "depth_scale": 1.0},
  "1": {"cam_K": [711.1112738715278, 0.0, 255.5, 0.0, 711.1112738715278, 255.5, 0.0, 0.0, 1.0], "cam_R_w2c": [0.8092600703239441, -0.5874506235122681, -7.036585003561413e-08, -0.5690147876739502, -0.7838633060455322, -0.24855732917785645, 0.14601509273052216, 0.20114757120609283, -0.96861732006073], "cam_t_w2c": [363.6100769042969, -1115107.75, -4343615.0], "depth_scale": 1.0}
}