{
  "0": {"cam_K": [711.1112738715278, 0.0, 255.5, 0.0, 711.1112738715278, 255.5, 0.0, 0.0, 1.0], "cam_R_w2c": [0.5244293212890625, -0.851453959941864, -1.1972971947216138e-07, -0.8443242907524109, -0.5200380086898804, -0.12913952767848969, 0.109956294298172, 0.06772465258836746, -0.9916264414787292], "cam_t_w2c": [483.1955261230469, -579526.4375, -4447143.0], "depth_scale": 1.0},
  "1": {"cam_K": [711.1112738715278, 0.0, 255.5, 0.0, 711.1112738715278, 255.5, 0.0, 0.0, 1.0], "cam_R_w2c": [0.8499756455421448, 0.5268219709396362, -4.394524211193129e-08, 0.305806428194046, -0.4933887720108032, -0.8142788410186768, -0.4289800226688385, 0.6921171545982361, -0.5804739594459534], "cam_t_w2c": [269.79510498046875, -3652180.25, -2603144.25], "depth_scale": 1.0}
}