{
  "0": {"cam_K": [711.1112738715278, 0.0, 255.5, 0.0, 711.1112738715278, 255.5, 0.0, 0.0, 1.0], "cam_R_w2c": [0.5425751209259033, 0.719314455986023, 0.4338190257549286, 0.48849552869796753, 0.14994719624519348, -0.8595859408378601, -0.6833625435829163, 0.6783086061477661, -0.27002429962158203], "cam_t_w2c": [-280.662841796875, 175.8891143798828, 648.755859375], "depth_scale": 1.0},
  "1": {"cam_K": [711.1112738715278, 0.0, 255.5, 0.0, 711.1112738715278, 255.5, 0.0, 0.0, 1.0], "cam_R_w2c": [0.5425751209259033, 0.719314455986023, 0.4338190257549286, 0.48849552869796753, 0.14994719624519348, -0.8595859408378601, -0.6833625435829163, 0.6783086061477661, -0.27002429962158203], "cam_t_w2c": [-280.662841796875, 175.8891143798828, 648.755859375], "depth_scale": 1.0},
  "2": {"cam_K": [711.1112738715278, 0.0, 255.5, 0.0, 711.1112738715278, 255.5, 0.0, 0.0, 1.0], "cam_R_w2c": [-0.4288814663887024, 0.8116563558578491, 0.39657875895500183, 0.5244829654693604, 0.5811617970466614, -0.622228741645813, -0.7355123162269592, -0.05886353924870491, -0.6749494671821594], "cam_t_w2c": [-31.751983642578125, 50.4659423828125, 462.4748229980469], "depth_scale": 1.0},
  "3": {"cam_K": [711.1112738715278, 0.0, 255.5, 0.0, 711.1112738715278, 255.5, 0.0, 0.0, 1.0], "cam_R_w2c": [-0.4288814663887024, 0.8116563558578491, 0.39657875895500183, 0.5244829654693604, 0.5811617970466614, -0.622228741645813, -0.7355123162269592, -0.05886353924870491, -0.6749494671821594], "cam_t_w2c": [-31.751983642578125, 50.4659423828125, 462.4748229980469], "depth_scale": 1.0},
  "4": {"cam_K": [711.1112738715278, 0.0, 255.5, 0.0, 711.1112738715278, 255.5, 0.0, 0.0, 1.0], "cam_R_w2c": [-0.12018578499555588, 0.8691900372505188, 0.47964999079704285, 0.3446154296398163, 0.4896356165409088, -0.8009352087974548, -0.931018590927124, 0.06903377175331116, -0.35838353633880615], "cam_t_w2c": [-69.71019744873047, 62.56563949584961, 598.9381103515625], "depth_scale": 1.0}
}