{
  "0": {"cam_K": [2346.1825408935547, 0.0, 956.150695733726, 0.0, 2351.0241982895623, 613.6550906152873, 0.0, 0.0, 1.0], "cam_R_w2c": [-0.2951165735721588, -0.9258384108543396, 0.23607109487056732, -0.7536818981170654, 0.073714479804039, -0.6530925035476685, 0.5872562527656555, -0.3706609010696411, -0.7195420861244202], "cam_t_w2c": [-259.32733154296875, 263.2398376464844, 849.0899658203125], "depth_scale": 1.0},
  "1": {"cam_K": [2346.1825408935547, 0.0, 956.150695733726, 0.0, 2351.0241982895623, 613.6550906152873, 0.0, 0.0, 1.0], "cam_R_w2c": [-0.2951165735721588, -0.9258384108543396, 0.23607109487056732, -0.7536818981170654, 0.073714479804039, -0.6530925035476685, 0.5872562527656555, -0.3706609010696411, -0.7195420861244202], "cam_t_w2c": [-259.32733154296875, 263.2398376464844, 849.0899658203125], "depth_scale": 1.0},
  "2": {"cam_K": [2346.1825408935547, 0.0, 956.150695733726, 0.0, 2351.0241982895623, 613.6550906152873, 0.0, 0.0, 1.0], "cam_R_w2c": [-0.2951165735721588, -0.9258384108543396, 0.23607109487056732, -0.7536818981170654, 0.073714479804039, -0.6530925035476685, 0.5872562527656555, -0.3706609010696411, -0.7195420861244202], "cam_t_w2c": [-259.32733154296875, 263.2398376464844, 849.0899658203125], "depth_scale": 1.0},
  "3": {"cam_K": [2346.1825408935547, 0.0, 956.150695733726, 0.0, 2351.0241982895623, 613.6550906152873, 0.0, 0.0, 1.0], "cam_R_w2c": [-0.2951165735721588, -0.9258384108543396, 0.23607109487056732, -0.7536818981170654, 0.073714479804039, -0.6530925035476685, 0.5872562527656555, -0.3706609010696411, -0.7195420861244202], "cam_t_w2c": [-259.32733154296875, 263.2398376464844, 849.0899658203125], "depth_scale": 1.0},
  "4": {"cam_K": [2346.1825408935547, 0.0, 956.150695733726, 0.0, 2351.0241982895623, 613.6550906152873, 0.0, 0.0, 1.0], "cam_R_w2c": [-0.2951165735721588, -0.9258384108543396, 0.23607109487056732, -0.7536818981170654, 0.073714479804039, -0.6530925035476685, 0.5872562527656555, -0.3706609010696411, -0.7195420861244202], "cam_t_w2c": [-259.32733154296875, 263.2398376464844, 849.0899658203125], "depth_scale": 1.0}
}