{
  "0": {"cam_K": [711.1112738715278, 0.0, 255.5, 0.0, 711.1112738715278, 255.5, 0.0, 0.0, 1.0], "cam_R_w2c": [0.6016006469726562, -0.7987970113754272, -1.6782853151653399e-07, -0.7577962279319763, -0.5707215070724487, -0.31626221537590027, 0.25262922048568726, 0.19026368856430054, -0.9486717581748962], "cam_t_w2c": [189.18167114257812, 211.1609649658203, 868.7598266601562], "depth_scale": 1.0},
  "1": {"cam_K": [711.1112738715278, 0.0, 255.5, 0.0, 711.1112738715278, 255.5, 0.0, 0.0, 1.0], "cam_R_w2c": [-0.43253323435783386, -0.9016180634498596, -2.4477914806197987e-08, -0.7176042199134827, 0.344256192445755, -0.6054188013076782, 0.5458565354347229, -0.26186367869377136, -0.7959071397781372], "cam_t_w2c": [281.03167724609375, -46.2756462097168, 1038.9136962890625], "depth_scale": 1.0}
}