{
  "0": {"cam_K": [711.1112738715278, 0.0, 255.5, 0.0, 711.1112738715278, 255.5, 0.0, 0.0, 1.0], "cam_R_w2c": [-0.48836657404899597, -0.8726386427879333, -4.283026910911758e-08, -0.2159794718027115, 0.12087150663137436, -0.9688875079154968, 0.8454886674880981, -0.4731721878051758, -0.2475016713142395], "cam_t_w2c": [5780.8017578125, -4316623.5, -1096478.5], "depth_scale": 1.0},
  "1": {"cam_K": [711.1112738715278, 0.0, 255.5, 0.0, 711.1112738715278, 255.5, 0.0, 0.0, 1.0], "cam_R_w2c": [-0.6428785920143127, 0.7659680843353271, 7.571444626819357e-08, 0.5060977339744568, 0.42476898431777954, -0.7506240010261536, -0.5749540328979492, -0.48256006836891174, -0.6607295870780945], "cam_t_w2c": [-6926.4091796875, -3345557.5, -2939131.75], "depth_scale": 1.0}
}