{
  "0": {"cam_K": [2346.1825408935547, 0.0, 956.150695733726, 0.0, 2351.0241982895623, 613.6550906152873, 0.0, 0.0, 1.0], "cam_R_w2c": [-0.29276928305625916, 0.9561830759048462, -7.839242499585453e-08, 0.4162627160549164, 0.12745355069637299, -0.9002671241760254, -0.8608201742172241, -0.263570636510849, -0.4353378117084503], "cam_t_w2c": [40.30634307861328, 115.68141174316406, 1231.298583984375], "depth_scale": 1.0}
}