{
  "0": {"cam_K": [2346.1825408935547, 0.0, 956.150695733726, 0.0, 2351.0241982895623, 613.6550906152873, 0.0, 0.0, 1.0], "cam_R_w2c": [-0.6369990110397339, 0.770864725112915, -6.539619334944291e-08, 0.3324849605560303, 0.2747466266155243, -0.9022018313407898, -0.6954755187034607, -0.5747016072273254, -0.43131428956985474], "cam_t_w2c": [30.65160369873047, 199.9937744140625, 920.1927490234375], "depth_scale": 1.0}
}