{
  "0": {"cam_K": [711.1112738715278, 0.0, 255.5, 0.0, 711.1112738715278, 255.5, 0.0, 0.0, 1.0], "cam_R_w2c": [0.1313703954219818, 0.9834786057472229, -0.12454594671726227, 0.36480897665023804, -0.1647796481847763, -0.9163854122161865, -0.921768069267273, 0.07495047897100449, -0.3804290294647217], "cam_t_w2c": [-136.65054321289062, 83.91508483886719, 367.1361083984375], "depth_scale": 1.0},
  "1": {"cam_K": [711.1112738715278, 0.0, 255.5, 0.0, 711.1112738715278, 255.5, 0.0, 0.0, 1.0], "cam_R_w2c": [0.08921035379171371, -0.9670568704605103, 0.23841704428195953, -0.5511760115623474, -0.24731136858463287, -0.7968953847885132, 0.829606294631958, -0.06031837686896324, -0.555081307888031], "cam_t_w2c": [154.76165771484375, -37.04784393310547, 598.5651245117188], "depth_scale": 1.0},
  "2": {"cam_K": [711.1112738715278, 0.0, 255.5, 0.0, 711.1112738715278, 255.5, 0.0, 0.0, 1.0], "cam_R_w2c": [0.08921035379171371, -0.9670568704605103, 0.23841704428195953, -0.5511760115623474, -0.24731136858463287, -0.7968953847885132, 0.829606294631958, -0.06031837686896324, -0.555081307888031], "cam_t_w2c": [154.76165771484375, -37.04784393310547, 598.5651245117188], "depth_scale": 1.0},
  "3": {"cam_K": [711.1112738715278, 0.0, 255.5, 0.0, 711.1112738715278, 255.5, 0.0, 0.0, 1.0], "cam_R_w2c": [-0.8625186681747437, 0.5016029477119446, -0.06675613671541214, 0.16176185011863708, 0.14831221103668213, -0.975621223449707, -0.47947368025779724, -0.8522899150848389, -0.20906241238117218], "cam_t_w2c": [-194.49635314941406, 10.91402816772461, 619.4059448242188], "depth_scale": 1.0},
  "4": {"cam_K": [711.1112738715278, 0.0, 255.5, 0.0, 711.1112738715278, 255.5, 0.0, 0.0, 1.0], "cam_R_w2c": [-0.8625186681747437, 0.5016029477119446, -0.06675613671541214, 0.16176185011863708, 0.14831221103668213, -0.975621223449707, -0.47947368025779724, -0.8522899150848389, -0.20906241238117218], "cam_t_w2c": [-194.49635314941406, 10.91402816772461, 619.4059448242188], "depth_scale": 1.0},
  "5": {"cam_K": [711.1112738715278, 0.0, 255.5, 0.0, 711.1112738715278, 255.5, 0.0, 0.0, 1.0], "cam_R_w2c": [-0.026581479236483574, -0.9978415369987488, 0.06004802882671356, -0.23121678829193115, -0.0523032508790493, -0.9714953899383545, 0.9725391268730164, -0.03970784693956375, -0.2293274700641632], "cam_t_w2c": [141.73724365234375, -9.600257873535156, 661.5638427734375], "depth_scale": 1.0},
  "6": {"cam_K": [711.1112738715278, 0.0, 255.5, 0.0, 711.1112738715278, 255.5, 0.0, 0.0, 1.0], "cam_R_w2c": [-0.026581479236483574, -0.9978415369987488, 0.06004802882671356, -0.23121678829193115, -0.0523032508790493, -0.9714953899383545, 0.9725391268730164, -0.03970784693956375, -0.2293274700641632], "cam_t_w2c": [141.73724365234375, -9.600257873535156, 661.5638427734375], "depth_scale": 1.0},
  "7": {"cam_K": [711.1112738715278, 0.0, 255.5, 0.0, 711.1112738715278, 255.5, 0.0, 0.0, 1.0], "cam_R_w2c": [0.972313642501831, -0.20334793627262115, -0.11513367295265198, -0.19471243023872375, -0.4326001703739166, -0.8803092241287231, 0.1292022168636322, 0.8783546686172485, -0.4602174460887909], "cam_t_w2c": [160.41177368164062, 46.349945068359375, 369.1488342285156], "depth_scale": 1.0},
  "8": {"cam_K": [711.1112738715278, 0.0, 255.5, 0.0, 711.1112738715278, 255.5, 0.0, 0.0, 1.0], "cam_R_w2c": [0.972313642501831, -0.20334793627262115, -0.11513367295265198, -0.19471243023872375, -0.4326001703739166, -0.8803092241287231, 0.1292022168636322, 0.8783546686172485, -0.4602174460887909], "cam_t_w2c": [160.41177368164062, 46.349945068359375, 369.1488342285156], "depth_scale": 1.0},
  "9": {"cam_K": [711.1112738715278, 0.0, 255.5, 0.0, 711.1112738715278, 255.5, 0.0, 0.0, 1.0], "cam_R_w2c": [0.8661175966262817, -0.4940362870693207, 0.07595022022724152, 0.020440267398953438, -0.11681455373764038, -0.9929434657096863, 0.499422162771225, 0.8615582585334778, -0.09107691794633865], "cam_t_w2c": [173.1764373779297, 32.70462417602539, 505.2091979980469], "depth_scale": 1.0}
}