{
  "0": {"cam_K": [711.1112738715278, 0.0, 255.5, 0.0, 711.1112738715278, 255.5, 0.0, 0.0, 1.0], "cam_R_w2c": [0.7460834383964539, -0.5063660740852356, 0.4323804974555969, -0.10557776689529419, -0.7311128973960876, -0.6740381121635437, 0.6574289798736572, 0.45723891258239746, -0.5989322662353516], "cam_t_w2c": [-83.73429870605469, -92.09280395507812, 266.4862976074219], "depth_scale": 1.0},
  "1": {"cam_K": [711.1112738715278, 0.0, 255.5, 0.0, 711.1112738715278, 255.5, 0.0, 0.0, 1.0], "cam_R_w2c": [-0.4840809106826782, -0.5473366379737854, -0.6827065944671631, 0.1736883521080017, 0.704586386680603, -0.6880336999893188, 0.8576118350028992, -0.45164215564727783, -0.24601085484027863], "cam_t_w2c": [-67.7464828491211, 132.2869415283203, 123.05277252197266], "depth_scale": 1.0}
}