{
  "0": {"cam_K": [711.1112738715278, 0.0, 255.5, 0.0, 711.1112738715278, 255.5, 0.0, 0.0, 1.0], "cam_R_w2c": [0.7844151854515076, 0.6201062202453613, 0.012695259414613247, 0.24092520773410797, -0.2857741713523865, -0.9275172352790833, -0.5715311765670776, 0.7306171655654907, -0.37356480956077576], "cam_t_w2c": [56.26888656616211, 50.00859832763672, 261.44818115234375], "depth_scale": 1.0}
}