{
  "0": {"cam_K": [711.1112738715278, 0.0, 255.5, 0.0, 711.1112738715278, 255.5, 0.0, 0.0, 1.0], "cam_R_w2c": [0.6202448010444641, -0.6968173384666443, -0.3601970970630646, -0.5598512291908264, -0.07161825895309448, -0.8254921436309814, 0.5494205951690674, 0.7136639952659607, -0.43453487753868103], "cam_t_w2c": [258.1868591308594, -30.381608963012695, 254.15382385253906], "depth_scale": 1.0},
  "1": {"cam_K": [711.1112738715278, 0.0, 255.5, 0.0, 711.1112738715278, 255.5, 0.0, 0.0, 1.0], "cam_R_w2c": [0.6202448010444641, -0.6968173384666443, -0.3601970970630646, -0.5598512291908264, -0.07161825895309448, -0.8254921436309814, 0.5494205951690674, 0.7136639952659607, -0.43453487753868103], "cam_t_w2c": [258.1868591308594, -30.381608963012695, 254.15382385253906], "depth_scale": 1.0},
  "2": {"cam_K": [711.1112738715278, 0.0, 255.5, 0.0, 711.1112738715278, 255.5, 0.0, 0.0, 1.0], "cam_R_w2c": [0.6202448010444641, -0.6968173384666443, -0.3601970970630646, -0.5598512291908264, -0.07161825895309448, -0.8254921436309814, 0.5494205951690674, 0.7136639952659607, -0.43453487753868103], "cam_t_w2c": [258.1868591308594, -30.381608963012695, 254.15382385253906], "depth_scale": 1.0}
}