{
  "0": [{"cam_R_m2c": [0.1796170175075531, -0.9812665581703186, 0.06966769695281982, -0.8205645084381104, -0.18850941956043243, -0.5395720601081848, 0.5425970554351807, 0.03974946215748787, -0.8390519618988037], "cam_t_m2c": [3387.1640625, 29517.033203125, -629.8955078125], "obj_id": 2}, {"cam_R_m2c": [-0.7638674974441528, -0.06732015311717987, -0.6418524384498596, 0.41706836223602295, -0.8104610443115234, -0.41134777665138245, -0.49250438809394836, -0.5819115042686462, 0.6471618413925171], "cam_t_m2c": [-300.9375305175781, -182.21408081054688, 1214.548828125], "obj_id": 2}],
  "1": [{"cam_R_m2c": [0.7002866864204407, -0.6342155933380127, -0.32767215371131897, -0.5120425224304199, -0.766093909740448, 0.38847431540489197, -0.49740418791770935, -0.10426128655672073, -0.861230731010437], "cam_t_m2c": [-6767.0849609375, 13821.33203125, 26395.513671875], "obj_id": 2}, {"cam_R_m2c": [-0.9802126884460449, -0.18972653150558472, 0.0564538836479187, -0.06424069404602051, 0.03514111042022705, -0.997315526008606, 0.1872333586215973, -0.9812079071998596, -0.04663398116827011], "cam_t_m2c": [-16.132524490356445, -423.9263610839844, 889.9978637695312], "obj_id": 2}]
}