{
  "0": {"cam_K": [711.1112738715278, 0.0, 255.5, 0.0, 711.1112738715278, 255.5, 0.0, 0.0, 1.0], "cam_R_w2c": [-0.839463472366333, 0.5434162020683289, -9.541235357346523e-09, 0.2196512073278427, 0.3393147885799408, -0.9146687388420105, -0.49704575538635254, -0.7678309679031372, -0.40420442819595337], "cam_t_w2c": [3295.578857421875, -4073457.5, -1813734.0], "depth_scale": 1.0},
  "1": {"cam_K": [711.1112738715278, 0.0, 255.5, 0.0, 711.1112738715278, 255.5, 0.0, 0.0, 1.0], "cam_R_w2c": [-0.9829656481742859, -0.18378916382789612, -1.0766733282707719e-08, -0.18335972726345062, 0.9806689620018005, -0.06831961125135422, 0.012556415051221848, -0.06715583801269531, -0.9976634979248047], "cam_t_w2c": [-6798.984375, -292741.53125, -4448842.5], "depth_scale": 1.0}
}