{
  "0": {"cam_K": [2346.1825408935547, 0.0, 956.150695733726, 0.0, 2351.0241982895623, 613.6550906152873, 0.0, 0.0, 1.0], "cam_R_w2c": [-0.07628183811903, -0.9970863461494446, 1.393944160099636e-07, -0.733224093914032, 0.0560949482023716, -0.6776694059371948, 0.6756948828697205, -0.051693934947252274, -0.7353668212890625], "cam_t_w2c": [-87.6484375, 11.47623348236084, 743.4686279296875], "depth_scale": 1.0},
  "1": {"cam_K": [2346.1825408935547, 0.0, 956.150695733726, 0.0, 2351.0241982895623, 613.6550906152873, 0.0, 0.0, 1.0], "cam_R_w2c": [0.8940522074699402, 0.44796282052993774, -3.768998624309461e-08, 0.20150595903396606, -0.4021693170070648, -0.8931155204772949, -0.400082528591156, 0.798491895198822, -0.44982752203941345], "cam_t_w2c": [78.45777893066406, -14.784329414367676, 1040.1536865234375], "depth_scale": 1.0}
}