{
  "0": {"cam_K": [711.1112738715278, 0.0, 255.5, 0.0, 711.1112738715278, 255.5, 0.0, 0.0, 1.0], "cam_R_w2c": [-0.5132843255996704, -0.8304734826087952, -0.2164556086063385, -0.3506850302219391, 0.4331553280353546, -0.8302990198135376, 0.7833002209663391, -0.35027173161506653, -0.5135664939880371], "cam_t_w2c": [-18.91701889038086, 17.382568359375, 312.8514709472656], "depth_scale": 1.0}
}