{
  "0": {"cam_K": [711.1112738715278, 0.0, 255.5, 0.0, 711.1112738715278, 255.5, 0.0, 0.0, 1.0], "cam_R_w2c": [0.9982630014419556, -0.05891475826501846, 9.156427616119345e-09, -0.04361696168780327, -0.7390543818473816, -0.6722323298454285, 0.03960441052913666, 0.6710646748542786, -0.7403402924537659], "cam_t_w2c": [49.96662902832031, -3015688.75, -3320240.25], "depth_scale": 1.0},
  "1": {"cam_K": [711.1112738715278, 0.0, 255.5, 0.0, 711.1112738715278, 255.5, 0.0, 0.0, 1.0], "cam_R_w2c": [-0.9980431199073792, -0.06253419071435928, -9.941965117832297e-08, -0.0155711704865098, 0.24851661920547485, -0.9685025811195374, 0.060564540326595306, -0.9666070342063904, -0.24900422990322113], "cam_t_w2c": [-54.6387939453125, -4344733.0, -1116035.125], "depth_scale": 1.0}
}