{
  "0": {"cam_K": [711.1112738715278, 0.0, 255.5, 0.0, 711.1112738715278, 255.5, 0.0, 0.0, 1.0], "cam_R_w2c": [-0.4306565225124359, -0.8120593428611755, 0.3938203752040863, -0.8242930769920349, 0.17621256411075592, -0.5380427241325378, 0.3675265610218048, -0.5563350319862366, -0.7452619671821594], "cam_t_w2c": [100.17436218261719, -48.40141677856445, 464.5466613769531], "depth_scale": 1.0}
}