{
  "0": {"cam_K": [711.1112738715278, 0.0, 255.5, 0.0, 711.1112738715278, 255.5, 0.0, 0.0, 1.0], "cam_R_w2c": [-0.08222690224647522, 0.9966137409210205, 1.488669312266211e-07, 0.9610446095466614, 0.07929212599992752, -0.26477575302124023, -0.2638791501522064, -0.02177152782678604, -0.9643101692199707], "cam_t_w2c": [-141.77012634277344, 295.48724365234375, 1020.6681518554688], "depth_scale": 1.0},
  "1": {"cam_K": [711.1112738715278, 0.0, 255.5, 0.0, 711.1112738715278, 255.5, 0.0, 0.0, 1.0], "cam_R_w2c": [0.8026472330093384, -0.5964540243148804, -1.351601355281673e-07, -0.5739595293998718, -0.7723764777183533, -0.2720390856266022, 0.16225868463516235, 0.21835149824619293, -0.9622862935066223], "cam_t_w2c": [250.7002410888672, 65.84294891357422, 1358.3009033203125], "depth_scale": 1.0}
}