{
  "0": {"cam_K": [711.1112738715278, 0.0, 255.5, 0.0, 711.1112738715278, 255.5, 0.0, 0.0, 1.0], "cam_R_w2c": [-0.9984499216079712, 0.05565880239009857, -4.284612131755239e-08, 0.04969489201903343, 0.891464352607727, -0.4503573179244995, -0.025066310539841652, -0.44965919852256775, -0.8928484916687012], "cam_t_w2c": [1243.46240234375, -2010026.625, -3986559.25], "depth_scale": 1.0},
  "1": {"cam_K": [711.1112738715278, 0.0, 255.5, 0.0, 711.1112738715278, 255.5, 0.0, 0.0, 1.0], "cam_R_w2c": [-0.9955052137374878, -0.09470640122890472, -8.021263653290589e-08, -0.09434522688388824, 0.9917088150978088, -0.08725029230117798, 0.008263240568339825, -0.0868581160902977, -0.996186375617981], "cam_t_w2c": [1050.836669921875, -388262.09375, -4447844.0], "depth_scale": 1.0}
}