{
  "0": {"cam_K": [711.1112738715278, 0.0, 255.5, 0.0, 711.1112738715278, 255.5, 0.0, 0.0, 1.0], "cam_R_w2c": [0.38317549228668213, 0.921028733253479, 0.06987635791301727, 0.45329609513282776, -0.1215914785861969, -0.8830279111862183, -0.8047976493835449, 0.37002936005592346, -0.46408960223197937], "cam_t_w2c": [19.931062698364258, -14.7528076171875, 420.3231506347656], "depth_scale": 1.0}
}