{
  "0": {"cam_K": [2346.1825408935547, 0.0, 956.150695733726, 0.0, 2351.0241982895623, 613.6550906152873, 0.0, 0.0, 1.0], "cam_R_w2c": [0.7565721869468689, 0.6539101600646973, 5.0703540921404056e-08, 0.3019043803215027, -0.3493025004863739, -0.887040913105011, -0.5800450444221497, 0.6711105108261108, -0.46169090270996094], "cam_t_w2c": [102.64881134033203, 95.9424819946289, 808.0841674804688], "depth_scale": 1.0},
  "1": {"cam_K": [2346.1825408935547, 0.0, 956.150695733726, 0.0, 2351.0241982895623, 613.6550906152873, 0.0, 0.0, 1.0], "cam_R_w2c": [-0.9999820590019226, -0.005984660238027573, -5.137969338875337e-08, -0.002902120118960738, 0.4849252700805664, -0.8745507597923279, 0.005233914125710726, -0.874535083770752, -0.4849339425563812], "cam_t_w2c": [-113.13823699951172, 83.45256042480469, 949.7521362304688], "depth_scale": 1.0}
}