{
  "0": {"cam_K": [711.1112738715278, 0.0, 255.5, 0.0, 711.1112738715278, 255.5, 0.0, 0.0, 1.0], "cam_R_w2c": [0.8061003088951111, -0.5917789340019226, 5.7696631472481386e-08, -0.3926674425601959, -0.5348777770996094, -0.7481430172920227, 0.44273531436920166, 0.603078305721283, -0.6635374426841736], "cam_t_w2c": [317.50653076171875, 68.75447845458984, 789.971923828125], "depth_scale": 1.0},
  "1": {"cam_K": [711.1112738715278, 0.0, 255.5, 0.0, 711.1112738715278, 255.5, 0.0, 0.0, 1.0], "cam_R_w2c": [0.3610929846763611, -0.932529866695404, -2.2860515969114203e-07, -0.3041381239891052, -0.1177678033709526, -0.9453204870223999, 0.881539523601532, 0.34134870767593384, -0.3261430263519287], "cam_t_w2c": [274.720458984375, 23.74067497253418, 923.3455200195312], "depth_scale": 1.0}
}