{
  "0": {"cam_K": [2346.1825408935547, 0.0, 956.150695733726, 0.0, 2351.0241982895623, 613.6550906152873, 0.0, 0.0, 1.0], "cam_R_w2c": [-0.4455970227718353, -0.8868674635887146, 0.12210403382778168, -0.3779052495956421, 0.06269664317369461, -0.9237189888954163, 0.8115608096122742, -0.4577501714229584, -0.36308932304382324], "cam_t_w2c": [-132.96136474609375, 146.07513427734375, 211.2672882080078], "depth_scale": 1.0},
  "1": {"cam_K": [2346.1825408935547, 0.0, 956.150695733726, 0.0, 2351.0241982895623, 613.6550906152873, 0.0, 0.0, 1.0], "cam_R_w2c": [-0.4455970227718353, -0.8868674635887146, 0.12210403382778168, -0.3779052495956421, 0.06269664317369461, -0.9237189888954163, 0.8115608096122742, -0.4577501714229584, -0.36308932304382324], "cam_t_w2c": [-132.96136474609375, 146.07513427734375, 211.2672882080078], "depth_scale": 1.0},
  "2": {"cam_K": [2346.1825408935547, 0.0, 956.150695733726, 0.0, 2351.0241982895623, 613.6550906152873, 0.0, 0.0, 1.0], "cam_R_w2c": [-0.4455970227718353, -0.8868674635887146, 0.12210403382778168, -0.3779052495956421, 0.06269664317369461, -0.9237189888954163, 0.8115608096122742, -0.4577501714229584, -0.36308932304382324], "cam_t_w2c": [-132.96136474609375, 146.07513427734375, 211.2672882080078], "depth_scale": 1.0},
  "3": {"cam_K": [2346.1825408935547, 0.0, 956.150695733726, 0.0, 2351.0241982895623, 613.6550906152873, 0.0, 0.0, 1.0], "cam_R_w2c": [-0.4455970227718353, -0.8868674635887146, 0.12210403382778168, -0.3779052495956421, 0.06269664317369461, -0.9237189888954163, 0.8115608096122742, -0.4577501714229584, -0.36308932304382324], "cam_t_w2c": [-132.96136474609375, 146.07513427734375, 211.2672882080078], "depth_scale": 1.0},
  "4": {"cam_K": [2346.1825408935547, 0.0, 956.150695733726, 0.0, 2351.0241982895623, 613.6550906152873, 0.0, 0.0, 1.0], "cam_R_w2c": [-0.4455970227718353, -0.8868674635887146, 0.12210403382778168, -0.3779052495956421, 0.06269664317369461, -0.9237189888954163, 0.8115608096122742, -0.4577501714229584, -0.36308932304382324], "cam_t_w2c": [-132.96136474609375, 146.07513427734375, 211.2672882080078], "depth_scale": 1.0}
}