{
  "0": {"cam_K": [711.1112738715278, 0.0, 255.5, 0.0, 711.1112738715278, 255.5, 0.0, 0.0, 1.0], "cam_R_w2c": [0.9079430103302002, -0.18111185729503632, -0.3779391944408417, -0.41907474398612976, -0.38376858830451965, -0.8228597044944763, 0.003988467622548342, 0.9054945111274719, -0.4243393838405609], "cam_t_w2c": [-30.894811630249023, -59.36919403076172, 417.2608337402344], "depth_scale": 1.0}
}