{
  "0": {"cam_K": [2346.1825408935547, 0.0, 956.150695733726, 0.0, 2351.0241982895623, 613.6550906152873, 0.0, 0.0, 1.0], "cam_R_w2c": [-0.9775604009628296, 0.21065613627433777, -3.72338888610102e-08, 0.18050441145896912, 0.8376395106315613, -0.5155368447303772, -0.10860096663236618, -0.503968358039856, -0.8568676114082336], "cam_t_w2c": [-98.50513458251953, -29.410873413085938, 250.0578155517578], "depth_scale": 1.0}
}