{
  "0": {"cam_K": [2346.1825408935547, 0.0, 956.150695733726, 0.0, 2351.0241982895623, 613.6550906152873, 0.0, 0.0, 1.0], "cam_R_w2c": [-0.9999998807907104, -0.0004409870598465204, -2.1240669667577095e-08, -0.0004232259816490114, 0.9597376585006714, -0.2808975279331207, 0.000123892561532557, -0.28089749813079834, -0.9597377777099609], "cam_t_w2c": [-363.03173828125, 200.56582641601562, 4952.36865234375], "depth_scale": 1.0}
}