{
  "0": {"cam_K": [711.1112738715278, 0.0, 255.5, 0.0, 711.1112738715278, 255.5, 0.0, 0.0, 1.0], "cam_R_w2c": [0.09734608978033066, -0.989458441734314, -0.10721811652183533, -0.2081776261329651, 0.08510318398475647, -0.9743816256523132, 0.9732347130775452, 0.11717267334461212, -0.1976986527442932], "cam_t_w2c": [-43.23622131347656, 45.42143630981445, 8.784534454345703], "depth_scale": 1.0},
  "1": {"cam_K": [711.1112738715278, 0.0, 255.5, 0.0, 711.1112738715278, 255.5, 0.0, 0.0, 1.0], "cam_R_w2c": [0.10104167461395264, -0.9670199751853943, 0.23380102217197418, -0.16686585545539856, -0.2481471449136734, -0.954242467880249, 0.9807886481285095, 0.05740482732653618, -0.1864357888698578], "cam_t_w2c": [-42.631954193115234, 29.223918914794922, 9.19920825958252], "depth_scale": 1.0}
}