{
  "0": {"cam_K": [711.1112738715278, 0.0, 255.5, 0.0, 711.1112738715278, 255.5, 0.0, 0.0, 1.0], "cam_R_w2c": [-0.9241471886634827, -0.3820364475250244, 4.4535354959407414e-08, -0.1438252478837967, 0.34791362285614014, -0.9264287948608398, 0.3539295792579651, -0.8561566472053528, -0.37646982073783875], "cam_t_w2c": [4333.70458984375, -4119843.75, -1673188.5], "depth_scale": 1.0},
  "1": {"cam_K": [711.1112738715278, 0.0, 255.5, 0.0, 711.1112738715278, 255.5, 0.0, 0.0, 1.0], "cam_R_w2c": [0.8247762322425842, -0.5654592514038086, 7.810908897454283e-08, -0.5591288208961487, -0.8155428171157837, -0.14921516180038452, 0.08437515050172806, 0.12306907027959824, -0.9888048768043518], "cam_t_w2c": [-2398.7548828125, -659995.8125, -4396974.5], "depth_scale": 1.0}
}