{
  "0": {"cam_K": [711.1112738715278, 0.0, 255.5, 0.0, 711.1112738715278, 255.5, 0.0, 0.0, 1.0], "cam_R_w2c": [-0.6860978007316589, -0.7269198894500732, 0.02928314544260502, -0.3384344279766083, 0.2832804024219513, -0.8973374366760254, 0.643997073173523, -0.6255715489387512, -0.44037285447120667], "cam_t_w2c": [300.50933837890625, 18.745628356933594, 378.349609375], "depth_scale": 1.0},
  "1": {"cam_K": [711.1112738715278, 0.0, 255.5, 0.0, 711.1112738715278, 255.5, 0.0, 0.0, 1.0], "cam_R_w2c": [-0.993405282497406, -0.09689537435770035, 0.061297960579395294, -0.09693214297294617, 0.4241895079612732, -0.9003707766532898, 0.06123980134725571, -0.900374710559845, -0.4307844638824463], "cam_t_w2c": [109.3361587524414, -89.44200897216797, 511.423828125], "depth_scale": 1.0}
}