{
  "0": [{"cam_R_m2c": [-0.7537382245063782, 0.6500123739242554, -0.09675947576761246, -0.4075298309326172, -0.5778239965438843, -0.7071341276168823, -0.5155559182167053, -0.493561714887619, 0.7004276514053345], "cam_t_m2c": [3.67337703704834, 6.168309688568115, 915.547607421875], "obj_id": 2}, {"cam_R_m2c": [-0.12034514546394348, 0.9925932884216309, 0.01659075729548931, 0.7620440721511841, 0.10307798534631729, -0.6392679214477539, -0.6362432837486267, -0.06429000943899155, -0.7688047289848328], "cam_t_m2c": [18.25705337524414, 43.29548645019531, 846.7320556640625], "obj_id": 1}]
}