{
  "0": {"cam_K": [2346.1825408935547, 0.0, 956.150695733726, 0.0, 2351.0241982895623, 613.6550906152873, 0.0, 0.0, 1.0], "cam_R_w2c": [0.698661744594574, -0.7154521942138672, 5.436163519334514e-08, -0.33971095085144043, -0.33173868060112, -0.8800830245018005, 0.6296573281288147, 0.6148803234100342, -0.474820077419281], "cam_t_w2c": [9.36015796661377, 29.09515953063965, 978.3555908203125], "depth_scale": 1.0}
}