{
  "0": {"cam_K": [711.1112738715278, 0.0, 255.5, 0.0, 711.1112738715278, 255.5, 0.0, 0.0, 1.0], "cam_R_w2c": [0.19011883437633514, -0.98176109790802, -2.602001103468865e-08, -0.8153055906295776, -0.15788456797599792, -0.5570899844169617, 0.5469292998313904, 0.10591332614421844, -0.8304520845413208], "cam_t_w2c": [-20.17681121826172, -2498790.75, -3723822.75], "depth_scale": 1.0},
  "1": {"cam_K": [711.1112738715278, 0.0, 255.5, 0.0, 711.1112738715278, 255.5, 0.0, 0.0, 1.0], "cam_R_w2c": [0.6719167828559875, -0.7406266331672668, -6.746427771986419e-08, -0.6660098433494568, -0.604222297668457, -0.4374313950538635, 0.32397332787513733, 0.29391756653785706, -0.8992516994476318], "cam_t_w2c": [83.4678726196289, -1962101.75, -4032302.75], "depth_scale": 1.0}
}