{
  "0": {"cam_K": [711.1112738715278, 0.0, 255.5, 0.0, 711.1112738715278, 255.5, 0.0, 0.0, 1.0], "cam_R_w2c": [0.9022371768951416, -0.4312402307987213, 6.592737378241509e-08, -0.14754937589168549, -0.30870169401168823, -0.9396448731422424, 0.4052126705646515, 0.8477824926376343, -0.34215137362480164], "cam_t_w2c": [17355.3359375, -4192530.75, -1522406.125], "depth_scale": 1.0},
  "1": {"cam_K": [711.1112738715278, 0.0, 255.5, 0.0, 711.1112738715278, 255.5, 0.0, 0.0, 1.0], "cam_R_w2c": [-0.049179643392562866, 0.9987899661064148, -4.737545822308675e-08, 0.8435519337654114, 0.04153583571314812, -0.5354390144348145, -0.534791111946106, -0.02633274532854557, -0.8445738554000854], "cam_t_w2c": [-5439.111328125, -2374235.25, -3775361.25], "depth_scale": 1.0}
}