{
  "0": {"cam_K": [711.1112738715278, 0.0, 255.5, 0.0, 711.1112738715278, 255.5, 0.0, 0.0, 1.0], "cam_R_w2c": [0.8549894094467163, 0.27590814232826233, -0.43916723132133484, -0.3268583118915558, -0.3707958459854126, -0.8692952394485474, -0.4026869833469391, 0.8867836594581604, -0.22684365510940552], "cam_t_w2c": [113.97710418701172, -54.52243423461914, 721.5591430664062], "depth_scale": 1.0},
  "1": {"cam_K": [711.1112738715278, 0.0, 255.5, 0.0, 711.1112738715278, 255.5, 0.0, 0.0, 1.0], "cam_R_w2c": [0.8549894094467163, 0.27590814232826233, -0.43916723132133484, -0.3268583118915558, -0.3707958459854126, -0.8692952394485474, -0.4026869833469391, 0.8867836594581604, -0.22684365510940552], "cam_t_w2c": [113.97710418701172, -54.52243423461914, 721.5591430664062], "depth_scale": 1.0},
  "2": {"cam_K": [711.1112738715278, 0.0, 255.5, 0.0, 711.1112738715278, 255.5, 0.0, 0.0, 1.0], "cam_R_w2c": [0.8549894094467163, 0.27590814232826233, -0.43916723132133484, -0.3268583118915558, -0.3707958459854126, -0.8692952394485474, -0.4026869833469391, 0.8867836594581604, -0.22684365510940552], "cam_t_w2c": [113.97710418701172, -54.52243423461914, 721.5591430664062], "depth_scale": 1.0},
  "3": {"cam_K": [711.1112738715278, 0.0, 255.5, 0.0, 711.1112738715278, 255.5, 0.0, 0.0, 1.0], "cam_R_w2c": [0.8549894094467163, 0.27590814232826233, -0.43916723132133484, -0.3268583118915558, -0.3707958459854126, -0.8692952394485474, -0.4026869833469391, 0.8867836594581604, -0.22684365510940552], "cam_t_w2c": [113.97710418701172, -54.52243423461914, 721.5591430664062], "depth_scale": 1.0},
  "4": {"cam_K": [711.1112738715278, 0.0, 255.5, 0.0, 711.1112738715278, 255.5, 0.0, 0.0, 1.0], "cam_R_w2c": [0.8549894094467163, 0.27590814232826233, -0.43916723132133484, -0.3268583118915558, -0.3707958459854126, -0.8692952394485474, -0.4026869833469391, 0.8867836594581604, -0.22684365510940552], "cam_t_w2c": [113.97710418701172, -54.52243423461914, 721.5591430664062], "depth_scale": 1.0}
}