{
  "0": {"cam_K": [711.1112738715278, 0.0, 255.5, 0.0, 711.1112738715278, 255.5, 0.0, 0.0, 1.0], "cam_R_w2c": [0.7432985901832581, -0.5239548683166504, 0.4159068465232849, -0.2782970070838928, -0.8075628280639648, -0.5199931859970093, 0.608323872089386, 0.2707645893096924, -0.7460753917694092], "cam_t_w2c": [-118.77232360839844, 32.542720794677734, 85.14769744873047], "depth_scale": 1.0},
  "1": {"cam_K": [711.1112738715278, 0.0, 255.5, 0.0, 711.1112738715278, 255.5, 0.0, 0.0, 1.0], "cam_R_w2c": [-0.5790366530418396, 0.6226211786270142, -0.5263647437095642, 0.6966909766197205, 0.04252070188522339, -0.7161102294921875, -0.42348387837409973, -0.7813674211502075, -0.45839574933052063], "cam_t_w2c": [-118.29435729980469, 62.58372116088867, 258.9694519042969], "depth_scale": 1.0}
}