{
  "0": {"cam_K": [2346.1825408935547, 0.0, 956.150695733726, 0.0, 2351.0241982895623, 613.6550906152873, 0.0, 0.0, 1.0], "cam_R_w2c": [0.15489038825035095, -0.9879317283630371, -2.222510886440432e-08, -0.4303779602050781, -0.067475825548172, -0.9001232981681824, 0.8892602920532227, 0.1394205242395401, -0.43563544750213623], "cam_t_w2c": [35.397403717041016, 118.69926452636719, 3635.695556640625], "depth_scale": 1.0}
}