{
  "0": [{"cam_R_m2c": [-0.13596297800540924, 0.6201193332672119, -0.7726356387138367, 0.988048255443573, 0.1420447677373886, -0.059864506125450134, 0.07262563705444336, -0.7715407609939575, -0.6320206522941589], "cam_t_m2c": [-286.8692321777344, -19.701171875, 273.3967590332031], "obj_id": 0}, {"cam_R_m2c": [0.07163818925619125, -0.5102158784866333, 0.8570575714111328, 0.30125701427459717, 0.8302034735679626, 0.469048410654068, -0.9508481025695801, 0.22459286451339722, 0.21318040788173676], "cam_t_m2c": [-450.25494384765625, -148.50352478027344, 703.431640625], "obj_id": 3}, {"cam_R_m2c": [0.28543350100517273, 0.6891088485717773, 0.6660756468772888, -0.9444528818130493, 0.32037433981895447, 0.07327353209257126, -0.16290010511875153, -0.6499917507171631, 0.7422763705253601], "cam_t_m2c": [-455.3553771972656, -130.822998046875, 640.1888427734375], "obj_id": 1}]
}