{
  "0": {"cam_K": [711.1112738715278, 0.0, 255.5, 0.0, 711.1112738715278, 255.5, 0.0, 0.0, 1.0], "cam_R_w2c": [0.7943874597549438, -0.5978529453277588, 0.1073334813117981, -0.34904664754867554, -0.5939252376556396, -0.7248583436012268, 0.4971067011356354, 0.5383539795875549, -0.6804853081703186], "cam_t_w2c": [-117.20294189453125, -103.49299621582031, 337.3416748046875], "depth_scale": 1.0}
}