{
  "0": [{"cam_R_m2c": [-0.2595873177051544, 0.7163878083229065, 0.6476132869720459, 0.8481780886650085, 0.4897669553756714, -0.20179758965969086, -0.46174490451812744, 0.4969073235988617, -0.7347617149353027], "cam_t_m2c": [32.435401916503906, -39.38211441040039, 1169.2823486328125], "obj_id": 1}, {"cam_R_m2c": [-0.8901662826538086, -0.3082919418811798, -0.33549943566322327, 0.40615221858024597, -0.8706150054931641, -0.27761417627334595, -0.20650465786457062, -0.38338664174079895, 0.9002057909965515], "cam_t_m2c": [-4.470348358154297e-06, 0.0001564621925354004, 1088.0950927734375], "obj_id": 1}, {"cam_R_m2c": [0.031122488901019096, 0.12349002063274384, 0.9918574690818787, 0.9889414310455322, 0.14015726745128632, -0.04848087206482887, -0.14500275254249573, 0.9823979735374451, -0.11776220798492432], "cam_t_m2c": [-26.88081169128418, -82.70085144042969, 1258.584716796875], "obj_id": 2}, {"cam_R_m2c": [0.9555128812789917, 0.023887645453214645, 0.2939804196357727, 0.15997572243213654, -0.8793439269065857, -0.44851088523864746, 0.24779601395130157, 0.4755876660346985, -0.8440459370613098], "cam_t_m2c": [-201.41033935546875, 76.49478149414062, 930.4000244140625], "obj_id": 1}]
}