{
  "0": {"cam_K": [2346.1825408935547, 0.0, 956.150695733726, 0.0, 2351.0241982895623, 613.6550906152873, 0.0, 0.0, 1.0], "cam_R_w2c": [0.8517951965332031, -0.5238749384880066, 8.568274978415502e-10, -0.2286408394575119, -0.37175896763801575, -0.8997325897216797, 0.4713473320007324, 0.766387939453125, -0.43644171953201294], "cam_t_w2c": [-60.13311767578125, -91.0334243774414, 1390.3253173828125], "depth_scale": 1.0}
}