{
  "0": {"cam_K": [711.1112738715278, 0.0, 255.5, 0.0, 711.1112738715278, 255.5, 0.0, 0.0, 1.0], "cam_R_w2c": [0.9005084037780762, 0.36004817485809326, 0.24382367730140686, 0.3008711040019989, -0.1110784262418747, -0.9471738338470459, -0.31394463777542114, 0.9262974262237549, -0.2083551436662674], "cam_t_w2c": [-275.3694763183594, -71.68640899658203, 692.6678466796875], "depth_scale": 1.0},
  "1": {"cam_K": [711.1112738715278, 0.0, 255.5, 0.0, 711.1112738715278, 255.5, 0.0, 0.0, 1.0], "cam_R_w2c": [0.6432657241821289, 0.759657621383667, -0.09554862231016159, 0.45074206590652466, -0.476614385843277, -0.7547652125358582, -0.6189029216766357, 0.4424467980861664, -0.6489993333816528], "cam_t_w2c": [-24.431549072265625, 67.02273559570312, 862.8253173828125], "depth_scale": 1.0},
  "2": {"cam_K": [711.1112738715278, 0.0, 255.5, 0.0, 711.1112738715278, 255.5, 0.0, 0.0, 1.0], "cam_R_w2c": [0.6432657241821289, 0.759657621383667, -0.09554862231016159, 0.45074206590652466, -0.476614385843277, -0.7547652125358582, -0.6189029216766357, 0.4424467980861664, -0.6489993333816528], "cam_t_w2c": [-24.431549072265625, 67.02273559570312, 862.8253173828125], "depth_scale": 1.0}
}