{
  "0": {"cam_K": [711.1112738715278, 0.0, 255.5, 0.0, 711.1112738715278, 255.5, 0.0, 0.0, 1.0], "cam_R_w2c": [0.9678570032119751, -0.2515012323856354, 5.701323857465468e-10, -0.07767531275749207, -0.29891932010650635, -0.9511118531227112, 0.23920580744743347, 0.9205402135848999, -0.3088465929031372], "cam_t_w2c": [-195.37567138671875, -4266307.5, -1384444.125], "depth_scale": 1.0},
  "1": {"cam_K": [711.1112738715278, 0.0, 255.5, 0.0, 711.1112738715278, 255.5, 0.0, 0.0, 1.0], "cam_R_w2c": [-0.5281707644462585, 0.8491381406784058, -1.9975104237346386e-07, 0.4513457417488098, 0.28074049949645996, -0.8470370769500732, -0.7192514538764954, -0.44738030433654785, -0.5315337777137756], "cam_t_w2c": [211.30267333984375, -3799473.75, -2383194.75], "depth_scale": 1.0}
}