{
  "0": {"cam_K": [711.1112738715278, 0.0, 255.5, 0.0, 711.1112738715278, 255.5, 0.0, 0.0, 1.0], "cam_R_w2c": [0.9663318395614624, 0.25713375210762024, 0.009220260195434093, 0.21244074404239655, -0.7771292924880981, -0.5924010872840881, -0.1451609879732132, 0.5744147896766663, -0.8055904507637024], "cam_t_w2c": [-13.980189323425293, -25.435346603393555, 359.311279296875], "depth_scale": 1.0}
}