{
  "0": {"cam_K": [711.1112738715278, 0.0, 255.5, 0.0, 711.1112738715278, 255.5, 0.0, 0.0, 1.0], "cam_R_w2c": [-0.983871340751648, -0.10240145772695541, -0.14666761457920074, 0.10279463231563568, 0.34735482931137085, -0.9320825934410095, 0.1463923156261444, -0.9321258664131165, -0.3312262296676636], "cam_t_w2c": [64.77548217773438, -15.699533462524414, 274.51983642578125], "depth_scale": 1.0}
}