{
  "0": {"cam_K": [711.1112738715278, 0.0, 255.5, 0.0, 711.1112738715278, 255.5, 0.0, 0.0, 1.0], "cam_R_w2c": [-0.7034590840339661, -0.7107359170913696, -1.142131083042841e-07, -0.6828978657722473, 0.6759058833122253, -0.2771313488483429, 0.1969672590494156, -0.1949504315853119, -0.9608321785926819], "cam_t_w2c": [-16.525142669677734, 48.64689636230469, 1105.214599609375], "depth_scale": 1.0},
  "1": {"cam_K": [711.1112738715278, 0.0, 255.5, 0.0, 711.1112738715278, 255.5, 0.0, 0.0, 1.0], "cam_R_w2c": [-0.9757739305496216, 0.21878096461296082, -1.1350042683488937e-07, 0.10206051170825958, 0.45519453287124634, -0.884523332118988, -0.1935168206691742, -0.8630948662757874, -0.4664958417415619], "cam_t_w2c": [11.292222023010254, 95.04854583740234, 892.2919311523438], "depth_scale": 1.0}
}