{
  "0": {"cam_K": [711.1112738715278, 0.0, 255.5, 0.0, 711.1112738715278, 255.5, 0.0, 0.0, 1.0], "cam_R_w2c": [0.8282886743545532, -0.5602632761001587, 0.006553453393280506, -0.5546445846557617, -0.8215276598930359, -0.1321423202753067, 0.07941833883523941, 0.10581714659929276, -0.9912090301513672], "cam_t_w2c": [-43.84357833862305, 122.25204467773438, 1197.300048828125], "depth_scale": 1.0},
  "1": {"cam_K": [711.1112738715278, 0.0, 255.5, 0.0, 711.1112738715278, 255.5, 0.0, 0.0, 1.0], "cam_R_w2c": [0.8282886743545532, -0.5602632761001587, 0.006553453393280506, -0.5546445846557617, -0.8215276598930359, -0.1321423202753067, 0.07941833883523941, 0.10581714659929276, -0.9912090301513672], "cam_t_w2c": [-43.84357833862305, 122.25204467773438, 1197.300048828125], "depth_scale": 1.0},
  "2": {"cam_K": [711.1112738715278, 0.0, 255.5, 0.0, 711.1112738715278, 255.5, 0.0, 0.0, 1.0], "cam_R_w2c": [0.8282886743545532, -0.5602632761001587, 0.006553453393280506, -0.5546445846557617, -0.8215276598930359, -0.1321423202753067, 0.07941833883523941, 0.10581714659929276, -0.9912090301513672], "cam_t_w2c": [-43.84357833862305, 122.25204467773438, 1197.300048828125], "depth_scale": 1.0},
  "3": {"cam_K": [711.1112738715278, 0.0, 255.5, 0.0, 711.1112738715278, 255.5, 0.0, 0.0, 1.0], "cam_R_w2c": [0.8282886743545532, -0.5602632761001587, 0.006553453393280506, -0.5546445846557617, -0.8215276598930359, -0.1321423202753067, 0.07941833883523941, 0.10581714659929276, -0.9912090301513672], "cam_t_w2c": [-43.84357833862305, 122.25204467773438, 1197.300048828125], "depth_scale": 1.0},
  "4": {"cam_K": [711.1112738715278, 0.0, 255.5, 0.0, 711.1112738715278, 255.5, 0.0, 0.0, 1.0], "cam_R_w2c": [0.8282886743545532, -0.5602632761001587, 0.006553453393280506, -0.5546445846557617, -0.8215276598930359, -0.1321423202753067, 0.07941833883523941, 0.10581714659929276, -0.9912090301513672], "cam_t_w2c": [-43.84357833862305, 122.25204467773438, 1197.300048828125], "depth_scale": 1.0},
  "5": {"cam_K": [711.1112738715278, 0.0, 255.5, 0.0, 711.1112738715278, 255.5, 0.0, 0.0, 1.0], "cam_R_w2c": [0.8282886743545532, -0.5602632761001587, 0.006553453393280506, -0.5546445846557617, -0.8215276598930359, -0.1321423202753067, 0.07941833883523941, 0.10581714659929276, -0.9912090301513672], "cam_t_w2c": [-43.84357833862305, 122.25204467773438, 1197.300048828125], "depth_scale": 1.0},
  "6": {"cam_K": [711.1112738715278, 0.0, 255.5, 0.0, 711.1112738715278, 255.5, 0.0, 0.0, 1.0], "cam_R_w2c": [0.8282886743545532, -0.5602632761001587, 0.006553453393280506, -0.5546445846557617, -0.8215276598930359, -0.1321423202753067, 0.07941833883523941, 0.10581714659929276, -0.9912090301513672], "cam_t_w2c": [-43.84357833862305, 122.25204467773438, 1197.300048828125], "depth_scale": 1.0},
  "7": {"cam_K": [711.1112738715278, 0.0, 255.5, 0.0, 711.1112738715278, 255.5, 0.0, 0.0, 1.0], "cam_R_w2c": [0.8282886743545532, -0.5602632761001587, 0.006553453393280506, -0.5546445846557617, -0.8215276598930359, -0.1321423202753067, 0.07941833883523941, 0.10581714659929276, -0.9912090301513672], "cam_t_w2c": [-43.84357833862305, 122.25204467773438, 1197.300048828125], "depth_scale": 1.0},
  "8": {"cam_K": [711.1112738715278, 0.0, 255.5, 0.0, 711.1112738715278, 255.5, 0.0, 0.0, 1.0], "cam_R_w2c": [0.8282886743545532, -0.5602632761001587, 0.006553453393280506, -0.5546445846557617, -0.8215276598930359, -0.1321423202753067, 0.07941833883523941, 0.10581714659929276, -0.9912090301513672], "cam_t_w2c": [-43.84357833862305, 122.25204467773438, 1197.300048828125], "depth_scale": 1.0},
  "9": {"cam_K": [711.1112738715278, 0.0, 255.5, 0.0, 711.1112738715278, 255.5, 0.0, 0.0, 1.0], "cam_R_w2c": [0.8282886743545532, -0.5602632761001587, 0.006553453393280506, -0.5546445846557617, -0.8215276598930359, -0.1321423202753067, 0.07941833883523941, 0.10581714659929276, -0.9912090301513672], "cam_t_w2c": [-43.84357833862305, 122.25204467773438, 1197.300048828125], "depth_scale": 1.0}
}