{
  "0": {"cam_K": [711.1112738715278, 0.0, 255.5, 0.0, 711.1112738715278, 255.5, 0.0, 0.0, 1.0], "cam_R_w2c": [-0.09593330323696136, -0.9912936687469482, -0.09018780291080475, -0.46573930978775024, 0.12477798014879227, -0.8760807514190674, 0.8797066807746887, -0.04204125702381134, -0.4736548066139221], "cam_t_w2c": [181.287841796875, -88.52782440185547, 588.7059936523438], "depth_scale": 1.0},
  "1": {"cam_K": [711.1112738715278, 0.0, 255.5, 0.0, 711.1112738715278, 255.5, 0.0, 0.0, 1.0], "cam_R_w2c": [0.1319117546081543, 0.986893892288208, -0.09294994175434113, 0.11858100444078445, -0.1088065356016159, -0.9869648218154907, -0.9841431379318237, 0.11917011439800262, -0.13137969374656677], "cam_t_w2c": [-186.4976348876953, 39.16447830200195, 285.3746337890625], "depth_scale": 1.0},
  "2": {"cam_K": [711.1112738715278, 0.0, 255.5, 0.0, 711.1112738715278, 255.5, 0.0, 0.0, 1.0], "cam_R_w2c": [0.1319117546081543, 0.986893892288208, -0.09294994175434113, 0.11858100444078445, -0.1088065356016159, -0.9869648218154907, -0.9841431379318237, 0.11917011439800262, -0.13137969374656677], "cam_t_w2c": [-186.4976348876953, 39.16447830200195, 285.3746337890625], "depth_scale": 1.0},
  "3": {"cam_K": [711.1112738715278, 0.0, 255.5, 0.0, 711.1112738715278, 255.5, 0.0, 0.0, 1.0], "cam_R_w2c": [0.9900082945823669, -0.014402475208044052, 0.1402718424797058, 0.13470488786697388, -0.1975245326757431, -0.9709987640380859, 0.041691917926073074, 0.9801921248435974, -0.19361083209514618], "cam_t_w2c": [141.961181640625, 62.24289321899414, 210.86912536621094], "depth_scale": 1.0},
  "4": {"cam_K": [711.1112738715278, 0.0, 255.5, 0.0, 711.1112738715278, 255.5, 0.0, 0.0, 1.0], "cam_R_w2c": [0.9900082945823669, -0.014402475208044052, 0.1402718424797058, 0.13470488786697388, -0.1975245326757431, -0.9709987640380859, 0.041691917926073074, 0.9801921248435974, -0.19361083209514618], "cam_t_w2c": [141.961181640625, 62.24289321899414, 210.86912536621094], "depth_scale": 1.0},
  "5": {"cam_K": [711.1112738715278, 0.0, 255.5, 0.0, 711.1112738715278, 255.5, 0.0, 0.0, 1.0], "cam_R_w2c": [0.21700529754161835, 0.9691348075866699, -0.11698928475379944, 0.3444472849369049, -0.1881561577320099, -0.9197572469711304, -0.9133809804916382, 0.15929558873176575, -0.37464675307273865], "cam_t_w2c": [-191.77606201171875, 92.50924682617188, 269.96807861328125], "depth_scale": 1.0},
  "6": {"cam_K": [711.1112738715278, 0.0, 255.5, 0.0, 711.1112738715278, 255.5, 0.0, 0.0, 1.0], "cam_R_w2c": [0.21700529754161835, 0.9691348075866699, -0.11698928475379944, 0.3444472849369049, -0.1881561577320099, -0.9197572469711304, -0.9133809804916382, 0.15929558873176575, -0.37464675307273865], "cam_t_w2c": [-191.77606201171875, 92.50924682617188, 269.96807861328125], "depth_scale": 1.0},
  "7": {"cam_K": [711.1112738715278, 0.0, 255.5, 0.0, 711.1112738715278, 255.5, 0.0, 0.0, 1.0], "cam_R_w2c": [0.914584755897522, 0.3973310589790344, 0.07525154203176498, 0.328996866941452, -0.6228626370429993, -0.7097910046577454, -0.23515062034130096, 0.673921525478363, -0.700381338596344], "cam_t_w2c": [42.21604919433594, 179.72113037109375, 249.07119750976562], "depth_scale": 1.0},
  "8": {"cam_K": [711.1112738715278, 0.0, 255.5, 0.0, 711.1112738715278, 255.5, 0.0, 0.0, 1.0], "cam_R_w2c": [0.914584755897522, 0.3973310589790344, 0.07525154203176498, 0.328996866941452, -0.6228626370429993, -0.7097910046577454, -0.23515062034130096, 0.673921525478363, -0.700381338596344], "cam_t_w2c": [42.21604919433594, 179.72113037109375, 249.07119750976562], "depth_scale": 1.0},
  "9": {"cam_K": [711.1112738715278, 0.0, 255.5, 0.0, 711.1112738715278, 255.5, 0.0, 0.0, 1.0], "cam_R_w2c": [0.9834308624267578, -0.09324531257152557, -0.15546412765979767, -0.1763274073600769, -0.2928512990474701, -0.9397589564323425, 0.04210025072097778, 0.9516005516052246, -0.3044407069683075], "cam_t_w2c": [158.3314971923828, 39.632286071777344, 216.52273559570312], "depth_scale": 1.0}
}