{
  "0": {"cam_K": [711.1112738715278, 0.0, 255.5, 0.0, 711.1112738715278, 255.5, 0.0, 0.0, 1.0], "cam_R_w2c": [-0.6020795702934265, -0.7984360456466675, -6.099260474456969e-08, -0.5029590725898743, 0.37926825881004333, -0.7766516208648682, 0.6201066970825195, -0.4676060676574707, -0.629930317401886], "cam_t_w2c": [-46.64596939086914, 227.94239807128906, 809.5462646484375], "depth_scale": 1.0},
  "1": {"cam_K": [711.1112738715278, 0.0, 255.5, 0.0, 711.1112738715278, 255.5, 0.0, 0.0, 1.0], "cam_R_w2c": [0.27176517248153687, 0.962363600730896, -5.395256863494069e-08, 0.5325862169265747, -0.15039891004562378, -0.8329058289527893, -0.801558256149292, 0.22635477781295776, -0.5534147620201111], "cam_t_w2c": [66.13221740722656, 179.33157348632812, 1138.59423828125], "depth_scale": 1.0}
}