{
  "0": {"cam_K": [711.1112738715278, 0.0, 255.5, 0.0, 711.1112738715278, 255.5, 0.0, 0.0, 1.0], "cam_R_w2c": [0.7533785104751587, 0.6572827100753784, 0.020006081089377403, 0.562909722328186, -0.6288838386535645, -0.536318838596344, -0.33993157744407654, 0.4153127074241638, -0.8437784314155579], "cam_t_w2c": [-127.19404602050781, 63.124916076660156, 342.5911865234375], "depth_scale": 1.0}
}