{
  "0": {"cam_K": [711.1112738715278, 0.0, 255.5, 0.0, 711.1112738715278, 255.5, 0.0, 0.0, 1.0], "cam_R_w2c": [-0.5852502584457397, 0.8108527064323425, -2.1435904784539161e-07, 0.7625966668128967, 0.5504204034805298, -0.3398289084434509, -0.27555108070373535, -0.19888512790203094, -0.9404872059822083], "cam_t_w2c": [-162.68702697753906, -1524441.5, -4218184.0], "depth_scale": 1.0},
  "1": {"cam_K": [711.1112738715278, 0.0, 255.5, 0.0, 711.1112738715278, 255.5, 0.0, 0.0, 1.0], "cam_R_w2c": [0.9982597827911377, 0.05896983668208122, 1.255724857429641e-09, 0.03235658258199692, -0.5477423667907715, -0.8360211849212646, -0.04930002987384796, 0.8345662951469421, -0.5486972332000732], "cam_t_w2c": [90.22559356689453, -3750250.0, -2460788.75], "depth_scale": 1.0}
}