{
  "0": {"cam_K": [711.1112738715278, 0.0, 255.5, 0.0, 711.1112738715278, 255.5, 0.0, 0.0, 1.0], "cam_R_w2c": [0.7336428165435791, 0.528440535068512, 0.4272221624851227, 0.4621559679508209, 0.07289479672908783, -0.8837975263595581, -0.4981766939163208, 0.8458349704742432, -0.19074319303035736], "cam_t_w2c": [-260.67138671875, 133.60470581054688, 510.2470397949219], "depth_scale": 1.0},
  "1": {"cam_K": [711.1112738715278, 0.0, 255.5, 0.0, 711.1112738715278, 255.5, 0.0, 0.0, 1.0], "cam_R_w2c": [0.7336428165435791, 0.528440535068512, 0.4272221624851227, 0.4621559679508209, 0.07289479672908783, -0.8837975263595581, -0.4981766939163208, 0.8458349704742432, -0.19074319303035736], "cam_t_w2c": [-260.67138671875, 133.60470581054688, 510.2470397949219], "depth_scale": 1.0},
  "2": {"cam_K": [711.1112738715278, 0.0, 255.5, 0.0, 711.1112738715278, 255.5, 0.0, 0.0, 1.0], "cam_R_w2c": [-0.9552559852600098, -0.010760467499494553, -0.2955845296382904, 0.2810785472393036, 0.27812039852142334, -0.9185009002685547, 0.09209158271551132, -0.9604859352111816, -0.26265162229537964], "cam_t_w2c": [-40.08662033081055, 160.2786407470703, 360.6785888671875], "depth_scale": 1.0},
  "3": {"cam_K": [711.1112738715278, 0.0, 255.5, 0.0, 711.1112738715278, 255.5, 0.0, 0.0, 1.0], "cam_R_w2c": [-0.9552559852600098, -0.010760467499494553, -0.2955845296382904, 0.2810785472393036, 0.27812039852142334, -0.9185009002685547, 0.09209158271551132, -0.9604859352111816, -0.26265162229537964], "cam_t_w2c": [-40.08662033081055, 160.2786407470703, 360.6785888671875], "depth_scale": 1.0},
  "4": {"cam_K": [711.1112738715278, 0.0, 255.5, 0.0, 711.1112738715278, 255.5, 0.0, 0.0, 1.0], "cam_R_w2c": [0.1295739710330963, -0.9839310646057129, -0.12284187227487564, -0.46464917063713074, 0.04919195547699928, -0.8841273784637451, 0.8759632706642151, 0.17163823544979095, -0.45080873370170593], "cam_t_w2c": [-83.17525482177734, 69.81458282470703, 605.0146484375], "depth_scale": 1.0}
}