{
  "0": {"cam_K": [711.1112738715278, 0.0, 255.5, 0.0, 711.1112738715278, 255.5, 0.0, 0.0, 1.0], "cam_R_w2c": [-0.641568124294281, -0.767066240310669, 2.616962433421577e-07, -0.7653551697731018, 0.6401368379592896, -0.06675593554973602, 0.05120605230331421, -0.042828671634197235, -0.9977694749832153], "cam_t_w2c": [288.8935241699219, 229.55580139160156, 1109.5279541015625], "depth_scale": 1.0},
  "1": {"cam_K": [711.1112738715278, 0.0, 255.5, 0.0, 711.1112738715278, 255.5, 0.0, 0.0, 1.0], "cam_R_w2c": [-0.5734490752220154, -0.8192411661148071, -1.2329616438933044e-08, -0.7759655714035034, 0.5431572794914246, -0.32071417570114136, 0.262742280960083, -0.18391326069831848, -0.947175920009613], "cam_t_w2c": [270.4140319824219, 344.1528015136719, 1188.433349609375], "depth_scale": 1.0}
}