{
  "0": {"cam_K": [711.1112738715278, 0.0, 255.5, 0.0, 711.1112738715278, 255.5, 0.0, 0.0, 1.0], "cam_R_w2c": [0.9913745522499084, -0.13105903565883636, 7.914980670875593e-09, -0.048835571855306625, -0.3694087862968445, -0.9279829263687134, 0.1216205433011055, 0.919978678226471, -0.3726228177547455], "cam_t_w2c": [279.10589599609375, 112.85308837890625, 1339.74267578125], "depth_scale": 1.0},
  "1": {"cam_K": [711.1112738715278, 0.0, 255.5, 0.0, 711.1112738715278, 255.5, 0.0, 0.0, 1.0], "cam_R_w2c": [0.9225236773490906, 0.38594046235084534, -6.984510037000291e-08, 0.38503187894821167, -0.9203518033027649, -0.06857743859291077, -0.026466872543096542, 0.06326428055763245, -0.9976457357406616], "cam_t_w2c": [333.1543884277344, -3.9346232414245605, 1024.0635986328125], "depth_scale": 1.0}
}