{
  "0": {"cam_K": [711.1112738715278, 0.0, 255.5, 0.0, 711.1112738715278, 255.5, 0.0, 0.0, 1.0], "cam_R_w2c": [0.9175189137458801, 0.39769211411476135, -7.960860415323623e-09, 0.2577473521232605, -0.5946512818336487, -0.761548638343811, -0.30286186933517456, 0.6987352967262268, -0.6481078863143921], "cam_t_w2c": [-443.536865234375, -3415886.0, -2905924.25], "depth_scale": 1.0},
  "1": {"cam_K": [711.1112738715278, 0.0, 255.5, 0.0, 711.1112738715278, 255.5, 0.0, 0.0, 1.0], "cam_R_w2c": [-0.8980618715286255, 0.4398696720600128, 2.72229499387322e-07, 0.1859036386013031, 0.37955138087272644, -0.9063006043434143, -0.39865419268608093, -0.8139137625694275, -0.42263415455818176], "cam_t_w2c": [357.8681335449219, -4065211.5, -1894632.0], "depth_scale": 1.0}
}