{
  "0": {"cam_K": [711.1112738715278, 0.0, 255.5, 0.0, 711.1112738715278, 255.5, 0.0, 0.0, 1.0], "cam_R_w2c": [0.14389954507350922, -0.9895917773246765, 0.001083772862330079, -0.19029583036899567, -0.02874629944562912, -0.9813059568405151, 0.9711233377456665, 0.1410033106803894, -0.1924518197774887], "cam_t_w2c": [-44.64773178100586, 36.87818908691406, 10.03071117401123], "depth_scale": 1.0},
  "1": {"cam_K": [711.1112738715278, 0.0, 255.5, 0.0, 711.1112738715278, 255.5, 0.0, 0.0, 1.0], "cam_R_w2c": [0.21259278059005737, -0.9434069991111755, -0.2545340955257416, -0.23131133615970612, 0.20449665188789368, -0.9511446952819824, 0.9493679404258728, 0.2610831558704376, -0.17474624514579773], "cam_t_w2c": [-53.2840461730957, 46.49224853515625, 18.047910690307617], "depth_scale": 1.0}
}