{
  "0": {"cam_K": [711.1112738715278, 0.0, 255.5, 0.0, 711.1112738715278, 255.5, 0.0, 0.0, 1.0], "cam_R_w2c": [0.9343016147613525, 0.35648342967033386, 4.414599352742243e-09, 0.21549099683761597, -0.5647768378257751, -0.796612024307251, -0.28397899866104126, 0.7442759275436401, -0.6044908761978149], "cam_t_w2c": [-5174.4384765625, -3570155.75, -2706160.5], "depth_scale": 1.0},
  "1": {"cam_K": [711.1112738715278, 0.0, 255.5, 0.0, 711.1112738715278, 255.5, 0.0, 0.0, 1.0], "cam_R_w2c": [0.7570035457611084, 0.653410792350769, -1.6579846828790323e-07, 0.6526784300804138, -0.7561551928520203, -0.047332342714071274, -0.030927585437893867, 0.03583064302802086, -0.9988792538642883], "cam_t_w2c": [-4291.7568359375, -215410.921875, -4474270.5], "depth_scale": 1.0}
}