{
  "0": [{"cam_R_m2c": [0.36188584566116333, -0.9319369196891785, 0.023068318143486977, -0.20278610289096832, -0.10284966230392456, -0.9738067388534546, 0.9098990559577942, 0.3477288782596588, -0.22620363533496857], "cam_t_m2c": [-5098.3359375, 3302.4052734375, 5315.8466796875], "obj_id": 2}, {"cam_R_m2c": [0.6009431481361389, -0.6024178862571716, -0.5253189206123352, -0.7935896515846252, -0.37132853269577026, -0.4820067286491394, 0.09530356526374817, 0.7065463066101074, -0.701219916343689], "cam_t_m2c": [-302.882568359375, -259.0873107910156, 608.61083984375], "obj_id": 0}],
  "1": [{"cam_R_m2c": [0.6288958191871643, -0.760675311088562, 0.16081994771957397, -0.6543337106704712, -0.6295490860939026, -0.41894540190696716, 0.4199254810810089, 0.1582430899143219, -0.8936562538146973], "cam_t_m2c": [-4262.943359375, -2945.19482421875, 6416.90869140625], "obj_id": 2}, {"cam_R_m2c": [0.7542697787284851, -0.29821762442588806, -0.5849301218986511, -0.3445548415184021, -0.9381502270698547, 0.03399665653705597, -0.5588908791542053, 0.17589788138866425, -0.810370683670044], "cam_t_m2c": [-298.2315979003906, -82.74649810791016, 592.255126953125], "obj_id": 0}]
}