{
  "0": {"cam_K": [711.1112738715278, 0.0, 255.5, 0.0, 711.1112738715278, 255.5, 0.0, 0.0, 1.0], "cam_R_w2c": [0.4523220360279083, -0.8903638124465942, 0.051546912640333176, -0.648697018623352, -0.3681138753890991, -0.6660965085029602, 0.6120433211326599, 0.2678518295288086, -0.7440823912620544], "cam_t_w2c": [-18.714696884155273, 175.20338439941406, 214.19790649414062], "depth_scale": 1.0},
  "1": {"cam_K": [711.1112738715278, 0.0, 255.5, 0.0, 711.1112738715278, 255.5, 0.0, 0.0, 1.0], "cam_R_w2c": [0.569797694683075, -0.8206925988197327, 0.04235891252756119, -0.38873234391212463, -0.3145889341831207, -0.865979790687561, 0.7240288257598877, 0.47696706652641296, -0.4982818067073822], "cam_t_w2c": [67.82494354248047, 21.450035095214844, 122.24244689941406], "depth_scale": 1.0}
}