{
  "0": {"cam_K": [711.1112738715278, 0.0, 255.5, 0.0, 711.1112738715278, 255.5, 0.0, 0.0, 1.0], "cam_R_w2c": [0.028713298961520195, 0.9995877146720886, -1.2364448309654108e-07, 0.19106771051883698, -0.0054885889403522015, -0.981561541557312, -0.9811568260192871, 0.028183862566947937, -0.19114653766155243], "cam_t_w2c": [65.08209228515625, 18.49644660949707, 1197.5242919921875], "depth_scale": 1.0},
  "1": {"cam_K": [711.1112738715278, 0.0, 255.5, 0.0, 711.1112738715278, 255.5, 0.0, 0.0, 1.0], "cam_R_w2c": [0.16733184456825256, -0.9859007000923157, 1.603229861757427e-06, -0.9857318997383118, -0.16730333864688873, -0.018501074984669685, 0.018240490928292274, 0.0030942396260797977, -0.9998289346694946], "cam_t_w2c": [-92.13496398925781, 130.0709991455078, 997.0468139648438], "depth_scale": 1.0}
}