{
  "0": [{"cam_R_m2c": [-0.4416916072368622, 0.4378233850002289, 0.7830830812454224, -0.8164461255073547, 0.1656799167394638, -0.5531417727470398, -0.37191951274871826, -0.8836632966995239, 0.28427982330322266], "cam_t_m2c": [18937.6640625, 41007.37890625, 11504.2109375], "obj_id": 0}, {"cam_R_m2c": [-0.565155029296875, 0.3460976183414459, -0.7488765120506287, -0.674231231212616, 0.3293306827545166, 0.6610245704650879, 0.47540703415870667, 0.8784973621368408, 0.047227002680301666], "cam_t_m2c": [-305.5992431640625, 336.1416931152344, 1105.8214111328125], "obj_id": 0}],
  "1": [{"cam_R_m2c": [0.06333895027637482, -0.7022263407707214, 0.709130585193634, -0.6836544275283813, 0.48712146282196045, 0.5434420704841614, -0.7270520925521851, -0.519221305847168, -0.44922637939453125], "cam_t_m2c": [-10418.3291015625, 31460.111328125, 33338.33984375], "obj_id": 0}, {"cam_R_m2c": [0.6331539750099182, 0.593112051486969, -0.49732691049575806, -0.770085871219635, 0.41795045137405396, -0.48195964097976685, -0.0779981017112732, 0.6881391406059265, 0.7213742733001709], "cam_t_m2c": [-164.9135284423828, -176.26881408691406, 1297.8408203125], "obj_id": 0}]
}