{
  "0": {"cam_K": [711.1112738715278, 0.0, 255.5, 0.0, 711.1112738715278, 255.5, 0.0, 0.0, 1.0], "cam_R_w2c": [0.6448919773101807, 0.7642737627029419, 1.256482917710855e-08, 0.4389714002609253, -0.37040281295776367, -0.8185999393463135, -0.6256344318389893, 0.5279085636138916, -0.5743641257286072], "cam_t_w2c": [18948.654296875, -3630860.25, -2564699.25], "depth_scale": 1.0},
  "1": {"cam_K": [711.1112738715278, 0.0, 255.5, 0.0, 711.1112738715278, 255.5, 0.0, 0.0, 1.0], "cam_R_w2c": [-0.6037702560424805, 0.7971585392951965, -8.370264481527556e-08, 0.7687796950340271, 0.5822758674621582, -0.26444777846336365, -0.210806742310524, -0.15966574847698212, -0.9644001722335815], "cam_t_w2c": [-10310.3681640625, -1154725.0, -4292444.5], "depth_scale": 1.0}
}