{
  "0": [{"cam_R_m2c": [-0.00946594774723053, -0.08769294619560242, 0.9961025714874268, -0.19822822511196136, -0.9762131571769714, -0.0878257229924202, 0.9801101684570312, -0.1982869952917099, -0.008142386563122272], "cam_t_m2c": [419.3916320800781, -71.59809875488281, 894.63330078125], "obj_id": 2}, {"cam_R_m2c": [0.14773344993591309, 0.31445345282554626, -0.9377066493034363, -0.976266086101532, -0.10544801503419876, -0.18916961550712585, -0.1583644151687622, 0.9433978796005249, 0.2914121150970459], "cam_t_m2c": [8889.0458984375, 17388.1484375, 64922.8359375], "obj_id": 2}],
  "1": [{"cam_R_m2c": [0.03597049042582512, 0.15599742531776428, -0.987102210521698, 0.9991856813430786, -0.023676272481679916, 0.03266904875636101, -0.01827467605471611, -0.9874736070632935, -0.15672199428081512], "cam_t_m2c": [-412.7544250488281, 49.00022888183594, 680.1392211914062], "obj_id": 2}, {"cam_R_m2c": [-0.07829014211893082, -0.2942676544189453, 0.9525109529495239, 0.021529706194996834, 0.9547217488288879, 0.2967202365398407, -0.9966980218887329, 0.04373757168650627, -0.06840980052947998], "cam_t_m2c": [-9337.68359375, 60144.28125, 28699.072265625], "obj_id": 2}]
}