{
  "0": {"cam_K": [711.1112738715278, 0.0, 255.5, 0.0, 711.1112738715278, 255.5, 0.0, 0.0, 1.0], "cam_R_w2c": [-0.5894761681556702, 0.8077857494354248, -3.893267574994752e-08, 0.7963659763336182, 0.5811426639556885, -0.1675543189048767, -0.13534797728061676, -0.09876931458711624, -0.9858628511428833], "cam_t_w2c": [8852.724609375, -734313.875, -4357206.5], "depth_scale": 1.0},
  "1": {"cam_K": [711.1112738715278, 0.0, 255.5, 0.0, 711.1112738715278, 255.5, 0.0, 0.0, 1.0], "cam_R_w2c": [0.5282823443412781, -0.8490687608718872, -7.318151773461068e-08, -0.28959032893180847, -0.18018020689487457, -0.9400385618209839, 0.7981573343276978, 0.4966058135032654, -0.3410681188106537], "cam_t_w2c": [-9292.4306640625, -4156416.5, -1501301.875], "depth_scale": 1.0}
}