{
  "0": {"cam_K": [711.1112738715278, 0.0, 255.5, 0.0, 711.1112738715278, 255.5, 0.0, 0.0, 1.0], "cam_R_w2c": [0.9765456318855286, 0.21531055867671967, -2.2288123346925204e-08, 0.20151370763778687, -0.9139696359634399, -0.3522094488143921, -0.07583443820476532, 0.3439485728740692, -0.9359210729598999], "cam_t_w2c": [-27.308380126953125, -124.25890350341797, 857.7183227539062], "depth_scale": 1.0},
  "1": {"cam_K": [711.1112738715278, 0.0, 255.5, 0.0, 711.1112738715278, 255.5, 0.0, 0.0, 1.0], "cam_R_w2c": [0.9959961175918579, 0.08939623087644577, 1.4321969388220168e-08, 0.08652276545763016, -0.9639818072319031, -0.2515013515949249, -0.022483257576823235, 0.2504943609237671, -0.9678569436073303], "cam_t_w2c": [-48.57505798339844, -134.66477966308594, 1079.7540283203125], "depth_scale": 1.0}
}