{
  "0": {"cam_K": [711.1112738715278, 0.0, 255.5, 0.0, 711.1112738715278, 255.5, 0.0, 0.0, 1.0], "cam_R_w2c": [0.15736933052539825, -0.9875397682189941, 3.082176647239976e-08, -0.7362343668937683, -0.11732248216867447, -0.6664789319038391, 0.6581745147705078, 0.10488329082727432, -0.7455236911773682], "cam_t_w2c": [-15408.7119140625, -2919182.25, -3271824.25], "depth_scale": 1.0},
  "1": {"cam_K": [711.1112738715278, 0.0, 255.5, 0.0, 711.1112738715278, 255.5, 0.0, 0.0, 1.0], "cam_R_w2c": [0.37340226769447327, -0.9276695847511292, -8.446598798173e-08, -0.20514531433582306, -0.08257437497377396, -0.975242018699646, 0.9047023057937622, 0.36415764689445496, -0.2211405634880066], "cam_t_w2c": [-16082.7373046875, -4276495.5, -969968.25], "depth_scale": 1.0}
}