{
  "0": [{"cam_R_m2c": [-0.886091411113739, -0.4468771517276764, 0.12305604666471481, -0.3928416967391968, 0.8649484515190125, 0.3123133182525635, -0.24600282311439514, 0.22839662432670593, -0.9419753551483154], "cam_t_m2c": [8.207839965820312, 142.81964111328125, 322.6109619140625], "obj_id": 2}],
  "1": [{"cam_R_m2c": [-0.8351080417633057, -0.5453853607177734, -0.07175571471452713, -0.5056418776512146, 0.8124436140060425, -0.2902785539627075, 0.21661117672920227, -0.20613133907318115, -0.9542478322982788], "cam_t_m2c": [-75.28973388671875, -117.78843688964844, 587.4362182617188], "obj_id": 2}]
}