{
  "0": {"cam_K": [711.1112738715278, 0.0, 255.5, 0.0, 711.1112738715278, 255.5, 0.0, 0.0, 1.0], "cam_R_w2c": [0.7203866839408875, -0.6935726404190063, 2.0459838268038766e-08, -0.25861644744873047, -0.26861485838890076, -0.9278813004493713, 0.6435530781745911, 0.6684333682060242, -0.3728758692741394], "cam_t_w2c": [-84.20925903320312, -4162266.0, -1671947.25], "depth_scale": 1.0},
  "1": {"cam_K": [711.1112738715278, 0.0, 255.5, 0.0, 711.1112738715278, 255.5, 0.0, 0.0, 1.0], "cam_R_w2c": [0.4804907739162445, 0.8769997954368591, -9.583957449876834e-08, 0.7705508470535278, -0.42216959595680237, -0.47751885652542114, -0.418783962726593, 0.22944334149360657, -0.878621518611908], "cam_t_w2c": [-82.14305114746094, -2142158.5, -3940469.0], "depth_scale": 1.0}
}