{
  "0": {"cam_K": [711.1112738715278, 0.0, 255.5, 0.0, 711.1112738715278, 255.5, 0.0, 0.0, 1.0], "cam_R_w2c": [-0.6530545353889465, 0.7573109865188599, -2.830185223956505e-07, 0.3063162565231323, 0.2641463279724121, -0.9145475029945374, -0.6925967931747437, -0.5972493886947632, -0.40447866916656494], "cam_t_w2c": [53.011226654052734, -4102151.25, -1813512.875], "depth_scale": 1.0},
  "1": {"cam_K": [711.1112738715278, 0.0, 255.5, 0.0, 711.1112738715278, 255.5, 0.0, 0.0, 1.0], "cam_R_w2c": [0.5884319543838501, 0.808546781539917, -1.2621804046375473e-08, 0.38140690326690674, -0.2775745689868927, -0.8817489147186279, -0.712935209274292, 0.51884925365448, -0.47171905636787415], "cam_t_w2c": [107.2815933227539, -3955088.5, -2114779.75], "depth_scale": 1.0}
}