{
  "0": [{"cam_R_m2c": [0.5566743612289429, -0.48237094283103943, -0.6763370633125305, 0.812874436378479, 0.14839525520801544, 0.5632173418998718, -0.1713145673274994, -0.8633058071136475, 0.4747149348258972], "cam_t_m2c": [1042.044677734375, 27873.224609375, 73474.984375], "obj_id": 0}, {"cam_R_m2c": [-0.15820017457008362, -0.986029326915741, -0.05214159935712814, -0.9326935410499573, 0.13189157843589783, 0.3356893062591553, -0.32412248849868774, 0.10173825919628143, -0.9405284523963928], "cam_t_m2c": [-127.1296157836914, 167.0157928466797, 426.735107421875], "obj_id": 0}],
  "1": [{"cam_R_m2c": [-0.770729124546051, 0.3634246289730072, 0.5233538746833801, -0.5180429220199585, -0.8356293439865112, -0.18263450264930725, 0.3709559440612793, -0.4118814766407013, 0.8323132395744324], "cam_t_m2c": [-3895.4208984375, 34731.4453125, 70212.9921875], "obj_id": 0}, {"cam_R_m2c": [0.38909053802490234, 0.9150739908218384, -0.10605677217245102, 0.33218294382095337, -0.24675559997558594, -0.910365879535675, -0.8592222929000854, 0.3189844489097595, -0.399982213973999], "cam_t_m2c": [47.36399841308594, -441.3447265625, 553.8995361328125], "obj_id": 0}]
}