{
  "0": {"cam_K": [711.1112738715278, 0.0, 255.5, 0.0, 711.1112738715278, 255.5, 0.0, 0.0, 1.0], "cam_R_w2c": [0.859110951423645, -0.5117893815040588, -1.5643664141862246e-08, -0.4976333975791931, -0.8353481292724609, -0.23356901109218597, 0.11953812837600708, 0.20066170394420624, -0.9723402261734009], "cam_t_w2c": [961.5203247070312, -1019687.25, -4287985.5], "depth_scale": 1.0},
  "1": {"cam_K": [711.1112738715278, 0.0, 255.5, 0.0, 711.1112738715278, 255.5, 0.0, 0.0, 1.0], "cam_R_w2c": [-0.6770716309547424, 0.7359171509742737, 1.7547412767271453e-07, 0.6135931015014648, 0.5645290017127991, -0.552096426486969, -0.40629732608795166, -0.37380874156951904, -0.8337802886962891], "cam_t_w2c": [-3851.121337890625, -2441810.25, -3669634.75], "depth_scale": 1.0}
}