{
  "0": {"cam_K": [2346.1825408935547, 0.0, 956.150695733726, 0.0, 2351.0241982895623, 613.6550906152873, 0.0, 0.0, 1.0], "cam_R_w2c": [0.999386727809906, 0.035016097128391266, -7.113687416904213e-10, 0.0249330997467041, -0.7116102576255798, -0.7021320462226868, -0.024585921317338943, 0.7017014622688293, -0.7120469212532043], "cam_t_w2c": [161.21884155273438, 188.89791870117188, 1418.9146728515625], "depth_scale": 1.0},
  "1": {"cam_K": [2346.1825408935547, 0.0, 956.150695733726, 0.0, 2351.0241982895623, 613.6550906152873, 0.0, 0.0, 1.0], "cam_R_w2c": [-0.9912651181221008, -0.13188466429710388, -4.2476404615854335e-09, -0.08197753131389618, 0.6161555051803589, -0.7833467125892639, 0.10331141948699951, -0.7765042185783386, -0.6215850710868835], "cam_t_w2c": [-138.56878662109375, 472.8973693847656, 988.9283447265625], "depth_scale": 1.0}
}