{
  "0": {"cam_K": [711.1112738715278, 0.0, 255.5, 0.0, 711.1112738715278, 255.5, 0.0, 0.0, 1.0], "cam_R_w2c": [0.68486088514328, 0.6140350103378296, 0.3923347592353821, 0.5849229693412781, -0.14217334985733032, -0.7985310554504395, -0.43454650044441223, 0.7763683199882507, -0.45653215050697327], "cam_t_w2c": [-10.277022361755371, 116.20723724365234, 244.41896057128906], "depth_scale": 1.0}
}