{
  "0": {"cam_K": [711.1112738715278, 0.0, 255.5, 0.0, 711.1112738715278, 255.5, 0.0, 0.0, 1.0], "cam_R_w2c": [-0.8467119932174683, -0.532051682472229, 1.7556098441673385e-07, -0.11841259896755219, 0.18844254314899445, -0.9749194383621216, 0.5187074542045593, -0.8254759311676025, -0.22255823016166687], "cam_t_w2c": [176.7340545654297, -4373153.5, -997450.5625], "depth_scale": 1.0},
  "1": {"cam_K": [711.1112738715278, 0.0, 255.5, 0.0, 711.1112738715278, 255.5, 0.0, 0.0, 1.0], "cam_R_w2c": [0.5761036276817322, -0.8173767328262329, -3.689416772090226e-08, -0.7922914028167725, -0.5584231615066528, -0.24584174156188965, 0.20094528794288635, 0.1416303515434265, -0.9693101644515991], "cam_t_w2c": [93.65804290771484, -1102579.875, -4347084.0], "depth_scale": 1.0}
}