{
  "0": {"cam_K": [711.1112738715278, 0.0, 255.5, 0.0, 711.1112738715278, 255.5, 0.0, 0.0, 1.0], "cam_R_w2c": [0.48920711874961853, -0.8721676468849182, 1.066768220425729e-07, -0.6413103938102722, -0.35971710085868835, -0.6777348518371582, 0.591098427772522, 0.3315526247024536, -0.7353062629699707], "cam_t_w2c": [289.8032531738281, -46.812007904052734, 1075.93994140625], "depth_scale": 1.0},
  "1": {"cam_K": [711.1112738715278, 0.0, 255.5, 0.0, 711.1112738715278, 255.5, 0.0, 0.0, 1.0], "cam_R_w2c": [-0.440032422542572, -0.8979819416999817, 7.537455104511537e-09, -0.5385273694992065, 0.2638911306858063, -0.8002185821533203, 0.7185817956924438, -0.35212209820747375, -0.5997084975242615], "cam_t_w2c": [45.00508499145508, -121.66848754882812, 1228.108154296875], "depth_scale": 1.0}
}