{
  "0": {"cam_K": [711.1112738715278, 0.0, 255.5, 0.0, 711.1112738715278, 255.5, 0.0, 0.0, 1.0], "cam_R_w2c": [-0.5487025380134583, 0.8360177874565125, -2.138806109996949e-07, 0.3166470527648926, 0.207824245095253, -0.925496518611908, -0.7737314701080322, -0.5078222751617432, -0.3787563145160675], "cam_t_w2c": [3665.27734375, -4142261.75, -1700103.875], "depth_scale": 1.0},
  "1": {"cam_K": [711.1112738715278, 0.0, 255.5, 0.0, 711.1112738715278, 255.5, 0.0, 0.0, 1.0], "cam_R_w2c": [-0.7614626884460449, 0.6482086181640625, 1.1665298949026237e-08, 0.611216127872467, 0.7180070281028748, -0.33298760652542114, -0.21584545075893402, -0.25355765223503113, -0.9429311156272888], "cam_t_w2c": [1978.029296875, -1485173.0, -4223565.5], "depth_scale": 1.0}
}