{
  "0": [{"cam_R_m2c": [-0.43304678797721863, -0.8956458568572998, -0.10143473744392395, 0.7116085290908813, -0.27063560485839844, -0.6483591794967651, 0.5532483458518982, -0.35295170545578003, 0.754547119140625], "cam_t_m2c": [-83.47084045410156, -257.1001892089844, 1063.250244140625], "obj_id": 2}, {"cam_R_m2c": [0.8747597932815552, -0.09869174659252167, -0.4743998646736145, -0.48143771290779114, -0.06611305475234985, -0.8739833235740662, 0.05489093437790871, 0.9929194450378418, -0.10534697771072388], "cam_t_m2c": [183.53652954101562, -343.3753356933594, 1152.591064453125], "obj_id": 2}],
  "1": [{"cam_R_m2c": [0.4331391453742981, 0.8990631699562073, 0.06384196877479553, 0.41924849152565, -0.26366883516311646, 0.8687400817871094, 0.7978854179382324, -0.34951967000961304, -0.4911361634731293], "cam_t_m2c": [67.52593231201172, 375.6293640136719, 730.8790893554688], "obj_id": 2}, {"cam_R_m2c": [-0.8870776891708374, 0.06775519996881485, 0.45662036538124084, 0.11768431961536407, 0.9896785020828247, 0.08177312463521957, -0.4463668167591095, 0.1262761801481247, -0.8858954310417175], "cam_t_m2c": [-203.9553985595703, 470.9930419921875, 668.2646484375], "obj_id": 2}]
}