{
  "0": {"cam_K": [711.1112738715278, 0.0, 255.5, 0.0, 711.1112738715278, 255.5, 0.0, 0.0, 1.0], "cam_R_w2c": [-0.658197283744812, 0.7528455853462219, -1.216949669924361e-07, 0.46905627846717834, 0.4100860059261322, -0.7821865081787109, -0.5888655781745911, -0.5148330330848694, -0.6230444312095642], "cam_t_w2c": [-82.7238998413086, -3508985.0, -2793644.5], "depth_scale": 1.0},
  "1": {"cam_K": [711.1112738715278, 0.0, 255.5, 0.0, 711.1112738715278, 255.5, 0.0, 0.0, 1.0], "cam_R_w2c": [0.6861416697502136, -0.727467954158783, -2.0928911936834993e-09, -0.6461179852485657, -0.6094130277633667, -0.4595077335834503, 0.3342771530151367, 0.31528741121292114, -0.8881738185882568], "cam_t_w2c": [62.00905990600586, -2060743.125, -3983406.75], "depth_scale": 1.0}
}