{
  "0": {"cam_K": [2346.1825408935547, 0.0, 956.150695733726, 0.0, 2351.0241982895623, 613.6550906152873, 0.0, 0.0, 1.0], "cam_R_w2c": [-0.3276297152042389, 0.9448060989379883, -6.006133190794571e-08, 0.4117090106010437, 0.14276808500289917, -0.9000626802444458, -0.8503847718238831, -0.29488739371299744, -0.4357602000236511], "cam_t_w2c": [-21.309555053710938, 129.35450744628906, 1083.238525390625], "depth_scale": 1.0}
}