{
  "0": {"cam_K": [711.1112738715278, 0.0, 255.5, 0.0, 711.1112738715278, 255.5, 0.0, 0.0, 1.0], "cam_R_w2c": [-0.9515491724014282, 0.2569925785064697, 0.1688452512025833, 0.17352288961410522, 0.9020901322364807, -0.3951243460178375, -0.25385767221450806, -0.34668177366256714, -0.9029771685600281], "cam_t_w2c": [-99.72383117675781, -27.980470657348633, 476.11187744140625], "depth_scale": 1.0},
  "1": {"cam_K": [711.1112738715278, 0.0, 255.5, 0.0, 711.1112738715278, 255.5, 0.0, 0.0, 1.0], "cam_R_w2c": [-0.9515491724014282, 0.2569925785064697, 0.1688452512025833, 0.17352288961410522, 0.9020901322364807, -0.3951243460178375, -0.25385767221450806, -0.34668177366256714, -0.9029771685600281], "cam_t_w2c": [-99.72383117675781, -27.980470657348633, 476.11187744140625], "depth_scale": 1.0},
  "2": {"cam_K": [711.1112738715278, 0.0, 255.5, 0.0, 711.1112738715278, 255.5, 0.0, 0.0, 1.0], "cam_R_w2c": [-0.9515491724014282, 0.2569925785064697, 0.1688452512025833, 0.17352288961410522, 0.9020901322364807, -0.3951243460178375, -0.25385767221450806, -0.34668177366256714, -0.9029771685600281], "cam_t_w2c": [-99.72383117675781, -27.980470657348633, 476.11187744140625], "depth_scale": 1.0},
  "3": {"cam_K": [711.1112738715278, 0.0, 255.5, 0.0, 711.1112738715278, 255.5, 0.0, 0.0, 1.0], "cam_R_w2c": [0.7731270790100098, -0.6338943839073181, -0.021270109340548515, -0.11191759258508682, -0.1033368781208992, -0.9883299469947815, 0.6242988109588623, 0.7664851546287537, -0.15083648264408112], "cam_t_w2c": [96.76314544677734, 14.398919105529785, 545.5719604492188], "depth_scale": 1.0},
  "4": {"cam_K": [711.1112738715278, 0.0, 255.5, 0.0, 711.1112738715278, 255.5, 0.0, 0.0, 1.0], "cam_R_w2c": [0.7731270790100098, -0.6338943839073181, -0.021270109340548515, -0.11191759258508682, -0.1033368781208992, -0.9883299469947815, 0.6242988109588623, 0.7664851546287537, -0.15083648264408112], "cam_t_w2c": [96.76314544677734, 14.398919105529785, 545.5719604492188], "depth_scale": 1.0}
}