{
  "0": {"cam_K": [711.1112738715278, 0.0, 255.5, 0.0, 711.1112738715278, 255.5, 0.0, 0.0, 1.0], "cam_R_w2c": [0.5763078927993774, 0.6090990900993347, 0.544855535030365, 0.643126368522644, 0.0733407735824585, -0.7622398734092712, -0.5042397379875183, 0.7896957993507385, -0.34946081042289734], "cam_t_w2c": [111.03561401367188, 38.48265075683594, 348.4383850097656], "depth_scale": 1.0}
}