{
  "0": {"cam_K": [711.1112738715278, 0.0, 255.5, 0.0, 711.1112738715278, 255.5, 0.0, 0.0, 1.0], "cam_R_w2c": [-0.08813122659921646, 0.9961088299751282, -1.316969289177905e-08, 0.7262354493141174, 0.06425412744283676, -0.6844365000724792, -0.68177330493927, -0.060320280492305756, -0.7290723323822021], "cam_t_w2c": [-1660.5560302734375, -2973123.0, -3166275.25], "depth_scale": 1.0},
  "1": {"cam_K": [711.1112738715278, 0.0, 255.5, 0.0, 711.1112738715278, 255.5, 0.0, 0.0, 1.0], "cam_R_w2c": [0.2901551127433777, 0.9569796323776245, 6.525457507677856e-08, 0.8009918928146362, -0.24285973608493805, -0.547203004360199, -0.5236620903015137, 0.15877379477024078, -0.8369998931884766], "cam_t_w2c": [-1465.167236328125, -2376436.5, -3635609.5], "depth_scale": 1.0}
}