{
  "0": [{"cam_R_m2c": [-0.8409099578857422, -0.4053565561771393, 0.3585476577281952, -0.3474311828613281, 0.9123433828353882, 0.2166128009557724, -0.4149239957332611, 0.057581230998039246, -0.9080321192741394], "cam_t_m2c": [121.19905853271484, 194.38111877441406, 625.7891845703125], "obj_id": 0}],
  "1": [{"cam_R_m2c": [-0.7686413526535034, -0.14240792393684387, 0.6236265897750854, -0.009038487449288368, 0.9772249460220337, 0.21201342344284058, -0.6396158933639526, 0.15732567012310028, -0.7524226307868958], "cam_t_m2c": [269.6860046386719, 199.40936279296875, 525.9117431640625], "obj_id": 0}]
}