{
  "0": {"cam_K": [711.1112738715278, 0.0, 255.5, 0.0, 711.1112738715278, 255.5, 0.0, 0.0, 1.0], "cam_R_w2c": [0.21337300539016724, -0.9692168831825256, -0.12284409999847412, -0.44472217559814453, 0.015599309466779232, -0.8955327868461609, 0.8698817491531372, 0.24571406841278076, -0.4277037978172302], "cam_t_w2c": [-69.14094543457031, 100.53140258789062, 287.20391845703125], "depth_scale": 1.0},
  "1": {"cam_K": [711.1112738715278, 0.0, 255.5, 0.0, 711.1112738715278, 255.5, 0.0, 0.0, 1.0], "cam_R_w2c": [-0.06631990522146225, -0.997798502445221, 1.3927936493018933e-07, -0.7035250663757324, 0.04676045477390289, -0.7091304659843445, 0.7075692415237427, -0.0470295175909996, -0.7050774097442627], "cam_t_w2c": [-345.9124755859375, 5480.58447265625, -154.61471557617188], "depth_scale": 1.0},
  "2": {"cam_K": [711.1112738715278, 0.0, 255.5, 0.0, 711.1112738715278, 255.5, 0.0, 0.0, 1.0], "cam_R_w2c": [0.9801556468009949, -0.19822958111763, 2.5426485805724042e-08, -0.07220014184713364, -0.35699719190597534, -0.9313110113143921, 0.1846133917570114, 0.9128296971321106, -0.36422500014305115], "cam_t_w2c": [-5596.12353515625, 5734.9619140625, -4996.4287109375], "depth_scale": 1.0},
  "3": {"cam_K": [711.1112738715278, 0.0, 255.5, 0.0, 711.1112738715278, 255.5, 0.0, 0.0, 1.0], "cam_R_w2c": [0.8641462922096252, -0.5032407641410828, 7.434174165155127e-08, -0.25029903650283813, -0.42980438470840454, -0.8675360083580017, 0.43657949566841125, 0.7496780157089233, -0.4973745346069336], "cam_t_w2c": [-7398.77392578125, 102.57315063476562, 4244.291015625], "depth_scale": 1.0},
  "4": {"cam_K": [711.1112738715278, 0.0, 255.5, 0.0, 711.1112738715278, 255.5, 0.0, 0.0, 1.0], "cam_R_w2c": [0.73850417137146, -0.6742489337921143, 2.3564380668972262e-08, -0.3817307651042938, -0.41810935735702515, -0.8242974281311035, 0.5557816624641418, 0.6087470650672913, -0.5661570429801941], "cam_t_w2c": [5361.29443359375, 4255.2724609375, 2935.475341796875], "depth_scale": 1.0},
  "5": {"cam_K": [711.1112738715278, 0.0, 255.5, 0.0, 711.1112738715278, 255.5, 0.0, 0.0, 1.0], "cam_R_w2c": [0.9775773286819458, -0.21057675778865814, 1.4948108528756165e-08, -0.1740105301141739, -0.8078230023384094, -0.5631538033485413, 0.11858712136745453, 0.5505263805389404, -0.8263520002365112], "cam_t_w2c": [-1256.0899658203125, 1320.570556640625, 1893.48095703125], "depth_scale": 1.0},
  "6": {"cam_K": [711.1112738715278, 0.0, 255.5, 0.0, 711.1112738715278, 255.5, 0.0, 0.0, 1.0], "cam_R_w2c": [0.8043996691703796, -0.5940884947776794, -5.120494250832053e-08, -0.45807555317878723, -0.6202372312545776, -0.6367673277854919, 0.3782961070537567, 0.5122154355049133, -0.7710559964179993], "cam_t_w2c": [13834.0478515625, 26045.822265625, 6593.23046875], "depth_scale": 1.0},
  "7": {"cam_K": [711.1112738715278, 0.0, 255.5, 0.0, 711.1112738715278, 255.5, 0.0, 0.0, 1.0], "cam_R_w2c": [0.9308268427848816, -0.36546045541763306, -5.2716554677090244e-08, -0.2938041687011719, -0.7483183741569519, -0.5947257876396179, 0.21734870970249176, 0.5535867214202881, -0.8039286136627197], "cam_t_w2c": [-16053.6630859375, 20419.26953125, -6691.1494140625], "depth_scale": 1.0},
  "8": {"cam_K": [711.1112738715278, 0.0, 255.5, 0.0, 711.1112738715278, 255.5, 0.0, 0.0, 1.0], "cam_R_w2c": [0.5851775407791138, -0.8109052181243896, 7.794069745159504e-08, -0.44276243448257446, -0.3195129930973053, -0.8377785682678223, 0.6793590188026428, 0.4902492165565491, -0.5460101962089539], "cam_t_w2c": [-435.4015808105469, 3068.87939453125, 24825.935546875], "depth_scale": 1.0}
}