{
  "0": {"cam_K": [711.1112738715278, 0.0, 255.5, 0.0, 711.1112738715278, 255.5, 0.0, 0.0, 1.0], "cam_R_w2c": [0.5944235920906067, 0.7363831996917725, -0.3231104910373688, 0.0010212038177996874, -0.4024936258792877, -0.9154222011566162, -0.8041514158248901, 0.5438185930252075, -0.24000370502471924], "cam_t_w2c": [27.29509735107422, 360.9515380859375, 406.2500305175781], "depth_scale": 1.0},
  "1": {"cam_K": [711.1112738715278, 0.0, 255.5, 0.0, 711.1112738715278, 255.5, 0.0, 0.0, 1.0], "cam_R_w2c": [0.8340943455696106, -0.5358275771141052, -0.13105502724647522, -0.35300734639167786, -0.33592844009399414, -0.873234212398529, 0.42387786507606506, 0.7746230959892273, -0.4693470895290375], "cam_t_w2c": [118.97808074951172, 335.9618225097656, 496.97845458984375], "depth_scale": 1.0},
  "2": {"cam_K": [711.1112738715278, 0.0, 255.5, 0.0, 711.1112738715278, 255.5, 0.0, 0.0, 1.0], "cam_R_w2c": [0.8340943455696106, -0.5358275771141052, -0.13105502724647522, -0.35300734639167786, -0.33592844009399414, -0.873234212398529, 0.42387786507606506, 0.7746230959892273, -0.4693470895290375], "cam_t_w2c": [118.97808074951172, 335.9618225097656, 496.97845458984375], "depth_scale": 1.0}
}