{
  "0": {"cam_K": [711.1112738715278, 0.0, 255.5, 0.0, 711.1112738715278, 255.5, 0.0, 0.0, 1.0], "cam_R_w2c": [0.7503830194473267, -0.6610032916069031, 5.863475394107809e-08, -0.6278069019317627, -0.7126979231834412, -0.31292226910591125, 0.20684270560741425, 0.23481152951717377, -0.9497787952423096], "cam_t_w2c": [7.749887943267822, -1403858.375, -4259534.5], "depth_scale": 1.0},
  "1": {"cam_K": [711.1112738715278, 0.0, 255.5, 0.0, 711.1112738715278, 255.5, 0.0, 0.0, 1.0], "cam_R_w2c": [0.5994028449058533, 0.8004475831985474, -6.4403788968547815e-09, 0.6676494479179382, -0.49995917081832886, -0.5516207218170166, -0.44154343008995056, 0.33064302802085876, -0.834095299243927], "cam_t_w2c": [118.88134002685547, -2474512.25, -3740717.5], "depth_scale": 1.0}
}