{
  "0": {"cam_K": [711.1112738715278, 0.0, 255.5, 0.0, 711.1112738715278, 255.5, 0.0, 0.0, 1.0], "cam_R_w2c": [0.7467219829559326, -0.6651363372802734, -3.412588682749629e-07, -0.6638138890266418, -0.7452372908592224, -0.0630279928445816, 0.0419219546020031, 0.04706461355090141, -0.9980117678642273], "cam_t_w2c": [412.8245849609375, -282761.125, -4475507.0], "depth_scale": 1.0},
  "1": {"cam_K": [711.1112738715278, 0.0, 255.5, 0.0, 711.1112738715278, 255.5, 0.0, 0.0, 1.0], "cam_R_w2c": [0.41915163397789, 0.9079163074493408, -7.786132982801064e-08, 0.1659308671951294, -0.07660435140132904, -0.9831575751304626, -0.8926247358322144, 0.4120921194553375, -0.18276020884513855], "cam_t_w2c": [-54.684757232666016, -4409569.5, -819163.1875], "depth_scale": 1.0}
}