{
  "0": {"cam_K": [711.1112738715278, 0.0, 255.5, 0.0, 711.1112738715278, 255.5, 0.0, 0.0, 1.0], "cam_R_w2c": [0.35984542965888977, 0.9330119490623474, 2.1086030699279945e-08, 0.5218073725700378, -0.20125146210193634, -0.8289843201637268, -0.7734522819519043, 0.29830625653266907, -0.5592719316482544], "cam_t_w2c": [-53.13911056518555, -292.4578552246094, 683.1712646484375], "depth_scale": 1.0},
  "1": {"cam_K": [711.1112738715278, 0.0, 255.5, 0.0, 711.1112738715278, 255.5, 0.0, 0.0, 1.0], "cam_R_w2c": [-0.5461254119873047, -0.83770352602005, 2.2193182758201146e-07, -0.590589165687561, 0.38502347469329834, -0.7091977000236511, 0.5940973162651062, -0.3873109817504883, -0.7050097584724426], "cam_t_w2c": [82.83033752441406, -84.81072998046875, 813.9647216796875], "depth_scale": 1.0}
}