{
  "0": {"cam_K": [711.1112738715278, 0.0, 255.5, 0.0, 711.1112738715278, 255.5, 0.0, 0.0, 1.0], "cam_R_w2c": [0.72920161485672, 0.6842988729476929, -1.5204678049940412e-07, 0.4794715344905853, -0.5109339952468872, -0.7134799361228943, -0.4882335960865021, 0.5202706456184387, -0.7006757259368896], "cam_t_w2c": [16251.4130859375, -2902812.5, -2842784.75], "depth_scale": 1.0},
  "1": {"cam_K": [711.1112738715278, 0.0, 255.5, 0.0, 711.1112738715278, 255.5, 0.0, 0.0, 1.0], "cam_R_w2c": [0.21697773039340973, -0.9761765599250793, -5.480626441567438e-08, -0.453243613243103, -0.10074380040168762, -0.8856754302978516, 0.8645755648612976, 0.1921718716621399, -0.46430495381355286], "cam_t_w2c": [-12585.708984375, -3604355.25, -1875913.125], "depth_scale": 1.0}
}