{
  "0": [{"cam_R_m2c": [0.4344037175178528, -0.203618586063385, -0.8774012327194214, 0.9006058573722839, 0.08279924839735031, 0.4266771972179413, -0.014231233857572079, -0.9755427837371826, 0.21934838593006134], "cam_t_m2c": [-362.20648193359375, 215.22808837890625, 992.3829956054688], "obj_id": 2}],
  "1": [{"cam_R_m2c": [0.3301686942577362, 0.752510666847229, 0.5698389410972595, 0.23498810827732086, -0.6502139568328857, 0.7224974036216736, 0.9142041802406311, -0.10464067757129669, -0.39151135087013245], "cam_t_m2c": [274.281005859375, 296.223388671875, 582.7510375976562], "obj_id": 2}]
}