{
  "0": {"cam_K": [711.1112738715278, 0.0, 255.5, 0.0, 711.1112738715278, 255.5, 0.0, 0.0, 1.0], "cam_R_w2c": [-0.8002583980560303, -0.5817219018936157, 0.14555558562278748, -0.4696662425994873, 0.45712336897850037, -0.7552827000617981, 0.37282755970954895, -0.6727837324142456, -0.6390320062637329], "cam_t_w2c": [-134.3690185546875, -13.322751998901367, 990.952392578125], "depth_scale": 1.0},
  "1": {"cam_K": [711.1112738715278, 0.0, 255.5, 0.0, 711.1112738715278, 255.5, 0.0, 0.0, 1.0], "cam_R_w2c": [-0.8002583980560303, -0.5817219018936157, 0.14555558562278748, -0.4696662425994873, 0.45712336897850037, -0.7552827000617981, 0.37282755970954895, -0.6727837324142456, -0.6390320062637329], "cam_t_w2c": [-134.3690185546875, -13.322751998901367, 990.952392578125], "depth_scale": 1.0},
  "2": {"cam_K": [711.1112738715278, 0.0, 255.5, 0.0, 711.1112738715278, 255.5, 0.0, 0.0, 1.0], "cam_R_w2c": [0.6703723073005676, 0.5833464860916138, -0.4585933983325958, 0.10369648039340973, -0.6856145262718201, -0.7205414772033691, -0.7347435355186462, 0.43547654151916504, -0.5201080441474915], "cam_t_w2c": [239.84942626953125, 443.2643737792969, 335.32623291015625], "depth_scale": 1.0}
}