{
  "0": {"cam_K": [711.1112738715278, 0.0, 255.5, 0.0, 711.1112738715278, 255.5, 0.0, 0.0, 1.0], "cam_R_w2c": [-0.9847434759140015, 0.1740126758813858, -3.050153196682004e-08, 0.10649643838405609, 0.6026666760444641, -0.7908548712730408, -0.137618750333786, -0.7787891030311584, -0.6120038032531738], "cam_t_w2c": [294.0320739746094, -3547279.5, -2744708.0], "depth_scale": 1.0},
  "1": {"cam_K": [711.1112738715278, 0.0, 255.5, 0.0, 711.1112738715278, 255.5, 0.0, 0.0, 1.0], "cam_R_w2c": [0.9261043667793274, 0.377267450094223, 7.443255611860877e-08, 0.18828928470611572, -0.46220654249191284, -0.8665519952774048, -0.32692182064056396, 0.8025175929069519, -0.4990869164466858], "cam_t_w2c": [-77.6141128540039, -3887238.75, -2237321.25], "depth_scale": 1.0}
}