{
  "0": {"cam_K": [711.1112738715278, 0.0, 255.5, 0.0, 711.1112738715278, 255.5, 0.0, 0.0, 1.0], "cam_R_w2c": [0.6432657241821289, 0.759657621383667, -0.09554862231016159, 0.45074206590652466, -0.476614385843277, -0.7547652125358582, -0.6189029216766357, 0.4424467980861664, -0.6489993333816528], "cam_t_w2c": [-24.431549072265625, 67.02273559570312, 862.8253173828125], "depth_scale": 1.0},
  "1": {"cam_K": [711.1112738715278, 0.0, 255.5, 0.0, 711.1112738715278, 255.5, 0.0, 0.0, 1.0], "cam_R_w2c": [0.6432657241821289, 0.759657621383667, -0.09554862231016159, 0.45074206590652466, -0.476614385843277, -0.7547652125358582, -0.6189029216766357, 0.4424467980861664, -0.6489993333816528], "cam_t_w2c": [-24.431549072265625, 67.02273559570312, 862.8253173828125], "depth_scale": 1.0},
  "2": {"cam_K": [711.1112738715278, 0.0, 255.5, 0.0, 711.1112738715278, 255.5, 0.0, 0.0, 1.0], "cam_R_w2c": [0.30767112970352173, -0.9308034181594849, -0.19734099507331848, -0.32751768827438354, 0.09112527221441269, -0.9404405355453491, 0.893347978591919, 0.35397908091545105, -0.2768179774284363], "cam_t_w2c": [-132.0835723876953, 95.07442474365234, 674.8530883789062], "depth_scale": 1.0}
}