{
  "0": {"cam_K": [711.1112738715278, 0.0, 255.5, 0.0, 711.1112738715278, 255.5, 0.0, 0.0, 1.0], "cam_R_w2c": [-0.3074498176574707, 0.9515643119812012, 7.040251936984987e-09, 0.9263213276863098, 0.29929378628730774, -0.22880566120147705, -0.2177232950925827, -0.07034624367952347, -0.9734721779823303], "cam_t_w2c": [-1876.69189453125, -1025194.6875, -4362190.5], "depth_scale": 1.0},
  "1": {"cam_K": [711.1112738715278, 0.0, 255.5, 0.0, 711.1112738715278, 255.5, 0.0, 0.0, 1.0], "cam_R_w2c": [0.858143150806427, -0.5134105086326599, -5.370530686832353e-08, -0.47581806778907776, -0.7953088879585266, -0.37560734152793884, 0.19284072518348694, 0.3223249018192291, -0.9267788529396057], "cam_t_w2c": [1630.449951171875, -1682575.625, -4153302.25], "depth_scale": 1.0}
}