{
  "0": {"cam_K": [711.1112738715278, 0.0, 255.5, 0.0, 711.1112738715278, 255.5, 0.0, 0.0, 1.0], "cam_R_w2c": [0.5855175852775574, 0.8106597065925598, 6.162420618238684e-08, 0.6820212602615356, -0.4926055669784546, -0.5405430793762207, -0.43819645047187805, 0.3164975345134735, -0.8413164019584656], "cam_t_w2c": [10079.3310546875, -2390757.0, -3742534.5], "depth_scale": 1.0},
  "1": {"cam_K": [711.1112738715278, 0.0, 255.5, 0.0, 711.1112738715278, 255.5, 0.0, 0.0, 1.0], "cam_R_w2c": [0.1578979641199112, 0.987455427646637, 9.883615348371677e-08, 0.6910606622695923, -0.11050323396921158, -0.7142997980117798, -0.7053391933441162, 0.11278655380010605, -0.6998398900032043], "cam_t_w2c": [3520.276611328125, -3162013.5, -3118782.25], "depth_scale": 1.0}
}