{
  "0": {"cam_K": [711.1112738715278, 0.0, 255.5, 0.0, 711.1112738715278, 255.5, 0.0, 0.0, 1.0], "cam_R_w2c": [-0.9828352928161621, -0.10302656888961792, -0.15303678810596466, 0.06741739064455032, 0.5715852379798889, -0.8177684545516968, 0.17172545194625854, -0.8140490055084229, -0.554828405380249], "cam_t_w2c": [337.7896423339844, 124.69869232177734, 616.8589477539062], "depth_scale": 1.0},
  "1": {"cam_K": [711.1112738715278, 0.0, 255.5, 0.0, 711.1112738715278, 255.5, 0.0, 0.0, 1.0], "cam_R_w2c": [-0.9828352928161621, -0.10302656888961792, -0.15303678810596466, 0.06741739064455032, 0.5715852379798889, -0.8177684545516968, 0.17172545194625854, -0.8140490055084229, -0.554828405380249], "cam_t_w2c": [337.7896423339844, 124.69869232177734, 616.8589477539062], "depth_scale": 1.0},
  "2": {"cam_K": [711.1112738715278, 0.0, 255.5, 0.0, 711.1112738715278, 255.5, 0.0, 0.0, 1.0], "cam_R_w2c": [0.8724963068962097, 0.4201321005821228, -0.24947790801525116, 0.0013274985831230879, -0.5126121044158936, -0.8586193323135376, -0.488618940114975, 0.7488110065460205, -0.4478098750114441], "cam_t_w2c": [-218.3253173828125, -198.15968322753906, 1045.71337890625], "depth_scale": 1.0},
  "3": {"cam_K": [711.1112738715278, 0.0, 255.5, 0.0, 711.1112738715278, 255.5, 0.0, 0.0, 1.0], "cam_R_w2c": [0.8724963068962097, 0.4201321005821228, -0.24947790801525116, 0.0013274985831230879, -0.5126121044158936, -0.8586193323135376, -0.488618940114975, 0.7488110065460205, -0.4478098750114441], "cam_t_w2c": [-218.3253173828125, -198.15968322753906, 1045.71337890625], "depth_scale": 1.0},
  "4": {"cam_K": [711.1112738715278, 0.0, 255.5, 0.0, 711.1112738715278, 255.5, 0.0, 0.0, 1.0], "cam_R_w2c": [-0.6379202008247375, -0.7696526050567627, -0.026319090276956558, -0.4251311421394348, 0.38045135140419006, -0.8212918639183044, 0.6421225666999817, -0.5127295851707458, -0.5699009299278259], "cam_t_w2c": [8.899016380310059, 204.46218872070312, 502.5765380859375], "depth_scale": 1.0}
}