{
  "0": {"cam_K": [711.1112738715278, 0.0, 255.5, 0.0, 711.1112738715278, 255.5, 0.0, 0.0, 1.0], "cam_R_w2c": [-0.09283564239740372, -0.9915239810943604, -0.09089601784944534, -0.5091732740402222, 0.125726580619812, -0.8514315485954285, 0.8556427359580994, -0.03276123106479645, -0.5165295004844666], "cam_t_w2c": [-142.95742797851562, 30.461015701293945, 176.80572509765625], "depth_scale": 1.0},
  "1": {"cam_K": [711.1112738715278, 0.0, 255.5, 0.0, 711.1112738715278, 255.5, 0.0, 0.0, 1.0], "cam_R_w2c": [-0.7905037999153137, -0.5505785942077637, -0.26826635003089905, -0.441444993019104, 0.815829336643219, -0.3735623061656952, 0.42453497648239136, -0.17687760293483734, -0.8879663348197937], "cam_t_w2c": [-83.7656478881836, 123.17949676513672, 173.1536865234375], "depth_scale": 1.0}
}