{
  "0": {"cam_K": [711.1112738715278, 0.0, 255.5, 0.0, 711.1112738715278, 255.5, 0.0, 0.0, 1.0], "cam_R_w2c": [0.899133563041687, -0.4376744031906128, 8.651682037452701e-08, -0.1399361938238144, -0.28747719526290894, -0.947509765625, 0.41470077633857727, 0.8519377708435059, -0.3197268545627594], "cam_t_w2c": [-4274.6708984375, -4247631.5, -1429672.125], "depth_scale": 1.0},
  "1": {"cam_K": [711.1112738715278, 0.0, 255.5, 0.0, 711.1112738715278, 255.5, 0.0, 0.0, 1.0], "cam_R_w2c": [0.736566960811615, -0.6763646602630615, 8.407457841030919e-08, -0.5935656428337097, -0.6463981866836548, -0.479425847530365, 0.3242667317390442, 0.35312917828559875, -0.8775823712348938], "cam_t_w2c": [-4846.73583984375, -2149949.25, -3931706.0], "depth_scale": 1.0}
}