{
  "0": {"cam_K": [711.1112738715278, 0.0, 255.5, 0.0, 711.1112738715278, 255.5, 0.0, 0.0, 1.0], "cam_R_w2c": [-0.9535090327262878, -0.301364541053772, 2.0654550070275945e-08, -0.27329474687576294, 0.8646969199180603, -0.4214370846748352, 0.1270061731338501, -0.4018440544605255, -0.9068576693534851], "cam_t_w2c": [350.71881103515625, -1890198.375, -4066802.5], "depth_scale": 1.0},
  "1": {"cam_K": [711.1112738715278, 0.0, 255.5, 0.0, 711.1112738715278, 255.5, 0.0, 0.0, 1.0], "cam_R_w2c": [-0.7674935460090637, 0.6410567760467529, -1.2444601793504262e-08, 0.6050629019737244, 0.724400520324707, -0.33036768436431885, -0.21178440749645233, -0.253555029630661, -0.9438523650169373], "cam_t_w2c": [306.05291748046875, -1482047.5, -4232551.0], "depth_scale": 1.0}
}