{
  "0": {"cam_K": [711.1112738715278, 0.0, 255.5, 0.0, 711.1112738715278, 255.5, 0.0, 0.0, 1.0], "cam_R_w2c": [-0.6946199536323547, 0.7193770408630371, 1.9513199944753978e-08, 0.6164184212684631, 0.5952045321464539, -0.5155190825462341, -0.37085258960723877, -0.35808977484703064, -0.8568782210350037], "cam_t_w2c": [-56.93556594848633, -2312509.5, -3842449.25], "depth_scale": 1.0},
  "1": {"cam_K": [711.1112738715278, 0.0, 255.5, 0.0, 711.1112738715278, 255.5, 0.0, 0.0, 1.0], "cam_R_w2c": [0.2943563461303711, -0.9556957483291626, 1.5367805872301687e-07, -0.502348005771637, -0.1547243893146515, -0.8507095575332642, 0.8130195736885071, 0.2504116892814636, -0.5256359577178955], "cam_t_w2c": [113.8623275756836, -3815858.0, -2356763.75], "depth_scale": 1.0}
}