{
  "0": {"cam_K": [2346.1825408935547, 0.0, 956.150695733726, 0.0, 2351.0241982895623, 613.6550906152873, 0.0, 0.0, 1.0], "cam_R_w2c": [0.013137837871909142, 0.99991375207901, 1.0041084408385359e-08, 0.43289658427238464, -0.00568784773349762, -0.9014256596565247, -0.9013478755950928, 0.011842814274132252, -0.4329339563846588], "cam_t_w2c": [28.971050262451172, 105.12018585205078, 1193.011962890625], "depth_scale": 1.0}
}