{
  "0": {"cam_K": [711.1112738715278, 0.0, 255.5, 0.0, 711.1112738715278, 255.5, 0.0, 0.0, 1.0], "cam_R_w2c": [0.33003005385398865, -0.9434769153594971, 0.03051912598311901, -0.5232524871826172, -0.2097524106502533, -0.8259603977203369, 0.7856760621070862, 0.2566225230693817, -0.5629012584686279], "cam_t_w2c": [50.21697998046875, 15.615514755249023, 530.8701171875], "depth_scale": 1.0},
  "1": {"cam_K": [711.1112738715278, 0.0, 255.5, 0.0, 711.1112738715278, 255.5, 0.0, 0.0, 1.0], "cam_R_w2c": [-0.9245230555534363, -0.3413117527961731, -0.16959857940673828, -0.045116737484931946, 0.5398735404014587, -0.8405362367630005, 0.37844663858413696, -0.7694432735443115, -0.5145244598388672], "cam_t_w2c": [20.217975616455078, -26.35095977783203, 639.7589721679688], "depth_scale": 1.0},
  "2": {"cam_K": [711.1112738715278, 0.0, 255.5, 0.0, 711.1112738715278, 255.5, 0.0, 0.0, 1.0], "cam_R_w2c": [-0.9245230555534363, -0.3413117527961731, -0.16959857940673828, -0.045116737484931946, 0.5398735404014587, -0.8405362367630005, 0.37844663858413696, -0.7694432735443115, -0.5145244598388672], "cam_t_w2c": [20.217975616455078, -26.35095977783203, 639.7589721679688], "depth_scale": 1.0},
  "3": {"cam_K": [711.1112738715278, 0.0, 255.5, 0.0, 711.1112738715278, 255.5, 0.0, 0.0, 1.0], "cam_R_w2c": [-0.6208358407020569, 0.7588913440704346, 0.19658847153186798, 0.3229158818721771, 0.4760662019252777, -0.8179770112037659, -0.7143447995185852, -0.4443477988243103, -0.5406171083450317], "cam_t_w2c": [-37.42570114135742, -24.10386085510254, 434.37005615234375], "depth_scale": 1.0},
  "4": {"cam_K": [711.1112738715278, 0.0, 255.5, 0.0, 711.1112738715278, 255.5, 0.0, 0.0, 1.0], "cam_R_w2c": [-0.6208358407020569, 0.7588913440704346, 0.19658847153186798, 0.3229158818721771, 0.4760662019252777, -0.8179770112037659, -0.7143447995185852, -0.4443477988243103, -0.5406171083450317], "cam_t_w2c": [-37.42570114135742, -24.10386085510254, 434.37005615234375], "depth_scale": 1.0},
  "5": {"cam_K": [711.1112738715278, 0.0, 255.5, 0.0, 711.1112738715278, 255.5, 0.0, 0.0, 1.0], "cam_R_w2c": [0.39543044567108154, -0.9163211584091187, -0.06316865980625153, -0.4414972960948944, -0.12931525707244873, -0.8878950476646423, 0.8054283857345581, 0.3789895176887512, -0.4556885063648224], "cam_t_w2c": [44.0191650390625, 6.723143100738525, 406.3766784667969], "depth_scale": 1.0},
  "6": {"cam_K": [711.1112738715278, 0.0, 255.5, 0.0, 711.1112738715278, 255.5, 0.0, 0.0, 1.0], "cam_R_w2c": [0.39543044567108154, -0.9163211584091187, -0.06316865980625153, -0.4414972960948944, -0.12931525707244873, -0.8878950476646423, 0.8054283857345581, 0.3789895176887512, -0.4556885063648224], "cam_t_w2c": [44.0191650390625, 6.723143100738525, 406.3766784667969], "depth_scale": 1.0},
  "7": {"cam_K": [711.1112738715278, 0.0, 255.5, 0.0, 711.1112738715278, 255.5, 0.0, 0.0, 1.0], "cam_R_w2c": [0.9112392663955688, -0.3405875563621521, 0.23160992562770844, 0.0403987318277359, -0.4857076108455658, -0.8731873631477356, 0.40989142656326294, 0.8050393462181091, -0.42883655428886414], "cam_t_w2c": [16.423620223999023, 22.848623275756836, 465.8119201660156], "depth_scale": 1.0},
  "8": {"cam_K": [711.1112738715278, 0.0, 255.5, 0.0, 711.1112738715278, 255.5, 0.0, 0.0, 1.0], "cam_R_w2c": [0.9112392663955688, -0.3405875563621521, 0.23160992562770844, 0.0403987318277359, -0.4857076108455658, -0.8731873631477356, 0.40989142656326294, 0.8050393462181091, -0.42883655428886414], "cam_t_w2c": [16.423620223999023, 22.848623275756836, 465.8119201660156], "depth_scale": 1.0},
  "9": {"cam_K": [711.1112738715278, 0.0, 255.5, 0.0, 711.1112738715278, 255.5, 0.0, 0.0, 1.0], "cam_R_w2c": [0.05952780693769455, 0.9770634770393372, 0.20445898175239563, 0.5104916095733643, 0.14621561765670776, -0.8473601937294006, -0.8578197956085205, 0.15481609106063843, -0.49007877707481384], "cam_t_w2c": [-45.33573532104492, -8.77633285522461, 455.44622802734375], "depth_scale": 1.0}
}