{
  "0": {"cam_K": [711.1112738715278, 0.0, 255.5, 0.0, 711.1112738715278, 255.5, 0.0, 0.0, 1.0], "cam_R_w2c": [-0.9824763536453247, 0.18638728559017181, 5.5864177284092875e-08, 0.10101501643657684, 0.5324661135673523, -0.8404021263122559, -0.15664030611515045, -0.8256752490997314, -0.5419632792472839], "cam_t_w2c": [2087.103759765625, -3722936.25, -2404560.0], "depth_scale": 1.0},
  "1": {"cam_K": [711.1112738715278, 0.0, 255.5, 0.0, 711.1112738715278, 255.5, 0.0, 0.0, 1.0], "cam_R_w2c": [0.05154253542423248, 0.9986708164215088, -1.0625174517997493e-08, 0.9342746138572693, -0.04821900278329849, -0.3532787263393402, -0.3528091609477997, 0.018208876252174377, -0.9355181455612183], "cam_t_w2c": [4014.962158203125, -1567320.75, -4145024.0], "depth_scale": 1.0}
}