{
  "0": {"cam_K": [711.1112738715278, 0.0, 255.5, 0.0, 711.1112738715278, 255.5, 0.0, 0.0, 1.0], "cam_R_w2c": [-0.1803324818611145, 0.9836058616638184, -2.865680528429948e-07, 0.5346189737319946, 0.09801565855741501, -0.8393900394439697, -0.8256288170814514, -0.1513693481683731, -0.5435298085212708], "cam_t_w2c": [135.29087829589844, -3765146.0, -2437445.25], "depth_scale": 1.0},
  "1": {"cam_K": [711.1112738715278, 0.0, 255.5, 0.0, 711.1112738715278, 255.5, 0.0, 0.0, 1.0], "cam_R_w2c": [0.5654997229576111, 0.8247485756874084, 8.084521141427103e-08, 0.8097250461578369, -0.5551988482475281, -0.18999968469142914, -0.15670190751552582, 0.10744483768939972, -0.9817843437194824], "cam_t_w2c": [279.80474853515625, -852202.9375, -4403031.5], "depth_scale": 1.0}
}