{
  "0": {"cam_K": [711.1112738715278, 0.0, 255.5, 0.0, 711.1112738715278, 255.5, 0.0, 0.0, 1.0], "cam_R_w2c": [-0.047185320407152176, -0.9988861680030823, 4.590269497839472e-08, -0.6739974617958069, 0.03183816000819206, -0.7380473017692566, 0.7372252345085144, -0.03482500836253166, -0.6747490167617798], "cam_t_w2c": [448.0230712890625, -3310413.25, -3025775.5], "depth_scale": 1.0},
  "1": {"cam_K": [711.1112738715278, 0.0, 255.5, 0.0, 711.1112738715278, 255.5, 0.0, 0.0, 1.0], "cam_R_w2c": [0.9500818252563477, 0.31200090050697327, 4.7343139186750705e-08, 0.19814014434814453, -0.6033614873886108, -0.7724606394767761, -0.24100837111473083, 0.733900785446167, -0.6350626945495605], "cam_t_w2c": [-213.541015625, -3464557.75, -2847991.75], "depth_scale": 1.0}
}