{
  "0": {"cam_K": [711.1112738715278, 0.0, 255.5, 0.0, 711.1112738715278, 255.5, 0.0, 0.0, 1.0], "cam_R_w2c": [0.34578385949134827, -0.9383141994476318, 5.887249443503606e-08, -0.7532834410667419, -0.2775971293449402, -0.5962415337562561, 0.5594618916511536, 0.2061706781387329, -0.8028051257133484], "cam_t_w2c": [-7707.6708984375, -2652356.0, -3581744.5], "depth_scale": 1.0},
  "1": {"cam_K": [711.1112738715278, 0.0, 255.5, 0.0, 711.1112738715278, 255.5, 0.0, 0.0, 1.0], "cam_R_w2c": [-0.4570789635181427, -0.889426052570343, -1.484179357191806e-08, -0.38348859548568726, 0.19707615673542023, -0.9022734761238098, 0.8025055527687073, -0.41241028904914856, -0.43116405606269836], "cam_t_w2c": [-285.99981689453125, -4017457.25, -1930112.75], "depth_scale": 1.0}
}