{
  "0": {"cam_K": [711.1112738715278, 0.0, 255.5, 0.0, 711.1112738715278, 255.5, 0.0, 0.0, 1.0], "cam_R_w2c": [0.8259323835372925, 0.5637691617012024, 6.839107413725287e-08, 0.48888805508613586, -0.7162300944328308, -0.497998982667923, -0.280756413936615, 0.4113135039806366, -0.8671776056289673], "cam_t_w2c": [278.9549255371094, -2234053.75, -3889259.5], "depth_scale": 1.0},
  "1": {"cam_K": [711.1112738715278, 0.0, 255.5, 0.0, 711.1112738715278, 255.5, 0.0, 0.0, 1.0], "cam_R_w2c": [0.3639746904373169, -0.9314088225364685, -3.860808917011127e-08, -0.8515918254852295, -0.33278384804725647, -0.4050261676311493, 0.3772449493408203, 0.1474193036556244, -0.9143050312995911], "cam_t_w2c": [-95.38941192626953, -1817190.125, -4100572.75], "depth_scale": 1.0}
}