{
  "0": {"cam_K": [711.1112738715278, 0.0, 255.5, 0.0, 711.1112738715278, 255.5, 0.0, 0.0, 1.0], "cam_R_w2c": [-0.666983425617218, -0.745072603225708, -1.5948479585858877e-06, -0.7449530959129333, 0.6668764352798462, -0.017906872555613518, 0.013342983089387417, -0.011942397803068161, -0.9998396635055542], "cam_t_w2c": [-106.11465454101562, -80137.28125, -4483969.5], "depth_scale": 1.0},
  "1": {"cam_K": [711.1112738715278, 0.0, 255.5, 0.0, 711.1112738715278, 255.5, 0.0, 0.0, 1.0], "cam_R_w2c": [0.9918210506439209, 0.12763632833957672, 2.131609555533487e-08, 0.1221110075712204, -0.9488853812217712, -0.29104167222976685, -0.03714747354388237, 0.28866127133369446, -0.9567102789878845], "cam_t_w2c": [-46.91960144042969, -1305703.25, -4290527.5], "depth_scale": 1.0}
}