{
  "0": {"cam_K": [453.09803602430554, 0.0, 255.5, 0.0, 453.09803602430554, 255.5, 0.0, 0.0, 1.0], "cam_R_w2c": [0.8309510350227356, -0.5556740164756775, 0.027326609939336777, -0.45988231897354126, -0.7136878371238708, -0.5283538699150085, 0.31309518218040466, 0.4264691472053528, -0.8485842943191528], "cam_t_w2c": [-133.57321166992188, 95.68402862548828, 359.6587219238281], "depth_scale": 1.0},
  "1": {"cam_K": [453.09803602430554, 0.0, 255.5, 0.0, 453.09803602430554, 255.5, 0.0, 0.0, 1.0], "cam_R_w2c": [0.8309510350227356, -0.5556740164756775, 0.027326609939336777, -0.45988231897354126, -0.7136878371238708, -0.5283538699150085, 0.31309518218040466, 0.4264691472053528, -0.8485842943191528], "cam_t_w2c": [-133.57321166992188, 95.68402862548828, 359.6587219238281], "depth_scale": 1.0},
  "2": {"cam_K": [453.09803602430554, 0.0, 255.5, 0.0, 453.09803602430554, 255.5, 0.0, 0.0, 1.0], "cam_R_w2c": [0.8309510350227356, -0.5556740164756775, 0.027326609939336777, -0.45988231897354126, -0.7136878371238708, -0.5283538699150085, 0.31309518218040466, 0.4264691472053528, -0.8485842943191528], "cam_t_w2c": [-133.57321166992188, 95.68402862548828, 359.6587219238281], "depth_scale": 1.0}
}