{
  "0": [{"cam_R_m2c": [0.24854831397533417, -0.04952922835946083, 0.9673523306846619, -0.13887496292591095, 0.9865517020225525, 0.08619432151317596, -0.9586122632026672, -0.15576447546482086, 0.23832739889621735], "cam_t_m2c": [436.3809509277344, 142.77064514160156, 1045.6473388671875], "obj_id": 0}],
  "1": [{"cam_R_m2c": [0.3220483958721161, 0.6726861596107483, 0.6661667823791504, -0.9215850234031677, 0.38382771611213684, 0.05794250965118408, -0.21671617031097412, -0.6325896382331848, 0.743548572063446], "cam_t_m2c": [374.4756164550781, 66.61239624023438, 1028.1329345703125], "obj_id": 0}]
}