{
  "0": {"cam_K": [711.1112738715278, 0.0, 255.5, 0.0, 711.1112738715278, 255.5, 0.0, 0.0, 1.0], "cam_R_w2c": [0.3329606056213379, -0.9429407119750977, -3.395882330892164e-08, -0.8824265003204346, -0.3115924894809723, -0.3524678647518158, 0.3323562741279602, 0.11735793948173523, -0.935823917388916], "cam_t_w2c": [-8091.36962890625, -1490190.875, -3941609.25], "depth_scale": 1.0},
  "1": {"cam_K": [711.1112738715278, 0.0, 255.5, 0.0, 711.1112738715278, 255.5, 0.0, 0.0, 1.0], "cam_R_w2c": [-0.45135441422462463, -0.8923447728157043, 2.159216592190205e-07, -0.2370872050523758, 0.11992020159959793, -0.964058518409729, 0.8602725267410278, -0.43513211607933044, -0.26568999886512756], "cam_t_w2c": [-9154.23828125, -4062654.0, -1121424.625], "depth_scale": 1.0}
}