{
  "0": {"cam_K": [711.1112738715278, 0.0, 255.5, 0.0, 711.1112738715278, 255.5, 0.0, 0.0, 1.0], "cam_R_w2c": [-0.2344493269920349, -0.9721282720565796, -1.0322289512032512e-07, -0.8821943402290344, 0.2127600461244583, -0.4200787842273712, 0.4083704948425293, -0.09848713129758835, -0.9074875116348267], "cam_t_w2c": [-196.52407836914062, -1884287.625, -4069812.0], "depth_scale": 1.0},
  "1": {"cam_K": [711.1112738715278, 0.0, 255.5, 0.0, 711.1112738715278, 255.5, 0.0, 0.0, 1.0], "cam_R_w2c": [0.8327887058258057, -0.5535909533500671, 3.4389984193694545e-09, -0.3852750062942505, -0.5795843601226807, -0.7180843353271484, 0.39752501249313354, 0.5980125069618225, -0.6959561109542847], "cam_t_w2c": [-67.46379852294922, -3221137.0, -3120561.5], "depth_scale": 1.0}
}