{
  "0": {"cam_K": [2346.1825408935547, 0.0, 956.150695733726, 0.0, 2351.0241982895623, 613.6550906152873, 0.0, 0.0, 1.0], "cam_R_w2c": [-0.971543550491333, -0.23686109483242035, -6.440042277233715e-09, -0.15176883339881897, 0.622516930103302, -0.7677492499351501, 0.18184994161128998, -0.7459018230438232, -0.6407504081726074], "cam_t_w2c": [-72.91766357421875, 54.6178092956543, 833.9519653320312], "depth_scale": 1.0},
  "1": {"cam_K": [2346.1825408935547, 0.0, 956.150695733726, 0.0, 2351.0241982895623, 613.6550906152873, 0.0, 0.0, 1.0], "cam_R_w2c": [0.9421757459640503, 0.33511918783187866, -2.5799007374871508e-08, 0.23127110302448273, -0.6502104997634888, -0.7236987352371216, -0.2425253689289093, 0.6818513870239258, -0.6901159286499023], "cam_t_w2c": [74.93598937988281, 25.56037712097168, 893.2540283203125], "depth_scale": 1.0}
}