{
  "0": {"cam_K": [711.1112738715278, 0.0, 255.5, 0.0, 711.1112738715278, 255.5, 0.0, 0.0, 1.0], "cam_R_w2c": [-0.7934079170227051, -0.6086904406547546, 1.343363891237459e-07, -0.5548664331436157, 0.7232499718666077, -0.41113588213920593, 0.250254362821579, -0.3261984884738922, -0.911574125289917], "cam_t_w2c": [-4764.8603515625, -1828479.0, -4066258.5], "depth_scale": 1.0},
  "1": {"cam_K": [711.1112738715278, 0.0, 255.5, 0.0, 711.1112738715278, 255.5, 0.0, 0.0, 1.0], "cam_R_w2c": [-0.865271270275116, 0.501304030418396, 1.4856898644666217e-07, 0.17974518239498138, 0.3102478086948395, -0.9335084557533264, -0.4679715633392334, -0.8077379465103149, -0.35855552554130554], "cam_t_w2c": [3208.459716796875, -4160598.75, -1604162.375], "depth_scale": 1.0}
}