{
  "0": {"cam_K": [711.1112738715278, 0.0, 255.5, 0.0, 711.1112738715278, 255.5, 0.0, 0.0, 1.0], "cam_R_w2c": [-0.20415714383125305, -0.9631854295730591, -0.17491045594215393, -0.407671183347702, 0.24609486758708954, -0.8793415427207947, 0.8900135159492493, -0.10821788758039474, -0.4429049789905548], "cam_t_w2c": [-133.04808044433594, 46.17109680175781, 172.20359802246094], "depth_scale": 1.0},
  "1": {"cam_K": [711.1112738715278, 0.0, 255.5, 0.0, 711.1112738715278, 255.5, 0.0, 0.0, 1.0], "cam_R_w2c": [-0.21479395031929016, -0.9295545816421509, -0.2996528148651123, -0.5697270035743713, 0.3684576451778412, -0.7346088290214539, 0.7932683825492859, 0.012930769473314285, -0.6087348461151123], "cam_t_w2c": [-127.64972686767578, 60.708412170410156, 201.34739685058594], "depth_scale": 1.0}
}