{
  "0": {"cam_K": [711.1112738715278, 0.0, 255.5, 0.0, 711.1112738715278, 255.5, 0.0, 0.0, 1.0], "cam_R_w2c": [-0.8946232199668884, -0.44682154059410095, 2.741749760559742e-08, -0.29862263798713684, 0.5979002118110657, -0.7438681721687317, 0.33237630128860474, -0.665481686592102, -0.6683264970779419], "cam_t_w2c": [227.25518798828125, -94.58059692382812, 911.8843383789062], "depth_scale": 1.0},
  "1": {"cam_K": [711.1112738715278, 0.0, 255.5, 0.0, 711.1112738715278, 255.5, 0.0, 0.0, 1.0], "cam_R_w2c": [0.08731292933225632, 0.9961809515953064, 5.020274329581298e-08, 0.4099011719226837, -0.035926852375268936, -0.9114221334457397, -0.9079413414001465, 0.07957897335290909, -0.4114726185798645], "cam_t_w2c": [-288.6327819824219, 10.395302772521973, 1045.044921875], "depth_scale": 1.0}
}