{
  "0": {"cam_K": [711.1112738715278, 0.0, 255.5, 0.0, 711.1112738715278, 255.5, 0.0, 0.0, 1.0], "cam_R_w2c": [-0.630768358707428, -0.7071104645729065, -0.31957146525382996, -0.17364980280399323, 0.5300191044807434, -0.8300153017044067, 0.7562915086746216, -0.468053936958313, -0.45710885524749756], "cam_t_w2c": [-96.13259887695312, 79.70088958740234, 129.57701110839844], "depth_scale": 1.0},
  "1": {"cam_K": [711.1112738715278, 0.0, 255.5, 0.0, 711.1112738715278, 255.5, 0.0, 0.0, 1.0], "cam_R_w2c": [-0.10261840373277664, -0.964484453201294, 0.24339117109775543, -0.25344088673591614, -0.21125683188438416, -0.9440012574195862, 0.9618925452232361, -0.15855713188648224, -0.22276102006435394], "cam_t_w2c": [-135.2410125732422, -17.023571014404297, 143.8501739501953], "depth_scale": 1.0}
}