{
  "0": {"cam_K": [2346.1825408935547, 0.0, 956.150695733726, 0.0, 2351.0241982895623, 613.6550906152873, 0.0, 0.0, 1.0], "cam_R_w2c": [0.6117871403694153, 0.7910224199295044, 1.1769198948741177e-09, 0.5157576203346252, -0.3988937437534332, -0.7582070827484131, -0.5997588038444519, 0.463861346244812, -0.652013897895813], "cam_t_w2c": [99.06476593017578, 58.92055130004883, 951.9207763671875], "depth_scale": 1.0},
  "1": {"cam_K": [2346.1825408935547, 0.0, 956.150695733726, 0.0, 2351.0241982895623, 613.6550906152873, 0.0, 0.0, 1.0], "cam_R_w2c": [0.6362383961677551, -0.7714925408363342, -7.54081455056621e-08, -0.5059506893157959, -0.41725000739097595, -0.7549280524253845, 0.5824213027954102, 0.4803142845630646, -0.6558076739311218], "cam_t_w2c": [-9.538213729858398, 4.894521236419678, 1085.5916748046875], "depth_scale": 1.0},
  "2": {"cam_K": [2346.1825408935547, 0.0, 956.150695733726, 0.0, 2351.0241982895623, 613.6550906152873, 0.0, 0.0, 1.0], "cam_R_w2c": [0.8175182342529297, -0.5759027004241943, 1.36740059275553e-08, -0.32905256748199463, -0.46710404753685, -0.8206937909126282, 0.4726397693157196, 0.6709321141242981, -0.5713683366775513], "cam_t_w2c": [14.772296905517578, 12.110320091247559, 871.3822631835938], "depth_scale": 1.0},
  "3": {"cam_K": [2346.1825408935547, 0.0, 956.150695733726, 0.0, 2351.0241982895623, 613.6550906152873, 0.0, 0.0, 1.0], "cam_R_w2c": [0.6100363731384277, 0.7923734188079834, 1.126791886463252e-07, 0.4231450855731964, -0.3257729709148407, -0.8454704880714417, -0.669928252696991, 0.5157678127288818, -0.5340222716331482], "cam_t_w2c": [34.09434127807617, -15.571677207946777, 668.9971313476562], "depth_scale": 1.0}
}