{
  "0": {"cam_K": [711.1112738715278, 0.0, 255.5, 0.0, 711.1112738715278, 255.5, 0.0, 0.0, 1.0], "cam_R_w2c": [0.28199252486228943, -0.9594165682792664, -1.0485680945748754e-07, -0.4778810739517212, -0.1404590904712677, -0.8671221733093262, 0.8319314122200012, 0.24452202022075653, -0.49809545278549194], "cam_t_w2c": [2714.9912109375, -3884447.0, -2231368.25], "depth_scale": 1.0},
  "1": {"cam_K": [711.1112738715278, 0.0, 255.5, 0.0, 711.1112738715278, 255.5, 0.0, 0.0, 1.0], "cam_R_w2c": [0.5335050821304321, -0.8457968235015869, 3.126304548572989e-09, -0.4893632233142853, -0.30867668986320496, -0.8156238794326782, 0.6898521184921265, 0.4351395070552826, -0.5785824656486511], "cam_t_w2c": [2431.218505859375, -3653262.25, -2592310.5], "depth_scale": 1.0}
}