{
  "0": [{"cam_R_m2c": [-0.7738896608352661, -0.533684492111206, -0.340992271900177, -0.6094513535499573, 0.48113641142845154, 0.6301403641700745, -0.17223232984542847, 0.6954772472381592, -0.6976012587547302], "cam_t_m2c": [-186.89476013183594, 258.62725830078125, 428.9124450683594], "obj_id": 2}, {"cam_R_m2c": [0.23560309410095215, 0.012405565939843655, 0.9717702269554138, -0.8316408395767212, 0.5199537873268127, 0.19499143958091736, -0.5028566718101501, -0.8541043400764465, 0.13281966745853424], "cam_t_m2c": [2519.10595703125, 5308.00146484375, 2943.211669921875], "obj_id": 0}],
  "1": [{"cam_R_m2c": [-0.7022619247436523, -0.4140228033065796, -0.5791488885879517, -0.7092253565788269, 0.33616548776626587, 0.6196709871292114, -0.061868052929639816, 0.8459183573722839, -0.5297117233276367], "cam_t_m2c": [-281.97900390625, 247.26414489746094, 704.8447265625], "obj_id": 2}, {"cam_R_m2c": [0.2206711769104004, -0.2613027095794678, 0.9396940469741821, -0.743069052696228, 0.5790345668792725, 0.33551037311553955, -0.6317850947380066, -0.7722951173782349, -0.06638970971107483], "cam_t_m2c": [2229.426025390625, 5454.1357421875, 3096.622802734375], "obj_id": 0}]
}