{
  "0": {"cam_K": [2346.1825408935547, 0.0, 956.150695733726, 0.0, 2351.0241982895623, 613.6550906152873, 0.0, 0.0, 1.0], "cam_R_w2c": [-0.6733304858207703, -0.739341676235199, 3.0009349671900054e-08, -0.5282981991767883, 0.4811297357082367, -0.6995821595191956, 0.517230212688446, -0.4710499942302704, -0.7145522236824036], "cam_t_w2c": [-69.26374053955078, 33.3298225402832, 812.998779296875], "depth_scale": 1.0}
}