{
  "0": [{"cam_R_m2c": [-0.35547229647636414, -0.9252256155014038, -0.13265421986579895, -0.8081430792808533, 0.3755428194999695, -0.45373162627220154, 0.4696214497089386, -0.054085418581962585, -0.8812097311019897], "cam_t_m2c": [-7.318210601806641, 7.38081169128418, 768.4302368164062], "obj_id": 2}, {"cam_R_m2c": [0.9504185318946838, 0.22141890227794647, -0.21835362911224365, -0.23842103779315948, 0.9696301817893982, -0.054523151367902756, 0.19964979588985443, 0.103879913687706, 0.9743453860282898], "cam_t_m2c": [44.011138916015625, 12.633543014526367, 763.2875366210938], "obj_id": 2}, {"cam_R_m2c": [0.730867862701416, -0.1870107501745224, 0.656398594379425, -0.5399789810180664, -0.7466431856155396, 0.38851845264434814, 0.41743844747543335, -0.6383970975875854, -0.6466793417930603], "cam_t_m2c": [-36.0484733581543, 36.68500900268555, 739.739990234375], "obj_id": 2}, {"cam_R_m2c": [-0.35756993293762207, -0.800510823726654, 0.48096370697021484, -0.7446874380111694, -0.06637311726808548, -0.6641047596931458, 0.5635461211204529, -0.5956315994262695, -0.5723972916603088], "cam_t_m2c": [1.8092913627624512, 45.77608871459961, 730.83935546875], "obj_id": 2}]
}