{
  "0": {"cam_K": [711.1112738715278, 0.0, 255.5, 0.0, 711.1112738715278, 255.5, 0.0, 0.0, 1.0], "cam_R_w2c": [0.3619842529296875, 0.9074884653091431, 0.21314802765846252, 0.8415719270706177, -0.21980293095111847, -0.4933999478816986, -0.40090417861938477, 0.3579823970794678, -0.8432820439338684], "cam_t_w2c": [10.268610954284668, 7.063579559326172, 297.5423278808594], "depth_scale": 1.0}
}