{
  "0": {"cam_K": [711.1112738715278, 0.0, 255.5, 0.0, 711.1112738715278, 255.5, 0.0, 0.0, 1.0], "cam_R_w2c": [-0.9694954752922058, 0.234612837433815, 0.07096057385206223, -0.009187806397676468, 0.25451749563217163, -0.967024564743042, -0.24493707716464996, -0.9381778836250305, -0.24459804594516754], "cam_t_w2c": [-190.18731689453125, -66.79785919189453, 990.53125], "depth_scale": 1.0},
  "1": {"cam_K": [711.1112738715278, 0.0, 255.5, 0.0, 711.1112738715278, 255.5, 0.0, 0.0, 1.0], "cam_R_w2c": [-0.9694954752922058, 0.234612837433815, 0.07096057385206223, -0.009187806397676468, 0.25451749563217163, -0.967024564743042, -0.24493707716464996, -0.9381778836250305, -0.24459804594516754], "cam_t_w2c": [-190.18731689453125, -66.79785919189453, 990.53125], "depth_scale": 1.0},
  "2": {"cam_K": [711.1112738715278, 0.0, 255.5, 0.0, 711.1112738715278, 255.5, 0.0, 0.0, 1.0], "cam_R_w2c": [-0.9716334342956543, -0.17582298815250397, 0.15816058218479156, -0.2355765402317047, 0.6607872247695923, -0.7126457691192627, 0.020789019763469696, -0.729689359664917, -0.6834626793861389], "cam_t_w2c": [-92.49967956542969, -180.4350128173828, 969.9151000976562], "depth_scale": 1.0},
  "3": {"cam_K": [711.1112738715278, 0.0, 255.5, 0.0, 711.1112738715278, 255.5, 0.0, 0.0, 1.0], "cam_R_w2c": [-0.9716334342956543, -0.17582298815250397, 0.15816058218479156, -0.2355765402317047, 0.6607872247695923, -0.7126457691192627, 0.020789019763469696, -0.729689359664917, -0.6834626793861389], "cam_t_w2c": [-92.49967956542969, -180.4350128173828, 969.9151000976562], "depth_scale": 1.0},
  "4": {"cam_K": [711.1112738715278, 0.0, 255.5, 0.0, 711.1112738715278, 255.5, 0.0, 0.0, 1.0], "cam_R_w2c": [0.5772858262062073, 0.8080410957336426, -0.11751874536275864, 0.1820148229598999, -0.26764389872550964, -0.9461698532104492, -0.7959972620010376, 0.5248202681541443, -0.3015824854373932], "cam_t_w2c": [-99.87161254882812, 74.34660339355469, 532.83056640625], "depth_scale": 1.0}
}