{
  "0": {"cam_K": [711.1112738715278, 0.0, 255.5, 0.0, 711.1112738715278, 255.5, 0.0, 0.0, 1.0], "cam_R_w2c": [-0.7321273684501648, -0.6641455888748169, 0.1513291299343109, -0.5382100343704224, 0.4278462827205658, -0.7261388301849365, 0.41751623153686523, -0.6130728721618652, -0.6706878542900085], "cam_t_w2c": [-221.85958862304688, 103.4489517211914, 300.93017578125], "depth_scale": 1.0},
  "1": {"cam_K": [711.1112738715278, 0.0, 255.5, 0.0, 711.1112738715278, 255.5, 0.0, 0.0, 1.0], "cam_R_w2c": [-0.7321273684501648, -0.6641455888748169, 0.1513291299343109, -0.5382100343704224, 0.4278462827205658, -0.7261388301849365, 0.41751623153686523, -0.6130728721618652, -0.6706878542900085], "cam_t_w2c": [-221.85958862304688, 103.4489517211914, 300.93017578125], "depth_scale": 1.0},
  "2": {"cam_K": [711.1112738715278, 0.0, 255.5, 0.0, 711.1112738715278, 255.5, 0.0, 0.0, 1.0], "cam_R_w2c": [-0.7321273684501648, -0.6641455888748169, 0.1513291299343109, -0.5382100343704224, 0.4278462827205658, -0.7261388301849365, 0.41751623153686523, -0.6130728721618652, -0.6706878542900085], "cam_t_w2c": [-221.85958862304688, 103.4489517211914, 300.93017578125], "depth_scale": 1.0},
  "3": {"cam_K": [711.1112738715278, 0.0, 255.5, 0.0, 711.1112738715278, 255.5, 0.0, 0.0, 1.0], "cam_R_w2c": [-0.7321273684501648, -0.6641455888748169, 0.1513291299343109, -0.5382100343704224, 0.4278462827205658, -0.7261388301849365, 0.41751623153686523, -0.6130728721618652, -0.6706878542900085], "cam_t_w2c": [-221.85958862304688, 103.4489517211914, 300.93017578125], "depth_scale": 1.0},
  "4": {"cam_K": [711.1112738715278, 0.0, 255.5, 0.0, 711.1112738715278, 255.5, 0.0, 0.0, 1.0], "cam_R_w2c": [-0.7321273684501648, -0.6641455888748169, 0.1513291299343109, -0.5382100343704224, 0.4278462827205658, -0.7261388301849365, 0.41751623153686523, -0.6130728721618652, -0.6706878542900085], "cam_t_w2c": [-221.85958862304688, 103.4489517211914, 300.93017578125], "depth_scale": 1.0}
}