{
  "0": {"cam_K": [711.1112738715278, 0.0, 255.5, 0.0, 711.1112738715278, 255.5, 0.0, 0.0, 1.0], "cam_R_w2c": [-0.7052519917488098, 0.708956778049469, -2.401679637387133e-07, 0.19946686923503876, 0.19842416048049927, -0.9596045613288879, -0.6803180575370789, -0.6767629981040955, -0.2813524603843689], "cam_t_w2c": [-21.96272850036621, -4304665.0, -1261148.0], "depth_scale": 1.0},
  "1": {"cam_K": [711.1112738715278, 0.0, 255.5, 0.0, 711.1112738715278, 255.5, 0.0, 0.0, 1.0], "cam_R_w2c": [0.8446786403656006, -0.5352737307548523, -3.15994199695524e-08, -0.5065807104110718, -0.7994000315666199, -0.3230099081993103, 0.17289870977401733, 0.27283960580825806, -0.9463955163955688], "cam_t_w2c": [34.02043151855469, -1449040.75, -4244632.5], "depth_scale": 1.0}
}