{
  "0": {"cam_K": [711.1112738715278, 0.0, 255.5, 0.0, 711.1112738715278, 255.5, 0.0, 0.0, 1.0], "cam_R_w2c": [-0.7342900633811951, 0.31568992137908936, 0.6009643077850342, -0.4207184314727783, 0.4831257164478302, -0.7678447961807251, -0.5327421426773071, -0.8166574835777283, -0.2219378799200058], "cam_t_w2c": [45.441383361816406, 114.5453109741211, 80.69908905029297], "depth_scale": 1.0}
}