{
  "0": [{"cam_R_m2c": [0.34098342061042786, -0.899131178855896, -0.27439644932746887, -0.5696377754211426, -0.42982032895088196, 0.7005478143692017, -0.747825562953949, -0.08256857842206955, -0.6587406992912292], "cam_t_m2c": [-129.38255310058594, 264.668701171875, 593.0951538085938], "obj_id": 2}, {"cam_R_m2c": [-0.9157170057296753, -0.039288222789764404, -0.39989808201789856, 0.3605286478996277, 0.3591117560863495, -0.8608471155166626, 0.1774292290210724, -0.9324672222137451, -0.3146801292896271], "cam_t_m2c": [-1295.447509765625, 12531.6826171875, 8888.2177734375], "obj_id": 0}],
  "1": [{"cam_R_m2c": [-0.30083131790161133, 0.18223461508750916, -0.9361041784286499, -0.636370837688446, -0.7694400548934937, 0.05471791699528694, -0.7103046178817749, 0.6121702790260315, 0.34744054079055786], "cam_t_m2c": [-402.2923889160156, -21.073976516723633, 1006.4772338867188], "obj_id": 2}, {"cam_R_m2c": [-0.047467876225709915, -0.9724656343460083, 0.22816094756126404, -0.06800547987222672, -0.22474214434623718, -0.9720423221588135, 0.9965550899505615, -0.061656977981328964, -0.055464960634708405], "cam_t_m2c": [-437.85107421875, 12592.1982421875, 8851.861328125], "obj_id": 0}]
}