{
  "0": {"cam_K": [711.1112738715278, 0.0, 255.5, 0.0, 711.1112738715278, 255.5, 0.0, 0.0, 1.0], "cam_R_w2c": [-0.050746019929647446, -0.9987115263938904, 9.100192244204663e-08, -0.5620497465133667, 0.028558600693941116, -0.8266102075576782, 0.8255451917648315, -0.04194727912545204, -0.5627747178077698], "cam_t_w2c": [-1435.6405029296875, -3695136.5, -2515589.25], "depth_scale": 1.0},
  "1": {"cam_K": [711.1112738715278, 0.0, 255.5, 0.0, 711.1112738715278, 255.5, 0.0, 0.0, 1.0], "cam_R_w2c": [0.9991514086723328, -0.04118844494223595, -1.4013357141351435e-09, -0.01894020289182663, -0.45945245027542114, -0.88800048828125, 0.03657535836100578, 0.8872469067573547, -0.45984265208244324], "cam_t_w2c": [-613.1817016601562, -3970607.5, -2053649.125], "depth_scale": 1.0}
}