{
  "0": {"cam_K": [711.1112738715278, 0.0, 255.5, 0.0, 711.1112738715278, 255.5, 0.0, 0.0, 1.0], "cam_R_w2c": [0.5290114879608154, 0.817285418510437, -0.22845454514026642, 0.7275164127349854, -0.5753716826438904, -0.3737211227416992, -0.4368830621242523, 0.03149833902716637, -0.8989667296409607], "cam_t_w2c": [-205.72056579589844, -218.5196075439453, 502.5615234375], "depth_scale": 1.0},
  "1": {"cam_K": [711.1112738715278, 0.0, 255.5, 0.0, 711.1112738715278, 255.5, 0.0, 0.0, 1.0], "cam_R_w2c": [0.5290114879608154, 0.817285418510437, -0.22845454514026642, 0.7275164127349854, -0.5753716826438904, -0.3737211227416992, -0.4368830621242523, 0.03149833902716637, -0.8989667296409607], "cam_t_w2c": [-205.72056579589844, -218.5196075439453, 502.5615234375], "depth_scale": 1.0},
  "2": {"cam_K": [711.1112738715278, 0.0, 255.5, 0.0, 711.1112738715278, 255.5, 0.0, 0.0, 1.0], "cam_R_w2c": [0.5290114879608154, 0.817285418510437, -0.22845454514026642, 0.7275164127349854, -0.5753716826438904, -0.3737211227416992, -0.4368830621242523, 0.03149833902716637, -0.8989667296409607], "cam_t_w2c": [-205.72056579589844, -218.5196075439453, 502.5615234375], "depth_scale": 1.0},
  "3": {"cam_K": [711.1112738715278, 0.0, 255.5, 0.0, 711.1112738715278, 255.5, 0.0, 0.0, 1.0], "cam_R_w2c": [0.5290114879608154, 0.817285418510437, -0.22845454514026642, 0.7275164127349854, -0.5753716826438904, -0.3737211227416992, -0.4368830621242523, 0.03149833902716637, -0.8989667296409607], "cam_t_w2c": [-205.72056579589844, -218.5196075439453, 502.5615234375], "depth_scale": 1.0},
  "4": {"cam_K": [711.1112738715278, 0.0, 255.5, 0.0, 711.1112738715278, 255.5, 0.0, 0.0, 1.0], "cam_R_w2c": [0.5290114879608154, 0.817285418510437, -0.22845454514026642, 0.7275164127349854, -0.5753716826438904, -0.3737211227416992, -0.4368830621242523, 0.03149833902716637, -0.8989667296409607], "cam_t_w2c": [-205.72056579589844, -218.5196075439453, 502.5615234375], "depth_scale": 1.0}
}