{
  "0": {"cam_K": [711.1112738715278, 0.0, 255.5, 0.0, 711.1112738715278, 255.5, 0.0, 0.0, 1.0], "cam_R_w2c": [-0.7029565572738647, 0.6770520210266113, 0.21783609688282013, 0.42410486936569214, 0.6448957920074463, -0.6358022093772888, -0.5709527730941772, -0.35455599427223206, -0.7404747605323792], "cam_t_w2c": [-156.7332000732422, 75.69901275634766, 376.6076354980469], "depth_scale": 1.0},
  "1": {"cam_K": [711.1112738715278, 0.0, 255.5, 0.0, 711.1112738715278, 255.5, 0.0, 0.0, 1.0], "cam_R_w2c": [-0.7029565572738647, 0.6770520210266113, 0.21783609688282013, 0.42410486936569214, 0.6448957920074463, -0.6358022093772888, -0.5709527730941772, -0.35455599427223206, -0.7404747605323792], "cam_t_w2c": [-156.7332000732422, 75.69901275634766, 376.6076354980469], "depth_scale": 1.0},
  "2": {"cam_K": [711.1112738715278, 0.0, 255.5, 0.0, 711.1112738715278, 255.5, 0.0, 0.0, 1.0], "cam_R_w2c": [-0.7029565572738647, 0.6770520210266113, 0.21783609688282013, 0.42410486936569214, 0.6448957920074463, -0.6358022093772888, -0.5709527730941772, -0.35455599427223206, -0.7404747605323792], "cam_t_w2c": [-156.7332000732422, 75.69901275634766, 376.6076354980469], "depth_scale": 1.0},
  "3": {"cam_K": [711.1112738715278, 0.0, 255.5, 0.0, 711.1112738715278, 255.5, 0.0, 0.0, 1.0], "cam_R_w2c": [-0.9515491724014282, 0.2569925785064697, 0.1688452512025833, 0.17352288961410522, 0.9020901322364807, -0.3951243460178375, -0.25385767221450806, -0.34668177366256714, -0.9029771685600281], "cam_t_w2c": [-99.72383117675781, -27.980470657348633, 476.11187744140625], "depth_scale": 1.0},
  "4": {"cam_K": [711.1112738715278, 0.0, 255.5, 0.0, 711.1112738715278, 255.5, 0.0, 0.0, 1.0], "cam_R_w2c": [-0.9515491724014282, 0.2569925785064697, 0.1688452512025833, 0.17352288961410522, 0.9020901322364807, -0.3951243460178375, -0.25385767221450806, -0.34668177366256714, -0.9029771685600281], "cam_t_w2c": [-99.72383117675781, -27.980470657348633, 476.11187744140625], "depth_scale": 1.0}
}