{
  "0": {"cam_K": [711.1112738715278, 0.0, 255.5, 0.0, 711.1112738715278, 255.5, 0.0, 0.0, 1.0], "cam_R_w2c": [-0.4672926664352417, 0.8841023445129395, -0.0008434992632828653, 0.8834744691848755, 0.4669243395328522, -0.038139309734106064, -0.0333252027630806, -0.01856742799282074, -0.9992721676826477], "cam_t_w2c": [-44.55176544189453, 226.4471893310547, 915.3338623046875], "depth_scale": 1.0},
  "1": {"cam_K": [711.1112738715278, 0.0, 255.5, 0.0, 711.1112738715278, 255.5, 0.0, 0.0, 1.0], "cam_R_w2c": [-0.4672926664352417, 0.8841023445129395, -0.0008434992632828653, 0.8834744691848755, 0.4669243395328522, -0.038139309734106064, -0.0333252027630806, -0.01856742799282074, -0.9992721676826477], "cam_t_w2c": [-44.55176544189453, 226.4471893310547, 915.3338623046875], "depth_scale": 1.0},
  "2": {"cam_K": [711.1112738715278, 0.0, 255.5, 0.0, 711.1112738715278, 255.5, 0.0, 0.0, 1.0], "cam_R_w2c": [-0.4672926664352417, 0.8841023445129395, -0.0008434992632828653, 0.8834744691848755, 0.4669243395328522, -0.038139309734106064, -0.0333252027630806, -0.01856742799282074, -0.9992721676826477], "cam_t_w2c": [-44.55176544189453, 226.4471893310547, 915.3338623046875], "depth_scale": 1.0},
  "3": {"cam_K": [711.1112738715278, 0.0, 255.5, 0.0, 711.1112738715278, 255.5, 0.0, 0.0, 1.0], "cam_R_w2c": [-0.4672926664352417, 0.8841023445129395, -0.0008434992632828653, 0.8834744691848755, 0.4669243395328522, -0.038139309734106064, -0.0333252027630806, -0.01856742799282074, -0.9992721676826477], "cam_t_w2c": [-44.55176544189453, 226.4471893310547, 915.3338623046875], "depth_scale": 1.0},
  "4": {"cam_K": [711.1112738715278, 0.0, 255.5, 0.0, 711.1112738715278, 255.5, 0.0, 0.0, 1.0], "cam_R_w2c": [-0.4672926664352417, 0.8841023445129395, -0.0008434992632828653, 0.8834744691848755, 0.4669243395328522, -0.038139309734106064, -0.0333252027630806, -0.01856742799282074, -0.9992721676826477], "cam_t_w2c": [-44.55176544189453, 226.4471893310547, 915.3338623046875], "depth_scale": 1.0},
  "5": {"cam_K": [711.1112738715278, 0.0, 255.5, 0.0, 711.1112738715278, 255.5, 0.0, 0.0, 1.0], "cam_R_w2c": [0.8757902979850769, -0.44276466965675354, -0.19222602248191833, -0.34197789430618286, -0.28810766339302063, -0.8944523334503174, 0.34065011143684387, 0.8490897417068481, -0.4037376046180725], "cam_t_w2c": [-121.1061782836914, -26.075727462768555, 748.262451171875], "depth_scale": 1.0},
  "6": {"cam_K": [711.1112738715278, 0.0, 255.5, 0.0, 711.1112738715278, 255.5, 0.0, 0.0, 1.0], "cam_R_w2c": [0.8757902979850769, -0.44276466965675354, -0.19222602248191833, -0.34197789430618286, -0.28810766339302063, -0.8944523334503174, 0.34065011143684387, 0.8490897417068481, -0.4037376046180725], "cam_t_w2c": [-121.1061782836914, -26.075727462768555, 748.262451171875], "depth_scale": 1.0},
  "7": {"cam_K": [711.1112738715278, 0.0, 255.5, 0.0, 711.1112738715278, 255.5, 0.0, 0.0, 1.0], "cam_R_w2c": [0.8757902979850769, -0.44276466965675354, -0.19222602248191833, -0.34197789430618286, -0.28810766339302063, -0.8944523334503174, 0.34065011143684387, 0.8490897417068481, -0.4037376046180725], "cam_t_w2c": [-121.1061782836914, -26.075727462768555, 748.262451171875], "depth_scale": 1.0},
  "8": {"cam_K": [711.1112738715278, 0.0, 255.5, 0.0, 711.1112738715278, 255.5, 0.0, 0.0, 1.0], "cam_R_w2c": [0.8757902979850769, -0.44276466965675354, -0.19222602248191833, -0.34197789430618286, -0.28810766339302063, -0.8944523334503174, 0.34065011143684387, 0.8490897417068481, -0.4037376046180725], "cam_t_w2c": [-121.1061782836914, -26.075727462768555, 748.262451171875], "depth_scale": 1.0},
  "9": {"cam_K": [711.1112738715278, 0.0, 255.5, 0.0, 711.1112738715278, 255.5, 0.0, 0.0, 1.0], "cam_R_w2c": [0.8757902979850769, -0.44276466965675354, -0.19222602248191833, -0.34197789430618286, -0.28810766339302063, -0.8944523334503174, 0.34065011143684387, 0.8490897417068481, -0.4037376046180725], "cam_t_w2c": [-121.1061782836914, -26.075727462768555, 748.262451171875], "depth_scale": 1.0},
  "10": {"cam_K": [711.1112738715278, 0.0, 255.5, 0.0, 711.1112738715278, 255.5, 0.0, 0.0, 1.0], "cam_R_w2c": [0.8757902979850769, -0.44276466965675354, -0.19222602248191833, -0.34197789430618286, -0.28810766339302063, -0.8944523334503174, 0.34065011143684387, 0.8490897417068481, -0.4037376046180725], "cam_t_w2c": [-121.1061782836914, -26.075727462768555, 748.262451171875], "depth_scale": 1.0},
  "11": {"cam_K": [711.1112738715278, 0.0, 255.5, 0.0, 711.1112738715278, 255.5, 0.0, 0.0, 1.0], "cam_R_w2c": [0.8757902979850769, -0.44276466965675354, -0.19222602248191833, -0.34197789430618286, -0.28810766339302063, -0.8944523334503174, 0.34065011143684387, 0.8490897417068481, -0.4037376046180725], "cam_t_w2c": [-121.1061782836914, -26.075727462768555, 748.262451171875], "depth_scale": 1.0},
  "12": {"cam_K": [711.1112738715278, 0.0, 255.5, 0.0, 711.1112738715278, 255.5, 0.0, 0.0, 1.0], "cam_R_w2c": [0.8757902979850769, -0.44276466965675354, -0.19222602248191833, -0.34197789430618286, -0.28810766339302063, -0.8944523334503174, 0.34065011143684387, 0.8490897417068481, -0.4037376046180725], "cam_t_w2c": [-121.1061782836914, -26.075727462768555, 748.262451171875], "depth_scale": 1.0},
  "13": {"cam_K": [711.1112738715278, 0.0, 255.5, 0.0, 711.1112738715278, 255.5, 0.0, 0.0, 1.0], "cam_R_w2c": [0.8757902979850769, -0.44276466965675354, -0.19222602248191833, -0.34197789430618286, -0.28810766339302063, -0.8944523334503174, 0.34065011143684387, 0.8490897417068481, -0.4037376046180725], "cam_t_w2c": [-121.1061782836914, -26.075727462768555, 748.262451171875], "depth_scale": 1.0},
  "14": {"cam_K": [711.1112738715278, 0.0, 255.5, 0.0, 711.1112738715278, 255.5, 0.0, 0.0, 1.0], "cam_R_w2c": [0.8757902979850769, -0.44276466965675354, -0.19222602248191833, -0.34197789430618286, -0.28810766339302063, -0.8944523334503174, 0.34065011143684387, 0.8490897417068481, -0.4037376046180725], "cam_t_w2c": [-121.1061782836914, -26.075727462768555, 748.262451171875], "depth_scale": 1.0}
}