{
  "0": {"cam_K": [711.1112738715278, 0.0, 255.5, 0.0, 711.1112738715278, 255.5, 0.0, 0.0, 1.0], "cam_R_w2c": [-0.2461642324924469, 0.9586372375488281, 0.14289115369319916, 0.2671941816806793, 0.20883531868457794, -0.940741777420044, -0.9316707849502563, -0.19339728355407715, -0.3075500726699829], "cam_t_w2c": [-28.148578643798828, 47.729331970214844, 393.4654541015625], "depth_scale": 1.0},
  "1": {"cam_K": [711.1112738715278, 0.0, 255.5, 0.0, 711.1112738715278, 255.5, 0.0, 0.0, 1.0], "cam_R_w2c": [-0.3360925018787384, 0.9417559504508972, -0.011732276529073715, 0.22469060122966766, 0.06807752698659897, -0.9720492362976074, -0.9146344065666199, -0.3293345272541046, -0.23448412120342255], "cam_t_w2c": [-249.477783203125, 40.78299331665039, 280.6376953125], "depth_scale": 1.0},
  "2": {"cam_K": [711.1112738715278, 0.0, 255.5, 0.0, 711.1112738715278, 255.5, 0.0, 0.0, 1.0], "cam_R_w2c": [-0.3360925018787384, 0.9417559504508972, -0.011732276529073715, 0.22469060122966766, 0.06807752698659897, -0.9720492362976074, -0.9146344065666199, -0.3293345272541046, -0.23448412120342255], "cam_t_w2c": [-249.477783203125, 40.78299331665039, 280.6376953125], "depth_scale": 1.0},
  "3": {"cam_K": [711.1112738715278, 0.0, 255.5, 0.0, 711.1112738715278, 255.5, 0.0, 0.0, 1.0], "cam_R_w2c": [0.5082682967185974, -0.8530601263046265, 0.11811793595552444, -0.11093071848154068, -0.20086388289928436, -0.9733181595802307, 0.8540244698524475, 0.4816038906574249, -0.1967233419418335], "cam_t_w2c": [273.5244140625, -11.48480224609375, 710.5579223632812], "depth_scale": 1.0},
  "4": {"cam_K": [711.1112738715278, 0.0, 255.5, 0.0, 711.1112738715278, 255.5, 0.0, 0.0, 1.0], "cam_R_w2c": [0.5082682967185974, -0.8530601263046265, 0.11811793595552444, -0.11093071848154068, -0.20086388289928436, -0.9733181595802307, 0.8540244698524475, 0.4816038906574249, -0.1967233419418335], "cam_t_w2c": [273.5244140625, -11.48480224609375, 710.5579223632812], "depth_scale": 1.0},
  "5": {"cam_K": [711.1112738715278, 0.0, 255.5, 0.0, 711.1112738715278, 255.5, 0.0, 0.0, 1.0], "cam_R_w2c": [0.39311856031417847, -0.9194718599319458, -0.005425847601145506, -0.34725823998451233, -0.14300072193145752, -0.9268024563789368, 0.8513928055763245, 0.36622750759124756, -0.37551045417785645], "cam_t_w2c": [211.4403076171875, -16.110321044921875, 489.03466796875], "depth_scale": 1.0},
  "6": {"cam_K": [711.1112738715278, 0.0, 255.5, 0.0, 711.1112738715278, 255.5, 0.0, 0.0, 1.0], "cam_R_w2c": [0.39311856031417847, -0.9194718599319458, -0.005425847601145506, -0.34725823998451233, -0.14300072193145752, -0.9268024563789368, 0.8513928055763245, 0.36622750759124756, -0.37551045417785645], "cam_t_w2c": [211.4403076171875, -16.110321044921875, 489.03466796875], "depth_scale": 1.0},
  "7": {"cam_K": [711.1112738715278, 0.0, 255.5, 0.0, 711.1112738715278, 255.5, 0.0, 0.0, 1.0], "cam_R_w2c": [0.5286091566085815, 0.8292106986045837, -0.18160930275917053, 0.3999270796775818, -0.4319896697998047, -0.8083583116531372, -0.7487527132034302, 0.3546751141548157, -0.5599774718284607], "cam_t_w2c": [-77.28074645996094, 139.96505737304688, 296.92193603515625], "depth_scale": 1.0},
  "8": {"cam_K": [711.1112738715278, 0.0, 255.5, 0.0, 711.1112738715278, 255.5, 0.0, 0.0, 1.0], "cam_R_w2c": [0.5286091566085815, 0.8292106986045837, -0.18160930275917053, 0.3999270796775818, -0.4319896697998047, -0.8083583116531372, -0.7487527132034302, 0.3546751141548157, -0.5599774718284607], "cam_t_w2c": [-77.28074645996094, 139.96505737304688, 296.92193603515625], "depth_scale": 1.0},
  "9": {"cam_K": [711.1112738715278, 0.0, 255.5, 0.0, 711.1112738715278, 255.5, 0.0, 0.0, 1.0], "cam_R_w2c": [0.5315694212913513, 0.8123657703399658, 0.23978276550769806, 0.4772788882255554, -0.053408004343509674, -0.8771274089813232, -0.6997419595718384, 0.5806973576545715, -0.4161151051521301], "cam_t_w2c": [-86.4893569946289, 82.63922119140625, 270.380615234375], "depth_scale": 1.0}
}