{
  "0": {"cam_K": [711.1112738715278, 0.0, 255.5, 0.0, 711.1112738715278, 255.5, 0.0, 0.0, 1.0], "cam_R_w2c": [0.6717095971107483, 0.7408145666122437, 3.9682369390448e-08, 0.4620514512062073, -0.4189502000808716, -0.7816580533981323, -0.5790636539459229, 0.525047242641449, -0.6237073540687561], "cam_t_w2c": [-66.46256256103516, 125.98397064208984, 1139.656494140625], "depth_scale": 1.0},
  "1": {"cam_K": [711.1112738715278, 0.0, 255.5, 0.0, 711.1112738715278, 255.5, 0.0, 0.0, 1.0], "cam_R_w2c": [0.6362134218215942, 0.7715131044387817, -6.304693300762665e-08, 0.5814014077186584, -0.4794415831565857, -0.6573494076728821, -0.5071536898612976, 0.41821447014808655, -0.7535859942436218], "cam_t_w2c": [-67.73945617675781, 110.16609191894531, 884.2450561523438], "depth_scale": 1.0}
}