{
  "0": {"cam_K": [711.1112738715278, 0.0, 255.5, 0.0, 711.1112738715278, 255.5, 0.0, 0.0, 1.0], "cam_R_w2c": [0.9969527721405029, 0.04422064125537872, 0.06426317244768143, 0.0645635649561882, -0.9300963282585144, -0.3615969717502594, 0.043780889362096786, 0.3646441400051117, -0.930117130279541], "cam_t_w2c": [-518.7769775390625, -163.9172821044922, 1210.4298095703125], "depth_scale": 1.0},
  "1": {"cam_K": [711.1112738715278, 0.0, 255.5, 0.0, 711.1112738715278, 255.5, 0.0, 0.0, 1.0], "cam_R_w2c": [0.9969527721405029, 0.04422064125537872, 0.06426317244768143, 0.0645635649561882, -0.9300963282585144, -0.3615969717502594, 0.043780889362096786, 0.3646441400051117, -0.930117130279541], "cam_t_w2c": [-518.7769775390625, -163.9172821044922, 1210.4298095703125], "depth_scale": 1.0},
  "2": {"cam_K": [711.1112738715278, 0.0, 255.5, 0.0, 711.1112738715278, 255.5, 0.0, 0.0, 1.0], "cam_R_w2c": [0.9969527721405029, 0.04422064125537872, 0.06426317244768143, 0.0645635649561882, -0.9300963282585144, -0.3615969717502594, 0.043780889362096786, 0.3646441400051117, -0.930117130279541], "cam_t_w2c": [-518.7769775390625, -163.9172821044922, 1210.4298095703125], "depth_scale": 1.0},
  "3": {"cam_K": [711.1112738715278, 0.0, 255.5, 0.0, 711.1112738715278, 255.5, 0.0, 0.0, 1.0], "cam_R_w2c": [0.9969527721405029, 0.04422064125537872, 0.06426317244768143, 0.0645635649561882, -0.9300963282585144, -0.3615969717502594, 0.043780889362096786, 0.3646441400051117, -0.930117130279541], "cam_t_w2c": [-518.7769775390625, -163.9172821044922, 1210.4298095703125], "depth_scale": 1.0},
  "4": {"cam_K": [711.1112738715278, 0.0, 255.5, 0.0, 711.1112738715278, 255.5, 0.0, 0.0, 1.0], "cam_R_w2c": [0.9969527721405029, 0.04422064125537872, 0.06426317244768143, 0.0645635649561882, -0.9300963282585144, -0.3615969717502594, 0.043780889362096786, 0.3646441400051117, -0.930117130279541], "cam_t_w2c": [-518.7769775390625, -163.9172821044922, 1210.4298095703125], "depth_scale": 1.0}
}