{
  "0": {"cam_K": [711.1112738715278, 0.0, 255.5, 0.0, 711.1112738715278, 255.5, 0.0, 0.0, 1.0], "cam_R_w2c": [-0.7541074156761169, -0.6567511558532715, 1.7561454512815544e-07, -0.5198571681976318, 0.5969201922416687, -0.6110931038856506, 0.4013359844684601, -0.4608299434185028, -0.7915588021278381], "cam_t_w2c": [-362.1814270019531, 290.8611755371094, 727.2383422851562], "depth_scale": 1.0},
  "1": {"cam_K": [711.1112738715278, 0.0, 255.5, 0.0, 711.1112738715278, 255.5, 0.0, 0.0, 1.0], "cam_R_w2c": [0.7560978531837463, -0.6544586420059204, 1.3048475011601113e-07, -0.5516088604927063, -0.6372753977775574, -0.5381523370742798, 0.3521984815597534, 0.4068957567214966, -0.8428477048873901], "cam_t_w2c": [-200.19183349609375, -252.82847595214844, 1079.314697265625], "depth_scale": 1.0}
}