{
  "0": {"cam_K": [711.1112738715278, 0.0, 255.5, 0.0, 711.1112738715278, 255.5, 0.0, 0.0, 1.0], "cam_R_w2c": [-0.428721159696579, 0.9022992253303528, -0.04532564803957939, 0.6438876390457153, 0.2699761986732483, -0.7159061431884766, -0.6337246894836426, -0.3361086845397949, -0.6967238783836365], "cam_t_w2c": [-27.509761810302734, -66.34454345703125, 1064.4713134765625], "depth_scale": 1.0},
  "1": {"cam_K": [711.1112738715278, 0.0, 255.5, 0.0, 711.1112738715278, 255.5, 0.0, 0.0, 1.0], "cam_R_w2c": [0.8528745174407959, 0.44895821809768677, 0.26653632521629333, 0.33050018548965454, -0.06902723759412766, -0.941278338432312, -0.4041963815689087, 0.8908826112747192, -0.2072523534297943], "cam_t_w2c": [-114.54918670654297, -55.120784759521484, 1021.173583984375], "depth_scale": 1.0},
  "2": {"cam_K": [711.1112738715278, 0.0, 255.5, 0.0, 711.1112738715278, 255.5, 0.0, 0.0, 1.0], "cam_R_w2c": [0.8528745174407959, 0.44895821809768677, 0.26653632521629333, 0.33050018548965454, -0.06902723759412766, -0.941278338432312, -0.4041963815689087, 0.8908826112747192, -0.2072523534297943], "cam_t_w2c": [-114.54918670654297, -55.120784759521484, 1021.173583984375], "depth_scale": 1.0},
  "3": {"cam_K": [711.1112738715278, 0.0, 255.5, 0.0, 711.1112738715278, 255.5, 0.0, 0.0, 1.0], "cam_R_w2c": [0.5057653188705444, 0.8578828573226929, 0.09076577425003052, 0.15805135667324066, 0.011286122724413872, -0.9873663783073425, -0.8480691313743591, 0.5137213468551636, -0.12988142669200897], "cam_t_w2c": [-21.131723403930664, -18.215179443359375, 1117.3079833984375], "depth_scale": 1.0},
  "4": {"cam_K": [711.1112738715278, 0.0, 255.5, 0.0, 711.1112738715278, 255.5, 0.0, 0.0, 1.0], "cam_R_w2c": [0.5057653188705444, 0.8578828573226929, 0.09076577425003052, 0.15805135667324066, 0.011286122724413872, -0.9873663783073425, -0.8480691313743591, 0.5137213468551636, -0.12988142669200897], "cam_t_w2c": [-21.131723403930664, -18.215179443359375, 1117.3079833984375], "depth_scale": 1.0}
}