{
  "0": {"cam_K": [711.1112738715278, 0.0, 255.5, 0.0, 711.1112738715278, 255.5, 0.0, 0.0, 1.0], "cam_R_w2c": [0.8085393309593201, -0.29172274470329285, -0.5110401511192322, -0.5699319243431091, -0.6043394804000854, -0.5567329525947571, -0.14643003046512604, 0.7413985729217529, -0.6548943519592285], "cam_t_w2c": [-24.564455032348633, -0.6003761887550354, 375.5706481933594], "depth_scale": 1.0}
}