{
  "0": {"cam_K": [711.1112738715278, 0.0, 255.5, 0.0, 711.1112738715278, 255.5, 0.0, 0.0, 1.0], "cam_R_w2c": [0.7317063212394714, -0.6699509620666504, -0.12558476626873016, -0.3993036448955536, -0.2719869315624237, -0.8755454421043396, 0.5524150729179382, 0.6907886266708374, -0.46652844548225403], "cam_t_w2c": [-139.78126525878906, -68.73712921142578, 792.1312866210938], "depth_scale": 1.0},
  "1": {"cam_K": [711.1112738715278, 0.0, 255.5, 0.0, 711.1112738715278, 255.5, 0.0, 0.0, 1.0], "cam_R_w2c": [0.7317063212394714, -0.6699509620666504, -0.12558476626873016, -0.3993036448955536, -0.2719869315624237, -0.8755454421043396, 0.5524150729179382, 0.6907886266708374, -0.46652844548225403], "cam_t_w2c": [-139.78126525878906, -68.73712921142578, 792.1312866210938], "depth_scale": 1.0},
  "2": {"cam_K": [711.1112738715278, 0.0, 255.5, 0.0, 711.1112738715278, 255.5, 0.0, 0.0, 1.0], "cam_R_w2c": [0.7317063212394714, -0.6699509620666504, -0.12558476626873016, -0.3993036448955536, -0.2719869315624237, -0.8755454421043396, 0.5524150729179382, 0.6907886266708374, -0.46652844548225403], "cam_t_w2c": [-139.78126525878906, -68.73712921142578, 792.1312866210938], "depth_scale": 1.0},
  "3": {"cam_K": [711.1112738715278, 0.0, 255.5, 0.0, 711.1112738715278, 255.5, 0.0, 0.0, 1.0], "cam_R_w2c": [0.7317063212394714, -0.6699509620666504, -0.12558476626873016, -0.3993036448955536, -0.2719869315624237, -0.8755454421043396, 0.5524150729179382, 0.6907886266708374, -0.46652844548225403], "cam_t_w2c": [-139.78126525878906, -68.73712921142578, 792.1312866210938], "depth_scale": 1.0},
  "4": {"cam_K": [711.1112738715278, 0.0, 255.5, 0.0, 711.1112738715278, 255.5, 0.0, 0.0, 1.0], "cam_R_w2c": [0.7317063212394714, -0.6699509620666504, -0.12558476626873016, -0.3993036448955536, -0.2719869315624237, -0.8755454421043396, 0.5524150729179382, 0.6907886266708374, -0.46652844548225403], "cam_t_w2c": [-139.78126525878906, -68.73712921142578, 792.1312866210938], "depth_scale": 1.0}
}