{
  "0": {"cam_K": [711.1112738715278, 0.0, 255.5, 0.0, 711.1112738715278, 255.5, 0.0, 0.0, 1.0], "cam_R_w2c": [0.45570871233940125, -0.8901289701461792, -2.911714247488817e-08, -0.40990155935287476, -0.209852397441864, -0.8876613974571228, 0.7901330590248108, 0.40451502799987793, -0.46049681305885315], "cam_t_w2c": [-256.3275451660156, -3981845.25, -2064369.625], "depth_scale": 1.0},
  "1": {"cam_K": [711.1112738715278, 0.0, 255.5, 0.0, 711.1112738715278, 255.5, 0.0, 0.0, 1.0], "cam_R_w2c": [-0.5487731695175171, -0.8359714150428772, 5.981594597415096e-08, -0.7014113068580627, 0.4604410231113434, -0.5440738797187805, 0.454830139875412, -0.2985731363296509, -0.8390375375747681], "cam_t_w2c": [-570.2890014648438, -2440471.0, -3762428.25], "depth_scale": 1.0}
}