{
  "0": {"cam_K": [711.1112738715278, 0.0, 255.5, 0.0, 711.1112738715278, 255.5, 0.0, 0.0, 1.0], "cam_R_w2c": [-0.7675819396972656, 0.4552299976348877, 0.45120248198509216, -0.07024550437927246, 0.6399692893028259, -0.7651829123497009, -0.6370899677276611, -0.6190354824066162, -0.4592510461807251], "cam_t_w2c": [80.67192840576172, 141.90374755859375, 128.28787231445312], "depth_scale": 1.0}
}