{
  "0": {"cam_K": [711.1112738715278, 0.0, 255.5, 0.0, 711.1112738715278, 255.5, 0.0, 0.0, 1.0], "cam_R_w2c": [0.24419111013412476, -0.9395882487297058, 0.2398846298456192, -0.6680994033813477, -0.34230509400367737, -0.6606590151786804, 0.7028611898422241, 0.001060270587913692, -0.7113261818885803], "cam_t_w2c": [-192.77215576171875, -56.62483596801758, 228.04396057128906], "depth_scale": 1.0}
}