{
  "0": {"cam_K": [711.1112738715278, 0.0, 255.5, 0.0, 711.1112738715278, 255.5, 0.0, 0.0, 1.0], "cam_R_w2c": [-0.3916117548942566, -0.9201306104660034, 1.4425974370624317e-07, -0.8993978500366211, 0.38278764486312866, -0.21108585596084595, 0.19422650337219238, -0.08266381919384003, -0.9774676561355591], "cam_t_w2c": [50.37924575805664, 72.24959564208984, 777.7838134765625], "depth_scale": 1.0},
  "1": {"cam_K": [711.1112738715278, 0.0, 255.5, 0.0, 711.1112738715278, 255.5, 0.0, 0.0, 1.0], "cam_R_w2c": [0.5733143091201782, 0.8193355798721313, -3.2539610117510165e-08, 0.5683208703994751, -0.39767175912857056, -0.7203254699707031, -0.5901882648468018, 0.41297292709350586, -0.693636417388916], "cam_t_w2c": [-75.0741958618164, -247.02828979492188, 881.635498046875], "depth_scale": 1.0}
}