{
  "0": {"cam_K": [711.1112738715278, 0.0, 255.5, 0.0, 711.1112738715278, 255.5, 0.0, 0.0, 1.0], "cam_R_w2c": [0.1295739710330963, -0.9839310646057129, -0.12284187227487564, -0.46464917063713074, 0.04919195547699928, -0.8841273784637451, 0.8759632706642151, 0.17163823544979095, -0.45080873370170593], "cam_t_w2c": [-83.17525482177734, 69.81458282470703, 605.0146484375], "depth_scale": 1.0},
  "1": {"cam_K": [711.1112738715278, 0.0, 255.5, 0.0, 711.1112738715278, 255.5, 0.0, 0.0, 1.0], "cam_R_w2c": [0.2981317639350891, 0.917802631855011, 0.2622132897377014, 0.6643277406692505, -0.0022543834056705236, -0.7474380135536194, -0.685409426689148, 0.3970305919647217, -0.6103938817977905], "cam_t_w2c": [-149.41566467285156, 63.31256103515625, 677.474609375], "depth_scale": 1.0},
  "2": {"cam_K": [711.1112738715278, 0.0, 255.5, 0.0, 711.1112738715278, 255.5, 0.0, 0.0, 1.0], "cam_R_w2c": [0.2981317639350891, 0.917802631855011, 0.2622132897377014, 0.6643277406692505, -0.0022543834056705236, -0.7474380135536194, -0.685409426689148, 0.3970305919647217, -0.6103938817977905], "cam_t_w2c": [-149.41566467285156, 63.31256103515625, 677.474609375], "depth_scale": 1.0},
  "3": {"cam_K": [711.1112738715278, 0.0, 255.5, 0.0, 711.1112738715278, 255.5, 0.0, 0.0, 1.0], "cam_R_w2c": [-0.24340514838695526, 0.9289658665657043, -0.2788841426372528, 0.5661075115203857, -0.09740815311670303, -0.818556010723114, -0.7875761985778809, -0.3571191430091858, -0.5021849274635315], "cam_t_w2c": [89.88488006591797, 100.13555145263672, 695.667236328125], "depth_scale": 1.0},
  "4": {"cam_K": [711.1112738715278, 0.0, 255.5, 0.0, 711.1112738715278, 255.5, 0.0, 0.0, 1.0], "cam_R_w2c": [-0.24340514838695526, 0.9289658665657043, -0.2788841426372528, 0.5661075115203857, -0.09740815311670303, -0.818556010723114, -0.7875761985778809, -0.3571191430091858, -0.5021849274635315], "cam_t_w2c": [89.88488006591797, 100.13555145263672, 695.667236328125], "depth_scale": 1.0}
}