{
  "0": {"cam_K": [711.1112738715278, 0.0, 255.5, 0.0, 711.1112738715278, 255.5, 0.0, 0.0, 1.0], "cam_R_w2c": [-0.21479395031929016, -0.9295545816421509, -0.2996528148651123, -0.5697270035743713, 0.3684576451778412, -0.7346088290214539, 0.7932683825492859, 0.012930769473314285, -0.6087348461151123], "cam_t_w2c": [-127.64972686767578, 60.708412170410156, 201.34739685058594], "depth_scale": 1.0},
  "1": {"cam_K": [711.1112738715278, 0.0, 255.5, 0.0, 711.1112738715278, 255.5, 0.0, 0.0, 1.0], "cam_R_w2c": [-0.09283564239740372, -0.9915239810943604, -0.09089601784944534, -0.5091732740402222, 0.125726580619812, -0.8514315485954285, 0.8556427359580994, -0.03276123106479645, -0.5165295004844666], "cam_t_w2c": [-142.95742797851562, 30.461015701293945, 176.80572509765625], "depth_scale": 1.0}
}