{
  "0": {"cam_K": [711.1112738715278, 0.0, 255.5, 0.0, 711.1112738715278, 255.5, 0.0, 0.0, 1.0], "cam_R_w2c": [0.10836786031723022, -0.9941109418869019, -2.8373108307278017e-09, -0.3929176330566406, -0.04283198341727257, -0.9185757040977478, 0.9131660461425781, 0.09954414516687393, -0.39524537324905396], "cam_t_w2c": [-3345.16748046875, -4090384.0, -1771665.875], "depth_scale": 1.0},
  "1": {"cam_K": [711.1112738715278, 0.0, 255.5, 0.0, 711.1112738715278, 255.5, 0.0, 0.0, 1.0], "cam_R_w2c": [-0.9504745602607727, 0.31080305576324463, -4.927174401814227e-08, 0.12745623290538788, 0.3897767961025238, -0.9120466709136963, -0.2834668457508087, -0.8668769598007202, -0.41008684039115906], "cam_t_w2c": [11739.3505859375, -4066444.25, -1825726.625], "depth_scale": 1.0}
}