{
  "0": {"cam_K": [2346.1825408935547, 0.0, 956.150695733726, 0.0, 2351.0241982895623, 613.6550906152873, 0.0, 0.0, 1.0], "cam_R_w2c": [0.3792542815208435, 0.9252925515174866, 1.8494590392492682e-07, 0.3945161998271942, -0.1617022454738617, -0.9045493602752686, -0.8369726538658142, 0.34305432438850403, -0.42636916041374207], "cam_t_w2c": [-51.24834442138672, 87.40554809570312, 1052.0130615234375], "depth_scale": 1.0}
}