{
  "0": {"cam_K": [711.1112738715278, 0.0, 255.5, 0.0, 711.1112738715278, 255.5, 0.0, 0.0, 1.0], "cam_R_w2c": [0.4342229962348938, -0.9008054137229919, 2.0030434200180025e-08, -0.7192461490631104, -0.3467043936252594, -0.6020639538764954, 0.542342483997345, 0.2614299952983856, -0.798447847366333], "cam_t_w2c": [81.50435638427734, -2700751.0, -3580259.0], "depth_scale": 1.0},
  "1": {"cam_K": [711.1112738715278, 0.0, 255.5, 0.0, 711.1112738715278, 255.5, 0.0, 0.0, 1.0], "cam_R_w2c": [0.5174799561500549, -0.8556953072547913, -7.042231686682499e-08, -0.6430264711380005, -0.3888687789440155, -0.6597711443901062, 0.5645630359649658, 0.3414183557033539, -0.7514665126800537], "cam_t_w2c": [105.0641098022461, -2959576.5, -3369617.75], "depth_scale": 1.0}
}