{
  "0": {"cam_K": [2346.1825408935547, 0.0, 956.150695733726, 0.0, 2351.0241982895623, 613.6550906152873, 0.0, 0.0, 1.0], "cam_R_w2c": [0.7904284000396729, 0.6125544905662537, -5.8042100903321625e-08, 0.2684093415737152, -0.34635046124458313, -0.8988871574401855, -0.5506173372268677, 0.7105059623718262, -0.4381805956363678], "cam_t_w2c": [-69.19847869873047, 80.25950622558594, 1113.2691650390625], "depth_scale": 1.0}
}