{
  "0": [{"cam_R_m2c": [-0.39015716314315796, -0.896457850933075, -0.21009649336338043, -0.0646662637591362, -0.2009378969669342, 0.9774671792984009, -0.918474555015564, 0.39495205879211426, 0.020426880568265915], "cam_t_m2c": [-58.160987854003906, 22.465970993041992, 987.0001220703125], "obj_id": 3}, {"cam_R_m2c": [-0.46166160702705383, 0.8693612217903137, 0.17629453539848328, 0.8723723292350769, 0.4089509844779968, 0.267816424369812, 0.16073335707187653, 0.2774350047111511, -0.9472036957740784], "cam_t_m2c": [-84.57231140136719, 50.31736755371094, 1057.2508544921875], "obj_id": 3}, {"cam_R_m2c": [-0.01632283627986908, 0.5970586538314819, 0.802031397819519, -0.9512282013893127, -0.25640907883644104, 0.17152009904384613, 0.3080557584762573, -0.7601152658462524, 0.5721244812011719], "cam_t_m2c": [-108.19536590576172, -81.18254089355469, 1124.4527587890625], "obj_id": 2}, {"cam_R_m2c": [0.11371910572052002, 0.6045144200325012, -0.7884353399276733, 0.3925981819629669, 0.7016521692276001, 0.5946014523506165, 0.9126525521278381, -0.3771558105945587, -0.15754000842571259], "cam_t_m2c": [-7.901227218098938e-05, -3.189779818058014e-05, 1024.0814208984375], "obj_id": 1}]
}