{
  "0": {"cam_K": [711.1112738715278, 0.0, 255.5, 0.0, 711.1112738715278, 255.5, 0.0, 0.0, 1.0], "cam_R_w2c": [0.6429397463798523, 0.7659167051315308, 4.10653804294725e-08, 0.493608295917511, -0.414353609085083, -0.7646318674087524, -0.5856443643569946, 0.4916122555732727, -0.644467294216156], "cam_t_w2c": [-184.0606689453125, -3430154.0, -2890149.75], "depth_scale": 1.0},
  "1": {"cam_K": [711.1112738715278, 0.0, 255.5, 0.0, 711.1112738715278, 255.5, 0.0, 0.0, 1.0], "cam_R_w2c": [0.21782279014587402, -0.9759883880615234, 5.39810223187942e-08, -0.6380816102027893, -0.14240826666355133, -0.7566847801208496, 0.7385154962539673, 0.16482317447662354, -0.6537799835205078], "cam_t_w2c": [28.023040771484375, -3394298.25, -2932213.5], "depth_scale": 1.0}
}