{
  "0": {"cam_K": [711.1112738715278, 0.0, 255.5, 0.0, 711.1112738715278, 255.5, 0.0, 0.0, 1.0], "cam_R_w2c": [-0.9033575654029846, -0.4288882911205292, 8.474852108975028e-08, -0.41441595554351807, 0.8728747367858887, -0.25758326053619385, 0.1104743629693985, -0.23268979787826538, -0.9662562012672424], "cam_t_w2c": [67.00830841064453, -1155589.375, -4333281.0], "depth_scale": 1.0},
  "1": {"cam_K": [711.1112738715278, 0.0, 255.5, 0.0, 711.1112738715278, 255.5, 0.0, 0.0, 1.0], "cam_R_w2c": [-0.9302265048027039, 0.36698582768440247, 1.4916581392299122e-07, 0.15794336795806885, 0.40035128593444824, -0.9026476144790649, -0.3312589228153229, -0.8396667242050171, -0.43038034439086914], "cam_t_w2c": [-118.75878143310547, -4048849.5, -1929261.0], "depth_scale": 1.0}
}