{
  "0": {"cam_K": [711.1112738715278, 0.0, 255.5, 0.0, 711.1112738715278, 255.5, 0.0, 0.0, 1.0], "cam_R_w2c": [0.7505673766136169, 0.6607939004898071, 1.492479668740998e-07, 0.6540382504463196, -0.7428938150405884, -0.1426275670528412, -0.09424731880426407, 0.10705169290304184, -0.9897763729095459], "cam_t_w2c": [1246.5679931640625, -639222.375, -4429792.0], "depth_scale": 1.0},
  "1": {"cam_K": [711.1112738715278, 0.0, 255.5, 0.0, 711.1112738715278, 255.5, 0.0, 0.0, 1.0], "cam_R_w2c": [0.8081329464912415, 0.5890001058578491, 9.767300213070484e-08, 0.5292328000068665, -0.7261296510696411, -0.4389173984527588, -0.25852230191230774, 0.3547036647796631, -0.8985275030136108], "cam_t_w2c": [1170.68359375, -1965582.25, -4021055.75], "depth_scale": 1.0}
}