{
  "0": {"cam_K": [711.1112738715278, 0.0, 255.5, 0.0, 711.1112738715278, 255.5, 0.0, 0.0, 1.0], "cam_R_w2c": [0.19463713467121124, 0.9808753132820129, -1.2156030493315484e-07, 0.21993805468082428, -0.043642882257699966, -0.9745370745658875, -0.9558993577957153, 0.18968108296394348, -0.22422632575035095], "cam_t_w2c": [-482.0630187988281, -4364386.5, -997945.6875], "depth_scale": 1.0},
  "1": {"cam_K": [711.1112738715278, 0.0, 255.5, 0.0, 711.1112738715278, 255.5, 0.0, 0.0, 1.0], "cam_R_w2c": [0.4154355823993683, 0.9096226096153259, -6.817708708695136e-08, 0.18778057396411896, -0.08576174825429916, -0.9784597158432007, -0.8900290727615356, 0.40648698806762695, -0.20643794536590576], "cam_t_w2c": [-1639.5458984375, -4381808.0, -918825.875], "depth_scale": 1.0}
}