{
  "0": {"cam_K": [711.1112738715278, 0.0, 255.5, 0.0, 711.1112738715278, 255.5, 0.0, 0.0, 1.0], "cam_R_w2c": [-0.8039347529411316, 0.390004962682724, -0.4489826560020447, 0.4669323265552521, -0.05363594368100166, -0.8826650381088257, -0.36832526326179504, -0.919249415397644, -0.13898628950119019], "cam_t_w2c": [24.866119384765625, 151.65179443359375, 1001.0633544921875], "depth_scale": 1.0},
  "1": {"cam_K": [711.1112738715278, 0.0, 255.5, 0.0, 711.1112738715278, 255.5, 0.0, 0.0, 1.0], "cam_R_w2c": [-0.8039347529411316, 0.390004962682724, -0.4489826560020447, 0.4669323265552521, -0.05363594368100166, -0.8826650381088257, -0.36832526326179504, -0.919249415397644, -0.13898628950119019], "cam_t_w2c": [24.866119384765625, 151.65179443359375, 1001.0633544921875], "depth_scale": 1.0},
  "2": {"cam_K": [711.1112738715278, 0.0, 255.5, 0.0, 711.1112738715278, 255.5, 0.0, 0.0, 1.0], "cam_R_w2c": [-0.8039347529411316, 0.390004962682724, -0.4489826560020447, 0.4669323265552521, -0.05363594368100166, -0.8826650381088257, -0.36832526326179504, -0.919249415397644, -0.13898628950119019], "cam_t_w2c": [24.866119384765625, 151.65179443359375, 1001.0633544921875], "depth_scale": 1.0},
  "3": {"cam_K": [711.1112738715278, 0.0, 255.5, 0.0, 711.1112738715278, 255.5, 0.0, 0.0, 1.0], "cam_R_w2c": [-0.8039347529411316, 0.390004962682724, -0.4489826560020447, 0.4669323265552521, -0.05363594368100166, -0.8826650381088257, -0.36832526326179504, -0.919249415397644, -0.13898628950119019], "cam_t_w2c": [24.866119384765625, 151.65179443359375, 1001.0633544921875], "depth_scale": 1.0},
  "4": {"cam_K": [711.1112738715278, 0.0, 255.5, 0.0, 711.1112738715278, 255.5, 0.0, 0.0, 1.0], "cam_R_w2c": [-0.8039347529411316, 0.390004962682724, -0.4489826560020447, 0.4669323265552521, -0.05363594368100166, -0.8826650381088257, -0.36832526326179504, -0.919249415397644, -0.13898628950119019], "cam_t_w2c": [24.866119384765625, 151.65179443359375, 1001.0633544921875], "depth_scale": 1.0}
}