{
  "0": {"cam_K": [711.1112738715278, 0.0, 255.5, 0.0, 711.1112738715278, 255.5, 0.0, 0.0, 1.0], "cam_R_w2c": [-0.1497046798467636, -0.9137020111083984, 0.3778057098388672, -0.523917019367218, -0.250749409198761, -0.8140243887901306, 0.838510274887085, -0.31980210542678833, -0.4411656856536865], "cam_t_w2c": [17.9262752532959, 27.74195671081543, 429.3883972167969], "depth_scale": 1.0}
}