{
  "0": {"cam_K": [711.1112738715278, 0.0, 255.5, 0.0, 711.1112738715278, 255.5, 0.0, 0.0, 1.0], "cam_R_w2c": [0.5120123624801636, -0.8589780330657959, 5.649174994459827e-08, -0.5050428509712219, -0.30104172229766846, -0.8088915348052979, 0.6948201060295105, 0.41416245698928833, -0.5879577994346619], "cam_t_w2c": [-1719.213134765625, -3609289.5, -2615495.25], "depth_scale": 1.0},
  "1": {"cam_K": [711.1112738715278, 0.0, 255.5, 0.0, 711.1112738715278, 255.5, 0.0, 0.0, 1.0], "cam_R_w2c": [-0.8781314492225647, -0.47841936349868774, 2.3246980163094122e-07, -0.1934739500284195, 0.355118066072464, -0.914581298828125, 0.4375533163547516, -0.8031226992607117, -0.4044020175933838], "cam_t_w2c": [-5646.47265625, -4076293.75, -1803587.875], "depth_scale": 1.0}
}