{
  "0": {"cam_K": [2346.1825408935547, 0.0, 956.150695733726, 0.0, 2351.0241982895623, 613.6550906152873, 0.0, 0.0, 1.0], "cam_R_w2c": [-0.9449416399002075, 0.32664865255355835, 0.019647235050797462, 0.1734531670808792, 0.5508745312690735, -0.8163646459579468, -0.277487576007843, -0.7680090665817261, -0.577202558517456], "cam_t_w2c": [72.17891693115234, 105.05416107177734, 521.3804321289062], "depth_scale": 1.0},
  "1": {"cam_K": [2346.1825408935547, 0.0, 956.150695733726, 0.0, 2351.0241982895623, 613.6550906152873, 0.0, 0.0, 1.0], "cam_R_w2c": [-0.760852575302124, 0.647148072719574, -0.04798680916428566, 0.4692055284976959, 0.4975458085536957, -0.7295850515365601, -0.4482738971710205, -0.5776223540306091, -0.6822044253349304], "cam_t_w2c": [109.24362182617188, 80.45027160644531, 536.6676025390625], "depth_scale": 1.0}
}