{
  "0": {"cam_K": [711.1112738715278, 0.0, 255.5, 0.0, 711.1112738715278, 255.5, 0.0, 0.0, 1.0], "cam_R_w2c": [-0.827187716960907, -0.561926007270813, 6.965391463609194e-08, -0.5257886648178101, 0.7739912271499634, -0.35282278060913086, 0.19826021790504456, -0.29185065627098083, -0.9356903433799744], "cam_t_w2c": [-13806.146484375, -1556915.75, -4145563.5], "depth_scale": 1.0},
  "1": {"cam_K": [711.1112738715278, 0.0, 255.5, 0.0, 711.1112738715278, 255.5, 0.0, 0.0, 1.0], "cam_R_w2c": [-0.9995967149734497, -0.02839842438697815, -6.904408422769848e-08, -0.019874420017004013, 0.6995617747306824, -0.7142956852912903, 0.020284919068217278, -0.714007556438446, -0.6998441219329834], "cam_t_w2c": [-8347.595703125, -3154773.0, -3107658.75], "depth_scale": 1.0}
}