{
  "0": {"cam_K": [711.1112738715278, 0.0, 255.5, 0.0, 711.1112738715278, 255.5, 0.0, 0.0, 1.0], "cam_R_w2c": [0.10505896806716919, -0.9917346239089966, 0.0736556127667427, -0.24716414511203766, -0.09778110682964325, -0.9640274047851562, 0.9632614254951477, 0.08307474106550217, -0.2553940415382385], "cam_t_w2c": [-34.39091873168945, -4.258581638336182, 363.3432922363281], "depth_scale": 1.0},
  "1": {"cam_K": [711.1112738715278, 0.0, 255.5, 0.0, 711.1112738715278, 255.5, 0.0, 0.0, 1.0], "cam_R_w2c": [0.10505896806716919, -0.9917346239089966, 0.0736556127667427, -0.24716414511203766, -0.09778110682964325, -0.9640274047851562, 0.9632614254951477, 0.08307474106550217, -0.2553940415382385], "cam_t_w2c": [-34.39091873168945, -4.258581638336182, 363.3432922363281], "depth_scale": 1.0},
  "2": {"cam_K": [711.1112738715278, 0.0, 255.5, 0.0, 711.1112738715278, 255.5, 0.0, 0.0, 1.0], "cam_R_w2c": [0.10505896806716919, -0.9917346239089966, 0.0736556127667427, -0.24716414511203766, -0.09778110682964325, -0.9640274047851562, 0.9632614254951477, 0.08307474106550217, -0.2553940415382385], "cam_t_w2c": [-34.39091873168945, -4.258581638336182, 363.3432922363281], "depth_scale": 1.0}
}