{
  "0": {"cam_K": [711.1112738715278, 0.0, 255.5, 0.0, 711.1112738715278, 255.5, 0.0, 0.0, 1.0], "cam_R_w2c": [-0.2969517111778259, -0.7365661859512329, 0.6076922416687012, -0.7627573609352112, -0.19989672303199768, -0.6150141358375549, 0.5744743943214417, -0.6461512446403503, -0.5024616122245789], "cam_t_w2c": [-36.831298828125, 6.788647651672363, 452.8806457519531], "depth_scale": 1.0}
}