{
  "0": {"cam_K": [711.1112738715278, 0.0, 255.5, 0.0, 711.1112738715278, 255.5, 0.0, 0.0, 1.0], "cam_R_w2c": [-0.4557904601097107, 0.8900871276855469, 1.109644109931196e-08, 0.6221729516983032, 0.31859853863716125, -0.7151194214820862, -0.6365185976028442, -0.32594457268714905, -0.6990023851394653], "cam_t_w2c": [63.1982536315918, 197.72862243652344, 403.6379089355469], "depth_scale": 1.0},
  "1": {"cam_K": [711.1112738715278, 0.0, 255.5, 0.0, 711.1112738715278, 255.5, 0.0, 0.0, 1.0], "cam_R_w2c": [-0.8601987361907959, -0.5099589824676514, -2.351800532096604e-08, -0.37470918893814087, 0.6320594549179077, -0.6783022284507751, 0.3459063172340393, -0.5834746956825256, -0.7347830533981323], "cam_t_w2c": [-365.5838317871094, -22.8243465423584, 678.9049072265625], "depth_scale": 1.0}
}