{
  "0": {"cam_K": [711.1112738715278, 0.0, 255.5, 0.0, 711.1112738715278, 255.5, 0.0, 0.0, 1.0], "cam_R_w2c": [0.8252970576286316, -0.5646988153457642, 8.280253638304202e-08, -0.20990557968616486, -0.30677330493927, -0.9283478856086731, 0.5242369771003723, 0.7661627531051636, -0.3717125356197357], "cam_t_w2c": [242.05747985839844, -0.36286455392837524, 1182.9998779296875], "depth_scale": 1.0},
  "1": {"cam_K": [711.1112738715278, 0.0, 255.5, 0.0, 711.1112738715278, 255.5, 0.0, 0.0, 1.0], "cam_R_w2c": [0.9113922715187073, 0.41153866052627563, 1.16066463107245e-08, 0.1547723114490509, -0.34275832772254944, -0.926586389541626, -0.3813261091709137, 0.8444837331771851, -0.37608209252357483], "cam_t_w2c": [474.7537841796875, 149.10284423828125, 987.7828979492188], "depth_scale": 1.0}
}