{
  "0": {"cam_K": [711.1112738715278, 0.0, 255.5, 0.0, 711.1112738715278, 255.5, 0.0, 0.0, 1.0], "cam_R_w2c": [-0.721690833568573, -0.6922157406806946, -1.8258060663356446e-07, -0.5270183086395264, 0.5494592189788818, -0.648341178894043, 0.448792040348053, -0.46790170669555664, -0.7613500952720642], "cam_t_w2c": [-75.02040100097656, -2908149.0, -3414363.25], "depth_scale": 1.0},
  "1": {"cam_K": [711.1112738715278, 0.0, 255.5, 0.0, 711.1112738715278, 255.5, 0.0, 0.0, 1.0], "cam_R_w2c": [-0.38246509432792664, -0.9239699840545654, 2.1906188862885756e-07, -0.34221211075782776, 0.1416538953781128, -0.9288837909698486, 0.8582606911659241, -0.35526567697525024, -0.37037140130996704], "cam_t_w2c": [-78.9571304321289, -4166563.5, -1660364.25], "depth_scale": 1.0}
}