{
  "0": {"cam_K": [711.1112738715278, 0.0, 255.5, 0.0, 711.1112738715278, 255.5, 0.0, 0.0, 1.0], "cam_R_w2c": [0.4740391969680786, 0.88050377368927, 3.331796563088574e-07, 0.8779169917106628, -0.4726466238498688, -0.07659704238176346, -0.06744382530450821, 0.03631029650568962, -0.9970622658729553], "cam_t_w2c": [31.471635818481445, -343232.0, -4471547.0], "depth_scale": 1.0},
  "1": {"cam_K": [711.1112738715278, 0.0, 255.5, 0.0, 711.1112738715278, 255.5, 0.0, 0.0, 1.0], "cam_R_w2c": [0.9830674529075623, 0.18324410915374756, 5.875275377320577e-08, 0.18311630189418793, -0.9823818802833557, -0.03734142333269119, -0.0068425377830863, 0.036709148436784744, -0.9993026256561279], "cam_t_w2c": [291.7080993652344, -167301.265625, -4481396.0], "depth_scale": 1.0}
}