{
  "0": {"cam_K": [711.1112738715278, 0.0, 255.5, 0.0, 711.1112738715278, 255.5, 0.0, 0.0, 1.0], "cam_R_w2c": [-0.8023804426193237, 0.596812903881073, -5.161404459386176e-08, 0.5165430903434753, 0.6944622993469238, -0.5009045004844666, -0.29894623160362244, -0.4019159972667694, -0.8655025362968445], "cam_t_w2c": [-95.93931579589844, -2246892.25, -3881337.75], "depth_scale": 1.0},
  "1": {"cam_K": [711.1112738715278, 0.0, 255.5, 0.0, 711.1112738715278, 255.5, 0.0, 0.0, 1.0], "cam_R_w2c": [0.7411579489707947, 0.6713306903839111, -1.6595205210023778e-09, 0.5433630347251892, -0.599880039691925, -0.5872824788093567, -0.3942607343196869, 0.4352690577507019, -0.8093821406364441], "cam_t_w2c": [-84.17826080322266, -2634156.5, -3629555.25], "depth_scale": 1.0}
}