{
  "0": {"cam_K": [711.1112738715278, 0.0, 255.5, 0.0, 711.1112738715278, 255.5, 0.0, 0.0, 1.0], "cam_R_w2c": [0.9766359329223633, 0.2145717442035675, 0.011883385479450226, 0.1517951637506485, -0.6496492624282837, -0.7449255585670471, -0.1521199494600296, 0.7293248772621155, -0.6670417189598083], "cam_t_w2c": [-44.14491653442383, -15.252142906188965, 678.765625], "depth_scale": 1.0},
  "1": {"cam_K": [711.1112738715278, 0.0, 255.5, 0.0, 711.1112738715278, 255.5, 0.0, 0.0, 1.0], "cam_R_w2c": [0.9766359329223633, 0.2145717442035675, 0.011883385479450226, 0.1517951637506485, -0.6496492624282837, -0.7449255585670471, -0.1521199494600296, 0.7293248772621155, -0.6670417189598083], "cam_t_w2c": [-44.14491653442383, -15.252142906188965, 678.765625], "depth_scale": 1.0},
  "2": {"cam_K": [711.1112738715278, 0.0, 255.5, 0.0, 711.1112738715278, 255.5, 0.0, 0.0, 1.0], "cam_R_w2c": [0.054135121405124664, 0.9970320463180542, 0.05473939701914787, 0.6598995923995972, 0.005419963039457798, -0.7513341903686523, -0.7494009733200073, 0.07679605484008789, -0.6576476693153381], "cam_t_w2c": [19.073448181152344, -26.77652359008789, 728.1567993164062], "depth_scale": 1.0},
  "3": {"cam_K": [711.1112738715278, 0.0, 255.5, 0.0, 711.1112738715278, 255.5, 0.0, 0.0, 1.0], "cam_R_w2c": [0.054135121405124664, 0.9970320463180542, 0.05473939701914787, 0.6598995923995972, 0.005419963039457798, -0.7513341903686523, -0.7494009733200073, 0.07679605484008789, -0.6576476693153381], "cam_t_w2c": [19.073448181152344, -26.77652359008789, 728.1567993164062], "depth_scale": 1.0},
  "4": {"cam_K": [711.1112738715278, 0.0, 255.5, 0.0, 711.1112738715278, 255.5, 0.0, 0.0, 1.0], "cam_R_w2c": [-0.428721159696579, 0.9022992253303528, -0.04532564803957939, 0.6438876390457153, 0.2699761986732483, -0.7159061431884766, -0.6337246894836426, -0.3361086845397949, -0.6967238783836365], "cam_t_w2c": [-27.509761810302734, -66.34454345703125, 1064.4713134765625], "depth_scale": 1.0}
}