{
  "0": {"cam_K": [711.1112738715278, 0.0, 255.5, 0.0, 711.1112738715278, 255.5, 0.0, 0.0, 1.0], "cam_R_w2c": [-0.7407760620117188, 0.6146168112754822, -0.27110329270362854, 0.5107666850090027, 0.2532140910625458, -0.8215838670730591, -0.43631207942962646, -0.7470802068710327, -0.5015007257461548], "cam_t_w2c": [-205.178955078125, 63.81446838378906, 312.1021423339844], "depth_scale": 1.0}
}