{
  "0": {"cam_K": [711.1112738715278, 0.0, 255.5, 0.0, 711.1112738715278, 255.5, 0.0, 0.0, 1.0], "cam_R_w2c": [0.8367969393730164, -0.5475134253501892, 8.892935277060587e-09, -0.4977770447731018, -0.7607820630073547, -0.4164479374885559, 0.22801081836223602, 0.3484823405742645, -0.9091596603393555], "cam_t_w2c": [103.37377166748047, -1868155.625, -4077309.5], "depth_scale": 1.0},
  "1": {"cam_K": [711.1112738715278, 0.0, 255.5, 0.0, 711.1112738715278, 255.5, 0.0, 0.0, 1.0], "cam_R_w2c": [-0.9998326301574707, 0.01829179748892784, -9.215848528754123e-09, 0.018106861039996147, 0.9897239804267883, -0.14184008538722992, -0.0025945010129362345, -0.14181634783744812, -0.9898895621299744], "cam_t_w2c": [-129.6981201171875, -636247.9375, -4439358.5], "depth_scale": 1.0}
}