{
  "0": {"cam_K": [711.1112738715278, 0.0, 255.5, 0.0, 711.1112738715278, 255.5, 0.0, 0.0, 1.0], "cam_R_w2c": [-0.8122865557670593, -0.5832587480545044, 5.085426124651349e-08, -0.33089062571525574, 0.4608210623264313, -0.8235019445419312, 0.4803146421909332, -0.6689195036888123, -0.5673136711120605], "cam_t_w2c": [114.83311462402344, -3693735.5, -2544043.75], "depth_scale": 1.0},
  "1": {"cam_K": [711.1112738715278, 0.0, 255.5, 0.0, 711.1112738715278, 255.5, 0.0, 0.0, 1.0], "cam_R_w2c": [0.4368591904640198, 0.8995299339294434, 4.6191019009711454e-08, 0.871921956539154, -0.42345133423805237, -0.2458476424217224, -0.22114728391170502, 0.10740084201097488, -0.9693084955215454], "cam_t_w2c": [25.06721305847168, -1103047.625, -4347134.0], "depth_scale": 1.0}
}