{
  "0": {"cam_K": [2346.1825408935547, 0.0, 956.150695733726, 0.0, 2351.0241982895623, 613.6550906152873, 0.0, 0.0, 1.0], "cam_R_w2c": [-0.9891683459281921, 0.14678527414798737, 1.7872542557029192e-08, 0.08501426875591278, 0.5729010701179504, -0.8152036070823669, -0.1196599006652832, -0.8063735961914062, -0.5791743993759155], "cam_t_w2c": [-51.56747055053711, 42.38961410522461, 735.3182373046875], "depth_scale": 1.0},
  "1": {"cam_K": [2346.1825408935547, 0.0, 956.150695733726, 0.0, 2351.0241982895623, 613.6550906152873, 0.0, 0.0, 1.0], "cam_R_w2c": [-0.9852931499481201, 0.1708732545375824, -2.5384693458363472e-08, 0.13012193143367767, 0.7503117322921753, -0.648151695728302, -0.11075176298618317, -0.6386193633079529, -0.7615113854408264], "cam_t_w2c": [-53.43111801147461, 47.68110275268555, 924.4885864257812], "depth_scale": 1.0},
  "2": {"cam_K": [2346.1825408935547, 0.0, 956.150695733726, 0.0, 2351.0241982895623, 613.6550906152873, 0.0, 0.0, 1.0], "cam_R_w2c": [-0.12368497252464294, 0.9923216104507446, -2.5584014906598895e-09, 0.5350900888442993, 0.06669462472200394, -0.8421582579612732, -0.8356918096542358, -0.10416227579116821, -0.5392305850982666], "cam_t_w2c": [29.582822799682617, 52.39190673828125, 836.212890625], "depth_scale": 1.0},
  "3": {"cam_K": [2346.1825408935547, 0.0, 956.150695733726, 0.0, 2351.0241982895623, 613.6550906152873, 0.0, 0.0, 1.0], "cam_R_w2c": [-0.9864100813865662, 0.16430255770683289, 4.5823334460237675e-08, 0.07361301779747009, 0.4419447183609009, -0.8940168023109436, -0.14688925445079803, -0.8818671107292175, -0.4480336010456085], "cam_t_w2c": [-59.86813735961914, 37.39371109008789, 674.6116943359375], "depth_scale": 1.0}
}