{
  "0": {"cam_K": [711.1112738715278, 0.0, 255.5, 0.0, 711.1112738715278, 255.5, 0.0, 0.0, 1.0], "cam_R_w2c": [-0.9861729741096497, 0.16571885347366333, -2.6469546554608314e-08, 0.03389802575111389, 0.20172296464443207, -0.9788558483123779, -0.16221486032009125, -0.9653212428092957, -0.20455124974250793], "cam_t_w2c": [10910.3388671875, -4371176.0, -902588.4375], "depth_scale": 1.0},
  "1": {"cam_K": [711.1112738715278, 0.0, 255.5, 0.0, 711.1112738715278, 255.5, 0.0, 0.0, 1.0], "cam_R_w2c": [-0.04563215747475624, -0.9989583492279053, 2.4222170935672693e-08, -0.24375298619270325, 0.011134489439427853, -0.9697734713554382, 0.9687632918357849, -0.04425281286239624, -0.2440072000026703], "cam_t_w2c": [8423.6259765625, -4325698.0, -1099969.375], "depth_scale": 1.0}
}