{
  "0": [{"cam_R_m2c": [-0.965503990650177, 0.23239445686340332, 0.11745277047157288, 0.20456615090370178, 0.9560495615005493, -0.21005219221115112, -0.16110563278198242, -0.17877933382987976, -0.970609724521637], "cam_t_m2c": [10736.45703125, 19768.638671875, 14897.6552734375], "obj_id": 2}, {"cam_R_m2c": [0.4287998378276825, 0.8855494856834412, -0.17869745194911957, -0.7663179039955139, 0.46130073070526123, 0.44716721773147583, 0.47842198610305786, -0.054806165397167206, 0.8764181137084961], "cam_t_m2c": [-35.75349044799805, 174.8917999267578, 1219.2103271484375], "obj_id": 2}],
  "1": [{"cam_R_m2c": [-0.08170164376497269, -0.3958720862865448, -0.9146639108657837, -0.07751137763261795, 0.9174762964248657, -0.39016562700271606, 0.9936381578445435, 0.03901968523859978, -0.10564391314983368], "cam_t_m2c": [8358.955078125, 24442.62109375, -5230.494140625], "obj_id": 2}, {"cam_R_m2c": [0.5688096880912781, -0.25367632508277893, 0.7823706865310669, -0.5102849006652832, 0.6371777653694153, 0.5775930881500244, -0.6450309157371521, -0.7277724742889404, 0.23298567533493042], "cam_t_m2c": [344.6407165527344, 244.36534118652344, 873.9409790039062], "obj_id": 2}]
}