{
  "0": {"cam_K": [711.1112738715278, 0.0, 255.5, 0.0, 711.1112738715278, 255.5, 0.0, 0.0, 1.0], "cam_R_w2c": [0.9982694983482361, 0.05621463060379028, 0.017260976135730743, 0.031076397746801376, -0.25511932373046875, -0.9664100408554077, -0.04992277920246124, 0.9652740955352783, -0.25642478466033936], "cam_t_w2c": [-180.7800750732422, 42.28215408325195, 697.1395263671875], "depth_scale": 1.0},
  "1": {"cam_K": [711.1112738715278, 0.0, 255.5, 0.0, 711.1112738715278, 255.5, 0.0, 0.0, 1.0], "cam_R_w2c": [0.9540102481842041, -0.1610972285270691, -0.2528086006641388, -0.29862648248672485, -0.436996191740036, -0.8484436273574829, 0.026205535978078842, 0.8849192261695862, -0.4650067389011383], "cam_t_w2c": [40.97827911376953, -119.17649841308594, 1032.9493408203125], "depth_scale": 1.0},
  "2": {"cam_K": [711.1112738715278, 0.0, 255.5, 0.0, 711.1112738715278, 255.5, 0.0, 0.0, 1.0], "cam_R_w2c": [0.9540102481842041, -0.1610972285270691, -0.2528086006641388, -0.29862648248672485, -0.436996191740036, -0.8484436273574829, 0.026205535978078842, 0.8849192261695862, -0.4650067389011383], "cam_t_w2c": [40.97827911376953, -119.17649841308594, 1032.9493408203125], "depth_scale": 1.0},
  "3": {"cam_K": [711.1112738715278, 0.0, 255.5, 0.0, 711.1112738715278, 255.5, 0.0, 0.0, 1.0], "cam_R_w2c": [-0.05563906580209732, 0.9765609502792358, -0.207925483584404, 0.4884016513824463, -0.15501317381858826, -0.8587402105331421, -0.8708433508872986, -0.14933063089847565, -0.4683292508125305], "cam_t_w2c": [236.0528564453125, 7.815432548522949, 561.9207763671875], "depth_scale": 1.0},
  "4": {"cam_K": [711.1112738715278, 0.0, 255.5, 0.0, 711.1112738715278, 255.5, 0.0, 0.0, 1.0], "cam_R_w2c": [-0.05563906580209732, 0.9765609502792358, -0.207925483584404, 0.4884016513824463, -0.15501317381858826, -0.8587402105331421, -0.8708433508872986, -0.14933063089847565, -0.4683292508125305], "cam_t_w2c": [236.0528564453125, 7.815432548522949, 561.9207763671875], "depth_scale": 1.0}
}