{
  "0": {"cam_K": [711.1112738715278, 0.0, 255.5, 0.0, 711.1112738715278, 255.5, 0.0, 0.0, 1.0], "cam_R_w2c": [-0.9476772546768188, 0.13747568428516388, 0.2881121039390564, -0.15039044618606567, 0.6038298010826111, -0.7827977538108826, -0.28158634901046753, -0.7851688265800476, -0.5515608191490173], "cam_t_w2c": [23.20411491394043, 127.49171447753906, 87.93403625488281], "depth_scale": 1.0}
}