{
  "0": {"cam_K": [2346.1825408935547, 0.0, 956.150695733726, 0.0, 2351.0241982895623, 613.6550906152873, 0.0, 0.0, 1.0], "cam_R_w2c": [-0.8536034226417542, -0.520923376083374, 1.8609380703082934e-09, -0.33242228627204895, 0.544718861579895, -0.7699199914932251, 0.401069313287735, -0.6572063565254211, -0.6381404399871826], "cam_t_w2c": [-125.80418395996094, -9.293695449829102, 724.7769165039062], "depth_scale": 1.0},
  "1": {"cam_K": [2346.1825408935547, 0.0, 956.150695733726, 0.0, 2351.0241982895623, 613.6550906152873, 0.0, 0.0, 1.0], "cam_R_w2c": [0.9270206093788147, 0.3750103712081909, -8.843119125856447e-09, 0.2230161726474762, -0.5512930154800415, -0.8039525747299194, -0.30149057507514954, 0.7452806234359741, -0.5946933627128601], "cam_t_w2c": [63.99535369873047, 9.064263343811035, 911.067626953125], "depth_scale": 1.0},
  "2": {"cam_K": [2346.1825408935547, 0.0, 956.150695733726, 0.0, 2351.0241982895623, 613.6550906152873, 0.0, 0.0, 1.0], "cam_R_w2c": [0.7838611602783203, -0.6209361553192139, -1.281598827063135e-07, -0.433315634727478, -0.5470113754272461, -0.7162513136863708, 0.4447462856769562, 0.5614416599273682, -0.6978422999382019], "cam_t_w2c": [15.124545097351074, -25.3153076171875, 984.1865844726562], "depth_scale": 1.0},
  "3": {"cam_K": [2346.1825408935547, 0.0, 956.150695733726, 0.0, 2351.0241982895623, 613.6550906152873, 0.0, 0.0, 1.0], "cam_R_w2c": [0.07309439778327942, 0.9973250031471252, -1.1375489350484713e-07, 0.716272234916687, -0.05249595642089844, -0.6958435773849487, -0.6939821839332581, 0.05086217075586319, -0.7181933522224426], "cam_t_w2c": [43.909339904785156, 53.49232482910156, 880.7447509765625], "depth_scale": 1.0}
}