{
  "0": {"cam_K": [711.1112738715278, 0.0, 255.5, 0.0, 711.1112738715278, 255.5, 0.0, 0.0, 1.0], "cam_R_w2c": [0.41993793845176697, -0.8193332552909851, 0.3903142511844635, -0.3610152304172516, -0.545391321182251, -0.7564499378204346, 0.8326585292816162, 0.17675265669822693, -0.5248222947120667], "cam_t_w2c": [65.35305786132812, -5.372419357299805, 266.42462158203125], "depth_scale": 1.0},
  "1": {"cam_K": [711.1112738715278, 0.0, 255.5, 0.0, 711.1112738715278, 255.5, 0.0, 0.0, 1.0], "cam_R_w2c": [0.4843252897262573, -0.6529688835144043, 0.5822890996932983, -0.10596928000450134, -0.7044411301612854, -0.7018069624900818, 0.8684465885162354, 0.27819809317588806, -0.4103732705116272], "cam_t_w2c": [59.91575622558594, 26.88631248474121, 268.92230224609375], "depth_scale": 1.0}
}