{
  "0": {"cam_K": [711.1112738715278, 0.0, 255.5, 0.0, 711.1112738715278, 255.5, 0.0, 0.0, 1.0], "cam_R_w2c": [-0.2804737985134125, -0.9598617553710938, 1.2124425552428875e-07, -0.9203813672065735, 0.2689373791217804, -0.28385013341903687, 0.2724568247795105, -0.0796126127243042, -0.9588687419891357], "cam_t_w2c": [-2218.996826171875, -1257571.0, -4280364.5], "depth_scale": 1.0},
  "1": {"cam_K": [711.1112738715278, 0.0, 255.5, 0.0, 711.1112738715278, 255.5, 0.0, 0.0, 1.0], "cam_R_w2c": [0.9551659226417542, 0.2960710823535919, -4.057991702666186e-07, 0.29594627022743225, -0.9547632336616516, -0.02903010882437229, -0.008595363236963749, 0.027728449553251266, -0.9995784163475037], "cam_t_w2c": [-6645.94921875, -136599.1875, -4459502.0], "depth_scale": 1.0}
}