{
  "0": [{"cam_R_m2c": [0.4542525112628937, -0.005764992441982031, -0.8908542394638062, -0.17007260024547577, -0.9821488261222839, -0.08036533743143082, -0.874488353729248, 0.18801605701446533, -0.4471239447593689], "cam_t_m2c": [-407.2136535644531, -139.59288024902344, 878.955322265625], "obj_id": 0}, {"cam_R_m2c": [0.8553963899612427, -0.5179517269134521, -0.004797481931746006, -0.3777795135974884, -0.6301851272583008, 0.678342878818512, -0.35437220335006714, -0.5784395933151245, -0.7347295880317688], "cam_t_m2c": [-2777.979736328125, 14914.7216796875, 19104.482421875], "obj_id": 2}],
  "1": [{"cam_R_m2c": [-0.3217807114124298, 0.832901120185852, 0.45025870203971863, 0.3058580458164215, 0.5414964556694031, -0.7830916047096252, -0.8960513472557068, -0.11426851153373718, -0.4289926290512085], "cam_t_m2c": [292.7591857910156, -300.6882629394531, 493.4949951171875], "obj_id": 0}, {"cam_R_m2c": [-0.25409024953842163, 0.6528823375701904, -0.7135702967643738, 0.8443341255187988, -0.21011701226234436, -0.4929001033306122, -0.47173911333084106, -0.7277330160140991, -0.4978620409965515], "cam_t_m2c": [-6120.7373046875, -6756.34716796875, 22439.068359375], "obj_id": 2}]
}