{
  "0": {"cam_K": [711.1112738715278, 0.0, 255.5, 0.0, 711.1112738715278, 255.5, 0.0, 0.0, 1.0], "cam_R_w2c": [0.7136105298995972, 0.7005426287651062, 2.771823659486472e-08, 0.4506610035896301, -0.45906755328178406, -0.7656118869781494, -0.5363437533378601, 0.5463486909866333, -0.6433026790618896], "cam_t_w2c": [-136.289794921875, -227.728515625, 1024.7264404296875], "depth_scale": 1.0},
  "1": {"cam_K": [711.1112738715278, 0.0, 255.5, 0.0, 711.1112738715278, 255.5, 0.0, 0.0, 1.0], "cam_R_w2c": [0.5473511219024658, 0.8369030952453613, -1.0497323188474184e-07, 0.6046016216278076, -0.3954215347766876, -0.691446840763092, -0.5786740183830261, 0.3784641623497009, -0.7224273681640625], "cam_t_w2c": [-84.85367584228516, -254.89134216308594, 1094.5050048828125], "depth_scale": 1.0}
}