{
  "0": {"cam_K": [711.1112738715278, 0.0, 255.5, 0.0, 711.1112738715278, 255.5, 0.0, 0.0, 1.0], "cam_R_w2c": [0.7682101130485535, -0.6280730366706848, -0.12400607764720917, -0.2098507583141327, -0.06404512375593185, -0.9756336212158203, 0.6048271656036377, 0.7755143642425537, -0.1810017228126526], "cam_t_w2c": [117.5873794555664, -5.686988353729248, 209.28224182128906], "depth_scale": 1.0},
  "1": {"cam_K": [711.1112738715278, 0.0, 255.5, 0.0, 711.1112738715278, 255.5, 0.0, 0.0, 1.0], "cam_R_w2c": [0.3742823004722595, -0.8539183139801025, 0.36157479882240295, -0.05219048261642456, -0.4086957275867462, -0.9111772775650024, 0.9258450269699097, 0.3221668004989624, -0.19753402471542358], "cam_t_w2c": [71.60089874267578, 26.048620223999023, 271.351806640625], "depth_scale": 1.0}
}