{
  "0": {"cam_K": [711.1112738715278, 0.0, 255.5, 0.0, 711.1112738715278, 255.5, 0.0, 0.0, 1.0], "cam_R_w2c": [0.9967148900032043, -0.08099062740802765, 5.409216186080812e-09, -0.052730899304151535, -0.6489352583885193, -0.7590141296386719, 0.06147303804755211, 0.756520688533783, -0.6510741114616394], "cam_t_w2c": [1387.8052978515625, -3394129.25, -2910045.75], "depth_scale": 1.0},
  "1": {"cam_K": [711.1112738715278, 0.0, 255.5, 0.0, 711.1112738715278, 255.5, 0.0, 0.0, 1.0], "cam_R_w2c": [-0.9328495264053345, 0.3602662980556488, 4.30498019454717e-08, 0.21591989696025848, 0.5590886473655701, -0.800498902797699, -0.2883927822113037, -0.7467449903488159, -0.5993342399597168], "cam_t_w2c": [-1215.9722900390625, -3578893.75, -2679431.75], "depth_scale": 1.0}
}