{
  "0": [{"cam_R_m2c": [-0.5063148140907288, -0.831674337387085, -0.22795474529266357, 0.43280500173568726, -0.016438409686088562, -0.901337742805481, 0.7458721995353699, -0.5550205111503601, 0.3682756721973419], "cam_t_m2c": [-6.933211326599121, 16.930513381958008, 1085.99365234375], "obj_id": 2}]
}