{
  "0": {"cam_K": [2346.1825408935547, 0.0, 956.150695733726, 0.0, 2351.0241982895623, 613.6550906152873, 0.0, 0.0, 1.0], "cam_R_w2c": [0.6939183473587036, -0.7200537323951721, 2.8948896613201214e-09, -0.31003132462501526, -0.29877832531929016, -0.9025586843490601, 0.6498907208442688, 0.6263020038604736, -0.4305669963359833], "cam_t_w2c": [-40135.94140625, 7025.87158203125, -13490.0888671875], "depth_scale": 1.0}
}