{
  "0": {"cam_K": [2346.1825408935547, 0.0, 956.150695733726, 0.0, 2351.0241982895623, 613.6550906152873, 0.0, 0.0, 1.0], "cam_R_w2c": [-0.3529757559299469, 0.9356325268745422, 5.4655480141718726e-08, 0.4022841453552246, 0.15176530182361603, -0.9028481841087341, -0.8447340726852417, -0.3186834454536438, -0.42995962500572205], "cam_t_w2c": [-1681.7137451171875, 472.5958557128906, 1063.6053466796875], "depth_scale": 1.0}
}