{
  "0": {"cam_K": [2346.1825408935547, 0.0, 956.150695733726, 0.0, 2351.0241982895623, 613.6550906152873, 0.0, 0.0, 1.0], "cam_R_w2c": [0.9927234053611755, 0.11718502640724182, -0.027712136507034302, 0.05855716019868851, -0.670881450176239, -0.7392492890357971, -0.1052204892039299, 0.7322472929954529, -0.6728616952896118], "cam_t_w2c": [-82.39876556396484, 9.785367012023926, 501.2012634277344], "depth_scale": 1.0},
  "1": {"cam_K": [2346.1825408935547, 0.0, 956.150695733726, 0.0, 2351.0241982895623, 613.6550906152873, 0.0, 0.0, 1.0], "cam_R_w2c": [-0.9987463355064392, -0.02972840890288353, 0.040274158120155334, -0.048879463225603104, 0.7527153491973877, -0.6565290093421936, -0.010797416791319847, -0.6576745510101318, -0.7532248497009277], "cam_t_w2c": [83.62690734863281, 22.376766204833984, 606.6553344726562], "depth_scale": 1.0}
}