{
  "0": {"cam_K": [453.09803602430554, 0.0, 255.5, 0.0, 453.09803602430554, 255.5, 0.0, 0.0, 1.0], "cam_R_w2c": [0.8564454317092896, 0.3586088716983795, 0.37135007977485657, 0.5162304639816284, -0.5986905694007874, -0.6124342083930969, 0.002699441509321332, 0.7162187099456787, -0.697870671749115], "cam_t_w2c": [-157.833984375, -44.814308166503906, 270.3818054199219], "depth_scale": 1.0},
  "1": {"cam_K": [453.09803602430554, 0.0, 255.5, 0.0, 453.09803602430554, 255.5, 0.0, 0.0, 1.0], "cam_R_w2c": [0.8564454317092896, 0.3586088716983795, 0.37135007977485657, 0.5162304639816284, -0.5986905694007874, -0.6124342083930969, 0.002699441509321332, 0.7162187099456787, -0.697870671749115], "cam_t_w2c": [-157.833984375, -44.814308166503906, 270.3818054199219], "depth_scale": 1.0},
  "2": {"cam_K": [453.09803602430554, 0.0, 255.5, 0.0, 453.09803602430554, 255.5, 0.0, 0.0, 1.0], "cam_R_w2c": [0.8564454317092896, 0.3586088716983795, 0.37135007977485657, 0.5162304639816284, -0.5986905694007874, -0.6124342083930969, 0.002699441509321332, 0.7162187099456787, -0.697870671749115], "cam_t_w2c": [-157.833984375, -44.814308166503906, 270.3818054199219], "depth_scale": 1.0},
  "3": {"cam_K": [711.1112738715278, 0.0, 255.5, 0.0, 711.1112738715278, 255.5, 0.0, 0.0, 1.0], "cam_R_w2c": [-0.10048514604568481, 0.9941040277481079, -0.040742404758930206, 0.990742564201355, 0.0962204858660698, -0.09576433151960373, -0.09127945452928543, -0.049988120794296265, -0.9945699572563171], "cam_t_w2c": [-119.3407974243164, -179.4985809326172, 735.0892944335938], "depth_scale": 1.0},
  "4": {"cam_K": [711.1112738715278, 0.0, 255.5, 0.0, 711.1112738715278, 255.5, 0.0, 0.0, 1.0], "cam_R_w2c": [-0.10048514604568481, 0.9941040277481079, -0.040742404758930206, 0.990742564201355, 0.0962204858660698, -0.09576433151960373, -0.09127945452928543, -0.049988120794296265, -0.9945699572563171], "cam_t_w2c": [-119.3407974243164, -179.4985809326172, 735.0892944335938], "depth_scale": 1.0}
}