{
  "0": {"cam_K": [2346.1825408935547, 0.0, 956.150695733726, 0.0, 2351.0241982895623, 613.6550906152873, 0.0, 0.0, 1.0], "cam_R_w2c": [-0.026941997930407524, 0.9995452761650085, 0.013546643778681755, 0.47213396430015564, 0.024668430909514427, -0.8811816573143005, -0.8811150789260864, -0.017344918102025986, -0.47258391976356506], "cam_t_w2c": [14.147424697875977, -9.063495635986328, 577.6395263671875], "depth_scale": 1.0},
  "1": {"cam_K": [2346.1825408935547, 0.0, 956.150695733726, 0.0, 2351.0241982895623, 613.6550906152873, 0.0, 0.0, 1.0], "cam_R_w2c": [-0.9774280190467834, 0.20479285717010498, -0.0519084706902504, 0.17315331101417542, 0.6357566118240356, -0.752217710018158, -0.12104765325784683, -0.7442267537117004, -0.6568669080734253], "cam_t_w2c": [105.3931655883789, 26.251956939697266, 601.1917114257812], "depth_scale": 1.0}
}