{
  "0": {"cam_K": [711.1112738715278, 0.0, 255.5, 0.0, 711.1112738715278, 255.5, 0.0, 0.0, 1.0], "cam_R_w2c": [0.17279869318008423, 0.9849571585655212, 2.723513148339407e-08, 0.43281418085098267, -0.07593192160129547, -0.89827960729599, -0.8847669363021851, 0.15522153675556183, -0.4394243657588959], "cam_t_w2c": [421.3833923339844, -4028957.0, -1970483.875], "depth_scale": 1.0},
  "1": {"cam_K": [711.1112738715278, 0.0, 255.5, 0.0, 711.1112738715278, 255.5, 0.0, 0.0, 1.0], "cam_R_w2c": [-0.9349138736724854, -0.3548751473426819, 1.9149464947076922e-07, -0.2376115918159485, 0.6259840130805969, -0.7427548766136169, 0.26358509063720703, -0.6944117546081543, -0.6695637106895447], "cam_t_w2c": [-435.01544189453125, -3331336.75, -3002518.25], "depth_scale": 1.0}
}