{
  "0": [{"cam_R_m2c": [-0.15946994721889496, 0.9770859479904175, -0.1409682184457779, -0.4827209711074829, -0.20173822343349457, -0.8522217273712158, -0.8611326813697815, -0.06785555183887482, 0.5038313269615173], "cam_t_m2c": [-0.0008362398948520422, -0.00017881393432617188, 1055.0562744140625], "obj_id": 1}]
}