{
  "0": {"cam_K": [2346.1825408935547, 0.0, 956.150695733726, 0.0, 2351.0241982895623, 613.6550906152873, 0.0, 0.0, 1.0], "cam_R_w2c": [0.4395553469657898, 0.8982155323028564, -9.867678585351314e-08, 0.3849319517612457, -0.18837246298789978, -0.9035172462463379, -0.8115531802177429, 0.3971458375453949, -0.4285520017147064], "cam_t_w2c": [-12654.9765625, 26988.318359375, 9561.2998046875], "depth_scale": 1.0}
}