{
  "0": {"cam_K": [711.1112738715278, 0.0, 255.5, 0.0, 711.1112738715278, 255.5, 0.0, 0.0, 1.0], "cam_R_w2c": [0.9545126557350159, 0.2981703281402588, 7.128220147478714e-08, 0.11550787091255188, -0.3697674572467804, -0.9219164848327637, -0.2748880982398987, 0.8799810409545898, -0.3873887360095978], "cam_t_w2c": [446.4011535644531, -4135139.25, -1736922.75], "depth_scale": 1.0},
  "1": {"cam_K": [711.1112738715278, 0.0, 255.5, 0.0, 711.1112738715278, 255.5, 0.0, 0.0, 1.0], "cam_R_w2c": [-0.9585095047950745, -0.28506073355674744, 5.3106983699535704e-08, -0.2466573864221573, 0.8293790221214294, -0.501288890838623, 0.14289772510528564, -0.48049014806747437, -0.8652800917625427], "cam_t_w2c": [-449.6925354003906, -2248748.5, -3880070.25], "depth_scale": 1.0}
}