{
  "0": {"cam_K": [711.1112738715278, 0.0, 255.5, 0.0, 711.1112738715278, 255.5, 0.0, 0.0, 1.0], "cam_R_w2c": [-0.6743336915969849, 0.6174858808517456, 0.4049510061740875, 0.09068216383457184, 0.613494336605072, -0.7844752669334412, -0.7328375577926636, -0.49227625131607056, -0.4696948528289795], "cam_t_w2c": [-187.6610565185547, -28.106660842895508, 682.2544555664062], "depth_scale": 1.0},
  "1": {"cam_K": [711.1112738715278, 0.0, 255.5, 0.0, 711.1112738715278, 255.5, 0.0, 0.0, 1.0], "cam_R_w2c": [-0.5986974239349365, 0.7608368992805481, 0.2503776252269745, 0.30892372131347656, 0.5077427625656128, -0.8042160868644714, -0.7390046715736389, -0.4041343629360199, -0.5390248894691467], "cam_t_w2c": [-198.3422088623047, 1.4079664945602417, 663.50830078125], "depth_scale": 1.0},
  "2": {"cam_K": [711.1112738715278, 0.0, 255.5, 0.0, 711.1112738715278, 255.5, 0.0, 0.0, 1.0], "cam_R_w2c": [-0.5986974239349365, 0.7608368992805481, 0.2503776252269745, 0.30892372131347656, 0.5077427625656128, -0.8042160868644714, -0.7390046715736389, -0.4041343629360199, -0.5390248894691467], "cam_t_w2c": [-198.3422088623047, 1.4079664945602417, 663.50830078125], "depth_scale": 1.0}
}