{
  "0": {"cam_K": [711.1112738715278, 0.0, 255.5, 0.0, 711.1112738715278, 255.5, 0.0, 0.0, 1.0], "cam_R_w2c": [0.905789315700531, -0.420938104391098, -0.04854698106646538, -0.2609468698501587, -0.4638764560222626, -0.8465965986251831, 0.333844929933548, 0.7795063853263855, -0.5300168395042419], "cam_t_w2c": [-19.653486251831055, -97.62175750732422, 505.48089599609375], "depth_scale": 1.0},
  "1": {"cam_K": [711.1112738715278, 0.0, 255.5, 0.0, 711.1112738715278, 255.5, 0.0, 0.0, 1.0], "cam_R_w2c": [0.8478698134422302, 0.530189037322998, 0.00404639495536685, 0.28174683451652527, -0.44407379627227783, -0.8505394458770752, -0.4491497874259949, 0.7222867608070374, -0.525895893573761], "cam_t_w2c": [212.24964904785156, -10.867125511169434, 343.1821594238281], "depth_scale": 1.0}
}