{
  "0": {"cam_K": [2346.1825408935547, 0.0, 956.150695733726, 0.0, 2351.0241982895623, 613.6550906152873, 0.0, 0.0, 1.0], "cam_R_w2c": [0.8517951965332031, -0.5238748788833618, -8.223709713206517e-09, -0.2286408245563507, -0.37175896763801575, -0.8997325897216797, 0.47134730219841003, 0.766387939453125, -0.43644168972969055], "cam_t_w2c": [-60.13310623168945, -91.0334243774414, 1390.325439453125], "depth_scale": 1.0}
}