{
  "0": [{"cam_R_m2c": [-0.031158024445176125, -0.7561919093132019, -0.6536076068878174, -0.9988778233528137, 0.04689393937587738, -0.006636596750468016, 0.035668764263391495, 0.6526673436164856, -0.7568044662475586], "cam_t_m2c": [-57.33483123779297, -3.238778591156006, 1094.772216796875], "obj_id": 3}]
}