{
  "0": {"cam_K": [711.1112738715278, 0.0, 255.5, 0.0, 711.1112738715278, 255.5, 0.0, 0.0, 1.0], "cam_R_w2c": [-0.9672375917434692, -0.25387251377105713, 3.46832820241616e-08, -0.08415988832712173, 0.3206436038017273, -0.9434536099433899, 0.23951692879199982, -0.9125438928604126, -0.33150437474250793], "cam_t_w2c": [-4.13223934173584, -4231858.0, -1485943.625], "depth_scale": 1.0},
  "1": {"cam_K": [711.1112738715278, 0.0, 255.5, 0.0, 711.1112738715278, 255.5, 0.0, 0.0, 1.0], "cam_R_w2c": [-0.20879584550857544, 0.9779593348503113, -3.060197570903256e-07, 0.4529913663864136, 0.09671401232481003, -0.8862535357475281, -0.8667198419570923, -0.18504613637924194, -0.4632006287574768], "cam_t_w2c": [-55.3392333984375, -3975267.0, -2076859.125], "depth_scale": 1.0}
}