{
  "0": {"cam_K": [2346.1825408935547, 0.0, 956.150695733726, 0.0, 2351.0241982895623, 613.6550906152873, 0.0, 0.0, 1.0], "cam_R_w2c": [0.3278313875198364, -0.9447362422943115, 1.8526425549225678e-07, -0.7839261889457703, -0.2720291018486023, -0.5580859780311584, 0.5272440910339355, 0.1829579621553421, -0.8297832012176514], "cam_t_w2c": [-129.60206604003906, -143.13665771484375, 399.8613586425781], "depth_scale": 1.0},
  "1": {"cam_K": [2346.1825408935547, 0.0, 956.150695733726, 0.0, 2351.0241982895623, 613.6550906152873, 0.0, 0.0, 1.0], "cam_R_w2c": [0.5871644616127014, 0.8094677329063416, 1.0999686494983507e-08, 0.6476982235908508, -0.46982163190841675, -0.5997956395149231, -0.48551517724990845, 0.352178692817688, -0.800153374671936], "cam_t_w2c": [229.1750030517578, 12.615243911743164, 303.0690612792969], "depth_scale": 1.0}
}