{
  "0": {"cam_K": [711.1112738715278, 0.0, 255.5, 0.0, 711.1112738715278, 255.5, 0.0, 0.0, 1.0], "cam_R_w2c": [0.17734822630882263, 0.9095503091812134, -0.37585362792015076, 0.5466171503067017, -0.4086191654205322, -0.7309174537658691, -0.8183870911598206, -0.07582107186317444, -0.5696437358856201], "cam_t_w2c": [183.6552734375, -67.54798889160156, 236.19039916992188], "depth_scale": 1.0}
}