{
  "0": {"cam_K": [711.1112738715278, 0.0, 255.5, 0.0, 711.1112738715278, 255.5, 0.0, 0.0, 1.0], "cam_R_w2c": [0.8732280135154724, -0.4873118996620178, -5.426682037068531e-08, -0.35069212317466736, -0.6284151077270508, -0.6943411231040955, 0.33836063742637634, 0.6063181161880493, -0.7196460962295532], "cam_t_w2c": [-188.57923889160156, -3114225.5, -3227435.75], "depth_scale": 1.0},
  "1": {"cam_K": [711.1112738715278, 0.0, 255.5, 0.0, 711.1112738715278, 255.5, 0.0, 0.0, 1.0], "cam_R_w2c": [0.9907236695289612, -0.135891854763031, -1.1600667093603079e-09, -0.050269126892089844, -0.36648866534233093, -0.929063618183136, 0.1262521743774414, 0.9204453229904175, -0.36992016434669495], "cam_t_w2c": [-295.04998779296875, -4167220.75, -1658607.375], "depth_scale": 1.0}
}