{
  "0": {"cam_K": [711.1112738715278, 0.0, 255.5, 0.0, 711.1112738715278, 255.5, 0.0, 0.0, 1.0], "cam_R_w2c": [-0.6157637238502502, 0.7748991250991821, -0.14271102845668793, 0.6896901726722717, 0.44249388575553894, -0.5731724500656128, -0.3810020685195923, -0.451365202665329, -0.8069120049476624], "cam_t_w2c": [160.99961853027344, 170.7106475830078, 1074.443603515625], "depth_scale": 1.0},
  "1": {"cam_K": [711.1112738715278, 0.0, 255.5, 0.0, 711.1112738715278, 255.5, 0.0, 0.0, 1.0], "cam_R_w2c": [-0.6157637238502502, 0.7748991250991821, -0.14271102845668793, 0.6896901726722717, 0.44249388575553894, -0.5731724500656128, -0.3810020685195923, -0.451365202665329, -0.8069120049476624], "cam_t_w2c": [160.99961853027344, 170.7106475830078, 1074.443603515625], "depth_scale": 1.0},
  "2": {"cam_K": [711.1112738715278, 0.0, 255.5, 0.0, 711.1112738715278, 255.5, 0.0, 0.0, 1.0], "cam_R_w2c": [-0.6157637238502502, 0.7748991250991821, -0.14271102845668793, 0.6896901726722717, 0.44249388575553894, -0.5731724500656128, -0.3810020685195923, -0.451365202665329, -0.8069120049476624], "cam_t_w2c": [160.99961853027344, 170.7106475830078, 1074.443603515625], "depth_scale": 1.0},
  "3": {"cam_K": [711.1112738715278, 0.0, 255.5, 0.0, 711.1112738715278, 255.5, 0.0, 0.0, 1.0], "cam_R_w2c": [-0.6157637238502502, 0.7748991250991821, -0.14271102845668793, 0.6896901726722717, 0.44249388575553894, -0.5731724500656128, -0.3810020685195923, -0.451365202665329, -0.8069120049476624], "cam_t_w2c": [160.99961853027344, 170.7106475830078, 1074.443603515625], "depth_scale": 1.0},
  "4": {"cam_K": [711.1112738715278, 0.0, 255.5, 0.0, 711.1112738715278, 255.5, 0.0, 0.0, 1.0], "cam_R_w2c": [-0.6157637238502502, 0.7748991250991821, -0.14271102845668793, 0.6896901726722717, 0.44249388575553894, -0.5731724500656128, -0.3810020685195923, -0.451365202665329, -0.8069120049476624], "cam_t_w2c": [160.99961853027344, 170.7106475830078, 1074.443603515625], "depth_scale": 1.0}
}