{
  "0": [{"cam_R_m2c": [-0.4344339370727539, -0.14040398597717285, 0.8896929025650024, -0.892353355884552, -0.06709671020507812, -0.44632184505462646, 0.12236098200082779, -0.9878180027008057, -0.09614067524671555], "cam_t_m2c": [515.6010131835938, 361.65338134765625, 1394.804931640625], "obj_id": 0}, {"cam_R_m2c": [-0.24820351600646973, 0.9261055588722229, 0.2841185927391052, 0.07916908711194992, -0.272922545671463, 0.9587728977203369, 0.9654673337936401, 0.26046425104141235, -0.005578529555350542], "cam_t_m2c": [137.4367218017578, 401.50604248046875, 1107.4278564453125], "obj_id": 2}],
  "1": [{"cam_R_m2c": [0.6729874610900879, -0.679029107093811, 0.293270081281662, -0.7349482178688049, -0.5692424178123474, 0.3685295581817627, -0.08330050110816956, -0.4635540843009949, -0.8821442723274231], "cam_t_m2c": [21.77960968017578, 709.1400756835938, 989.4451904296875], "obj_id": 0}, {"cam_R_m2c": [0.6297187209129333, 0.4351727366447449, -0.6434897184371948, 0.283316969871521, 0.6426454186439514, 0.7118555903434753, 0.7233158349990845, -0.6305803060531616, 0.28139400482177734], "cam_t_m2c": [-238.2090606689453, 329.7025451660156, 1114.800537109375], "obj_id": 2}]
}