{
  "0": {"cam_K": [711.1112738715278, 0.0, 255.5, 0.0, 711.1112738715278, 255.5, 0.0, 0.0, 1.0], "cam_R_w2c": [0.33518359065055847, -0.9421528577804565, -2.4425794720173144e-10, -0.6475218534469604, -0.23036465048789978, -0.7263935804367065, 0.6843737959861755, 0.24347521364688873, -0.6872789859771729], "cam_t_w2c": [332.46478271484375, -3258035.75, -3081694.75], "depth_scale": 1.0},
  "1": {"cam_K": [711.1112738715278, 0.0, 255.5, 0.0, 711.1112738715278, 255.5, 0.0, 0.0, 1.0], "cam_R_w2c": [0.961642861366272, 0.2743045389652252, -3.025344952334308e-08, 0.19985201954841614, -0.7006310224533081, -0.6849636435508728, -0.18788868188858032, 0.6586903929710388, -0.728577196598053], "cam_t_w2c": [-98.7690200805664, -3072043.75, -3267157.25], "depth_scale": 1.0}
}