{
  "0": {"cam_K": [711.1112738715278, 0.0, 255.5, 0.0, 711.1112738715278, 255.5, 0.0, 0.0, 1.0], "cam_R_w2c": [0.9994144439697266, 0.034217122942209244, 6.018899156856605e-09, 0.02023335173726082, -0.5909760594367981, -0.8064354062080383, -0.02759389579296112, 0.8059632182121277, -0.5913223028182983], "cam_t_w2c": [8.97476577758789, -3617626.75, -2651274.0], "depth_scale": 1.0},
  "1": {"cam_K": [711.1112738715278, 0.0, 255.5, 0.0, 711.1112738715278, 255.5, 0.0, 0.0, 1.0], "cam_R_w2c": [-0.9589515328407288, 0.2835697531700134, -4.9944663516043875e-08, 0.15460701286792755, 0.5228365063667297, -0.8382951021194458, -0.23771511018276215, -0.8038844466209412, -0.5452167391777039], "cam_t_w2c": [88.40853118896484, -3760199.25, -2444876.5], "depth_scale": 1.0}
}