{
  "0": {"cam_K": [711.1112738715278, 0.0, 255.5, 0.0, 711.1112738715278, 255.5, 0.0, 0.0, 1.0], "cam_R_w2c": [0.46641427278518677, -0.8845664262771606, 1.3952465849342843e-09, -0.4617317318916321, -0.2434619665145874, -0.8529537320137024, 0.7544942498207092, 0.3978298008441925, -0.5219865441322327], "cam_t_w2c": [71.63935852050781, -3826052.25, -2340378.5], "depth_scale": 1.0},
  "1": {"cam_K": [711.1112738715278, 0.0, 255.5, 0.0, 711.1112738715278, 255.5, 0.0, 0.0, 1.0], "cam_R_w2c": [0.7410231828689575, -0.6714794635772705, -1.5388680552064216e-08, -0.602957010269165, -0.6654041409492493, -0.4400913715362549, 0.29551228880882263, 0.32611793279647827, -0.8979531526565552], "cam_t_w2c": [99.50243377685547, -1974128.25, -4027093.0], "depth_scale": 1.0}
}