{
  "0": {"cam_K": [711.1112738715278, 0.0, 255.5, 0.0, 711.1112738715278, 255.5, 0.0, 0.0, 1.0], "cam_R_w2c": [0.9930271506309509, 0.11788565665483475, 1.0651845627762668e-08, 0.114365354180336, -0.9633735418319702, -0.24255356192588806, -0.028593573719263077, 0.24086228013038635, -0.9701381325721741], "cam_t_w2c": [-1853.1939697265625, -1087207.0, -4349777.5], "depth_scale": 1.0},
  "1": {"cam_K": [711.1112738715278, 0.0, 255.5, 0.0, 711.1112738715278, 255.5, 0.0, 0.0, 1.0], "cam_R_w2c": [-0.7377339005470276, 0.6750918030738831, -1.1750286432743451e-07, 0.13110783696174622, 0.14327314496040344, -0.9809606075286865, -0.662238359451294, -0.7236877679824829, -0.19420738518238068], "cam_t_w2c": [842.5504150390625, -4399233.5, -868412.25], "depth_scale": 1.0}
}