{
  "0": {"cam_K": [711.1112738715278, 0.0, 255.5, 0.0, 711.1112738715278, 255.5, 0.0, 0.0, 1.0], "cam_R_w2c": [-0.25229936838150024, -0.9676492214202881, 1.4375746104633436e-07, -0.578480064868927, 0.1508295238018036, -0.8016303777694702, 0.7756969928741455, -0.20225092768669128, -0.597819983959198], "cam_t_w2c": [3.5165812969207764, -3595745.5, -2680455.5], "depth_scale": 1.0},
  "1": {"cam_K": [711.1112738715278, 0.0, 255.5, 0.0, 711.1112738715278, 255.5, 0.0, 0.0, 1.0], "cam_R_w2c": [0.2788084149360657, -0.9603466987609863, -1.2490941969645064e-07, -0.9095489382743835, -0.2640605866909027, -0.3209246098995209, 0.3081988990306854, 0.089476577937603, -0.9471046328544617], "cam_t_w2c": [19.92970848083496, -1439539.0, -4247496.5], "depth_scale": 1.0}
}