{
  "0": {"cam_K": [711.1112738715278, 0.0, 255.5, 0.0, 711.1112738715278, 255.5, 0.0, 0.0, 1.0], "cam_R_w2c": [-0.1019936203956604, 0.9947851300239563, -7.818488967359372e-08, 0.678865909576416, 0.06960282474756241, -0.730955958366394, -0.7271440625190735, -0.07455285638570786, -0.682424783706665], "cam_t_w2c": [-157.92274475097656, 107.8907470703125, 769.2532958984375], "depth_scale": 1.0},
  "1": {"cam_K": [711.1112738715278, 0.0, 255.5, 0.0, 711.1112738715278, 255.5, 0.0, 0.0, 1.0], "cam_R_w2c": [-0.3155050277709961, 0.9489238858222961, -8.521588767962385e-08, 0.4291307330131531, 0.14268043637275696, -0.8919019103050232, -0.8463470339775085, -0.28139960765838623, -0.4522287845611572], "cam_t_w2c": [-168.8480987548828, 89.66580200195312, 786.1992797851562], "depth_scale": 1.0}
}