{
  "0": {"cam_K": [711.1112738715278, 0.0, 255.5, 0.0, 711.1112738715278, 255.5, 0.0, 0.0, 1.0], "cam_R_w2c": [0.5100494623184204, 0.860145092010498, 2.036190096532664e-07, 0.8170220851898193, -0.48447832465171814, -0.31265923380851746, -0.26893219351768494, 0.15947183966636658, -0.949865460395813], "cam_t_w2c": [2787.8369140625, -1387689.75, -4212796.0], "depth_scale": 1.0},
  "1": {"cam_K": [711.1112738715278, 0.0, 255.5, 0.0, 711.1112738715278, 255.5, 0.0, 0.0, 1.0], "cam_R_w2c": [-0.9143508672714233, 0.4049227833747864, -6.142190045466123e-08, 0.20560471713542938, 0.46427321434020996, -0.8614969849586487, -0.34883973002433777, -0.7877105474472046, -0.5077626705169678], "cam_t_w2c": [363.8927917480469, -3820347.5, -2254190.25], "depth_scale": 1.0}
}