{
  "0": [{"cam_R_m2c": [-0.11077266931533813, -0.548218309879303, 0.8289669156074524, -0.7197000980377197, 0.6194736361503601, 0.31350311636924744, -0.6853913068771362, -0.5618799924850464, -0.4631735384464264], "cam_t_m2c": [2705.336181640625, 14684.998046875, 47792.97265625], "obj_id": 0}, {"cam_R_m2c": [0.8561692237854004, 0.2371569573879242, 0.45905426144599915, 0.4181688129901886, 0.20381315052509308, -0.8852090239524841, -0.30349478125572205, 0.9498509168624878, 0.07532690465450287], "cam_t_m2c": [234.38436889648438, -382.611572265625, 936.35400390625], "obj_id": 0}],
  "1": [{"cam_R_m2c": [0.47912052273750305, -0.694019615650177, -0.5373828411102295, -0.7824304103851318, -0.6151584386825562, 0.09686487913131714, -0.3978016972541809, 0.3740547001361847, -0.8377570509910583], "cam_t_m2c": [418.6650085449219, 43817.203125, 23419.83203125], "obj_id": 0}, {"cam_R_m2c": [-0.5897418856620789, 0.07465984672307968, 0.8041332364082336, 0.2664715647697449, 0.9579423069953918, 0.10648687928915024, -0.7623629570007324, 0.27707844972610474, -0.5848334431648254], "cam_t_m2c": [374.8973693847656, 149.69271850585938, 576.823974609375], "obj_id": 0}]
}