{
  "0": {"cam_K": [711.1112738715278, 0.0, 255.5, 0.0, 711.1112738715278, 255.5, 0.0, 0.0, 1.0], "cam_R_w2c": [-0.4104363024234772, 0.9118893146514893, -9.031959535832357e-08, 0.8973544836044312, 0.40389418601989746, -0.17783276736736298, -0.16216374933719635, -0.0729890987277031, -0.9840607643127441], "cam_t_w2c": [-39.532920837402344, -68.53723907470703, 1045.0732421875], "depth_scale": 1.0},
  "1": {"cam_K": [711.1112738715278, 0.0, 255.5, 0.0, 711.1112738715278, 255.5, 0.0, 0.0, 1.0], "cam_R_w2c": [-0.19931776821613312, -0.9799349904060364, 6.389618647517636e-07, -0.97673499584198, 0.19866666197776794, -0.08074934780597687, 0.07912898063659668, -0.016095396131277084, -0.996734619140625], "cam_t_w2c": [105.8756103515625, 104.56322479248047, 1346.5400390625], "depth_scale": 1.0}
}