{
  "0": {"cam_K": [711.1112738715278, 0.0, 255.5, 0.0, 711.1112738715278, 255.5, 0.0, 0.0, 1.0], "cam_R_w2c": [0.8108186721801758, -0.5852974057197571, 6.902673277409122e-08, -0.5371571779251099, -0.7441296577453613, -0.39715656638145447, 0.23245476186275482, 0.3220219314098358, -0.9177509546279907], "cam_t_w2c": [-25.119287490844727, -1781149.0, -4115991.75], "depth_scale": 1.0},
  "1": {"cam_K": [711.1112738715278, 0.0, 255.5, 0.0, 711.1112738715278, 255.5, 0.0, 0.0, 1.0], "cam_R_w2c": [-0.3826988637447357, 0.9238731861114502, -2.3515710267929535e-07, 0.6774256229400635, 0.28061190247535706, -0.6799643635749817, -0.6282007694244385, -0.2602217197418213, -0.7332452535629272], "cam_t_w2c": [-159.9658966064453, -3050236.0, -3288057.25], "depth_scale": 1.0}
}