{
  "0": [{"cam_R_m2c": [0.2788792550563812, -0.9365877509117126, 0.21220193803310394, -0.8710657954216003, -0.1536731868982315, 0.4665071368217468, -0.40431514382362366, -0.31494101881980896, -0.8586858510971069], "cam_t_m2c": [-538.2064208984375, 1605.6566162109375, 1476.45947265625], "obj_id": 3}]
}