{
  "0": {"cam_K": [2346.1825408935547, 0.0, 956.150695733726, 0.0, 2351.0241982895623, 613.6550906152873, 0.0, 0.0, 1.0], "cam_R_w2c": [-0.919526219367981, -0.3930286467075348, 3.542326254546424e-08, -0.29831069707870483, 0.6979249715805054, -0.651084840297699, 0.2558949589729309, -0.5986895561218262, -0.7590049505233765], "cam_t_w2c": [-69238.921875, 55949.9375, 26411.455078125], "depth_scale": 1.0}
}