{
  "0": {"cam_K": [711.1112738715278, 0.0, 255.5, 0.0, 711.1112738715278, 255.5, 0.0, 0.0, 1.0], "cam_R_w2c": [-0.6533434391021729, -0.6872645616531372, -0.31750568747520447, -0.2600741684436798, 0.5976195931434631, -0.7584275007247925, 0.7109879851341248, -0.41293856501579285, -0.5691906213760376], "cam_t_w2c": [-437.0378112792969, 269.6912841796875, 129.3455047607422], "depth_scale": 1.0},
  "1": {"cam_K": [711.1112738715278, 0.0, 255.5, 0.0, 711.1112738715278, 255.5, 0.0, 0.0, 1.0], "cam_R_w2c": [-0.6533434391021729, -0.6872645616531372, -0.31750568747520447, -0.2600741684436798, 0.5976195931434631, -0.7584275007247925, 0.7109879851341248, -0.41293856501579285, -0.5691906213760376], "cam_t_w2c": [-437.0378112792969, 269.6912841796875, 129.3455047607422], "depth_scale": 1.0},
  "2": {"cam_K": [711.1112738715278, 0.0, 255.5, 0.0, 711.1112738715278, 255.5, 0.0, 0.0, 1.0], "cam_R_w2c": [-0.6533434391021729, -0.6872645616531372, -0.31750568747520447, -0.2600741684436798, 0.5976195931434631, -0.7584275007247925, 0.7109879851341248, -0.41293856501579285, -0.5691906213760376], "cam_t_w2c": [-437.0378112792969, 269.6912841796875, 129.3455047607422], "depth_scale": 1.0},
  "3": {"cam_K": [711.1112738715278, 0.0, 255.5, 0.0, 711.1112738715278, 255.5, 0.0, 0.0, 1.0], "cam_R_w2c": [-0.6533434391021729, -0.6872645616531372, -0.31750568747520447, -0.2600741684436798, 0.5976195931434631, -0.7584275007247925, 0.7109879851341248, -0.41293856501579285, -0.5691906213760376], "cam_t_w2c": [-437.0378112792969, 269.6912841796875, 129.3455047607422], "depth_scale": 1.0},
  "4": {"cam_K": [711.1112738715278, 0.0, 255.5, 0.0, 711.1112738715278, 255.5, 0.0, 0.0, 1.0], "cam_R_w2c": [-0.6533434391021729, -0.6872645616531372, -0.31750568747520447, -0.2600741684436798, 0.5976195931434631, -0.7584275007247925, 0.7109879851341248, -0.41293856501579285, -0.5691906213760376], "cam_t_w2c": [-437.0378112792969, 269.6912841796875, 129.3455047607422], "depth_scale": 1.0}
}