{
  "0": {"cam_K": [711.1112738715278, 0.0, 255.5, 0.0, 711.1112738715278, 255.5, 0.0, 0.0, 1.0], "cam_R_w2c": [0.12578007578849792, -0.9920581579208374, -2.0967429747997812e-07, -0.8685852885246277, -0.11012527346611023, -0.4831480383872986, 0.47931092977523804, 0.06077058985829353, -0.87553870677948], "cam_t_w2c": [-363.4252624511719, -2166852.25, -3926642.25], "depth_scale": 1.0},
  "1": {"cam_K": [711.1112738715278, 0.0, 255.5, 0.0, 711.1112738715278, 255.5, 0.0, 0.0, 1.0], "cam_R_w2c": [-0.5305306315422058, 0.8476657271385193, -1.5585193580136547e-07, 0.5234264731407166, 0.32759809494018555, -0.7865775227546692, -0.6667547821998596, -0.41730356216430664, -0.6174915432929993], "cam_t_w2c": [494.62286376953125, -3528383.0, -2768799.25], "depth_scale": 1.0}
}