{
  "0": [{"cam_R_m2c": [0.13105449080467224, 0.7634639143943787, 0.6324141621589661, 0.8083493113517761, 0.2870115339756012, -0.513999879360199, -0.5739305019378662, 0.5785735249519348, -0.5795313119888306], "cam_t_m2c": [-931.8438720703125, 2683.6328125, 23612.0625], "obj_id": 0}, {"cam_R_m2c": [0.030822737142443657, 0.5899236798286438, -0.8068704605102539, 0.1721881628036499, -0.7983191609382629, -0.5770940184593201, -0.9845816493034363, -0.12114596366882324, -0.1261841356754303], "cam_t_m2c": [-324.3562927246094, -260.7798156738281, 656.30810546875], "obj_id": 2}],
  "1": [{"cam_R_m2c": [-0.43209680914878845, 0.6644749641418457, 0.6097256541252136, 0.8061336874961853, 0.5876778364181519, -0.0691612958908081, -0.4042781889438629, 0.4616359770298004, -0.7895893454551697], "cam_t_m2c": [4335.1875, -66.76634216308594, 23666.802734375], "obj_id": 0}, {"cam_R_m2c": [-0.3302745819091797, 0.8363115787506104, -0.4376084506511688, 0.24440161883831024, -0.37204086780548096, -0.8954624533653259, -0.9116940498352051, -0.40270093083381653, -0.0815199688076973], "cam_t_m2c": [-173.7416229248047, -381.1712341308594, 960.5167846679688], "obj_id": 2}]
}