{
  "0": {"cam_K": [711.1112738715278, 0.0, 255.5, 0.0, 711.1112738715278, 255.5, 0.0, 0.0, 1.0], "cam_R_w2c": [0.08833882212638855, -0.9960905313491821, -1.390501296327784e-07, -0.857406735420227, -0.07603964954614639, -0.508991003036499, 0.5070010423660278, 0.04496381804347038, -0.8607720136642456], "cam_t_w2c": [-749.8243408203125, -2280233.25, -3837433.25], "depth_scale": 1.0},
  "1": {"cam_K": [711.1112738715278, 0.0, 255.5, 0.0, 711.1112738715278, 255.5, 0.0, 0.0, 1.0], "cam_R_w2c": [0.6200444102287292, -0.7845667600631714, -1.0599437416658475e-07, -0.7305757403373718, -0.5773752331733704, -0.36455053091049194, 0.2860141396522522, 0.22603759169578552, -0.9311836957931519], "cam_t_w2c": [4396.17041015625, -1635021.75, -4153210.0], "depth_scale": 1.0}
}