{
  "0": {"cam_K": [711.1112738715278, 0.0, 255.5, 0.0, 711.1112738715278, 255.5, 0.0, 0.0, 1.0], "cam_R_w2c": [-0.3168960511684418, 0.8423731327056885, -0.4358721077442169, 0.4638243615627289, -0.26321980357170105, -0.845920979976654, -0.8273112773895264, -0.4702371060848236, -0.3072998523712158], "cam_t_w2c": [93.30905151367188, 356.29364013671875, 394.04168701171875], "depth_scale": 1.0},
  "1": {"cam_K": [711.1112738715278, 0.0, 255.5, 0.0, 711.1112738715278, 255.5, 0.0, 0.0, 1.0], "cam_R_w2c": [-0.3168960511684418, 0.8423731327056885, -0.4358721077442169, 0.4638243615627289, -0.26321980357170105, -0.845920979976654, -0.8273112773895264, -0.4702371060848236, -0.3072998523712158], "cam_t_w2c": [93.30905151367188, 356.29364013671875, 394.04168701171875], "depth_scale": 1.0},
  "2": {"cam_K": [711.1112738715278, 0.0, 255.5, 0.0, 711.1112738715278, 255.5, 0.0, 0.0, 1.0], "cam_R_w2c": [0.11973478645086288, 0.9877319931983948, -0.10024624317884445, 0.6439396142959595, -0.1541166752576828, -0.7493931651115417, -0.7556490898132324, 0.025175975635647774, -0.6544928550720215], "cam_t_w2c": [38.71755599975586, 294.15570068359375, 578.1045532226562], "depth_scale": 1.0},
  "3": {"cam_K": [711.1112738715278, 0.0, 255.5, 0.0, 711.1112738715278, 255.5, 0.0, 0.0, 1.0], "cam_R_w2c": [0.11973478645086288, 0.9877319931983948, -0.10024624317884445, 0.6439396142959595, -0.1541166752576828, -0.7493931651115417, -0.7556490898132324, 0.025175975635647774, -0.6544928550720215], "cam_t_w2c": [38.71755599975586, 294.15570068359375, 578.1045532226562], "depth_scale": 1.0},
  "4": {"cam_K": [711.1112738715278, 0.0, 255.5, 0.0, 711.1112738715278, 255.5, 0.0, 0.0, 1.0], "cam_R_w2c": [-0.31926167011260986, -0.9359529614448547, -0.14853933453559875, -0.1872466653585434, 0.21595434844493866, -0.9582809209823608, 0.9289836287498474, -0.2781289219856262, -0.24420000612735748], "cam_t_w2c": [25.364349365234375, 325.5630187988281, 602.7453002929688], "depth_scale": 1.0}
}