{
  "0": {"cam_K": [711.1112738715278, 0.0, 255.5, 0.0, 711.1112738715278, 255.5, 0.0, 0.0, 1.0], "cam_R_w2c": [-0.12018578499555588, 0.8691900372505188, 0.47964999079704285, 0.3446154296398163, 0.4896356165409088, -0.8009352087974548, -0.931018590927124, 0.06903377175331116, -0.35838353633880615], "cam_t_w2c": [-69.71019744873047, 62.56563949584961, 598.9381103515625], "depth_scale": 1.0},
  "1": {"cam_K": [711.1112738715278, 0.0, 255.5, 0.0, 711.1112738715278, 255.5, 0.0, 0.0, 1.0], "cam_R_w2c": [-0.7385247349739075, 0.535991907119751, -0.40901562571525574, 0.6296668648719788, 0.3314257860183716, -0.7026211619377136, -0.24104095995426178, -0.7764467597007751, -0.5822624564170837], "cam_t_w2c": [86.13259887695312, 60.646697998046875, 556.2216796875], "depth_scale": 1.0},
  "2": {"cam_K": [711.1112738715278, 0.0, 255.5, 0.0, 711.1112738715278, 255.5, 0.0, 0.0, 1.0], "cam_R_w2c": [-0.7385247349739075, 0.535991907119751, -0.40901562571525574, 0.6296668648719788, 0.3314257860183716, -0.7026211619377136, -0.24104095995426178, -0.7764467597007751, -0.5822624564170837], "cam_t_w2c": [86.13259887695312, 60.646697998046875, 556.2216796875], "depth_scale": 1.0},
  "3": {"cam_K": [711.1112738715278, 0.0, 255.5, 0.0, 711.1112738715278, 255.5, 0.0, 0.0, 1.0], "cam_R_w2c": [-0.0005175479454919696, 0.9407426714897156, 0.33912089467048645, 0.7476387023925781, 0.22557605803012848, -0.6246213316917419, -0.6641055345535278, 0.2532166540622711, -0.7034524083137512], "cam_t_w2c": [-136.26119995117188, 49.55193328857422, 617.5498657226562], "depth_scale": 1.0},
  "4": {"cam_K": [711.1112738715278, 0.0, 255.5, 0.0, 711.1112738715278, 255.5, 0.0, 0.0, 1.0], "cam_R_w2c": [-0.0005175479454919696, 0.9407426714897156, 0.33912089467048645, 0.7476387023925781, 0.22557605803012848, -0.6246213316917419, -0.6641055345535278, 0.2532166540622711, -0.7034524083137512], "cam_t_w2c": [-136.26119995117188, 49.55193328857422, 617.5498657226562], "depth_scale": 1.0}
}