{
  "0": {"cam_K": [711.1112738715278, 0.0, 255.5, 0.0, 711.1112738715278, 255.5, 0.0, 0.0, 1.0], "cam_R_w2c": [0.8465604186058044, 0.5322926044464111, 7.124941703295917e-08, 0.49146655201911926, -0.7816303968429565, -0.38407623767852783, -0.2044409066438675, 0.3251437842845917, -0.9233013987541199], "cam_t_w2c": [-53.880367279052734, -1722874.0, -4140619.25], "depth_scale": 1.0},
  "1": {"cam_K": [711.1112738715278, 0.0, 255.5, 0.0, 711.1112738715278, 255.5, 0.0, 0.0, 1.0], "cam_R_w2c": [-0.09981779754161835, -0.9950057864189148, 1.0492512103610352e-07, -0.2737239599227905, 0.02745947614312172, -0.9614163041114807, 0.9566147327423096, -0.0959664136171341, -0.27509793639183044], "cam_t_w2c": [-26.68153953552246, -4312482.5, -1233354.0], "depth_scale": 1.0}
}