{
  "0": [{"cam_R_m2c": [-0.3222205340862274, -0.6616781949996948, -0.6770200133323669, -0.9432543516159058, 0.1637568324804306, 0.28888583183288574, -0.08028275519609451, 0.7316869497299194, -0.6768966913223267], "cam_t_m2c": [11.454265594482422, 32.9414176940918, 1116.8514404296875], "obj_id": 0}, {"cam_R_m2c": [0.8463627696037292, -0.5112773776054382, -0.1492161601781845, 0.5101728439331055, 0.8587009906768799, -0.0485411137342453, 0.15295003354549408, -0.03504263609647751, 0.9876124262809753], "cam_t_m2c": [-67.8261489868164, 141.14340209960938, 939.4984741210938], "obj_id": 1}],
  "1": [{"cam_R_m2c": [-0.46509870886802673, 0.30390113592147827, 0.8314607739448547, -0.20768378674983978, 0.8755590319633484, -0.4361923635005951, -0.8605523705482483, -0.3755534887313843, -0.3441060483455658], "cam_t_m2c": [-51.439266204833984, 219.2186279296875, 740.4561157226562], "obj_id": 0}, {"cam_R_m2c": [-0.1943952441215515, 0.9503250122070312, -0.24308982491493225, 0.07074686139822006, 0.2607550621032715, 0.9628092050552368, 0.9783686399459839, 0.16996778547763824, -0.11792199313640594], "cam_t_m2c": [129.90750122070312, 90.84487915039062, 745.9806518554688], "obj_id": 1}]
}