{
  "0": {"cam_K": [711.1112738715278, 0.0, 255.5, 0.0, 711.1112738715278, 255.5, 0.0, 0.0, 1.0], "cam_R_w2c": [0.20318682491779327, 0.7815302014350891, 0.5898524522781372, 0.4531952738761902, 0.4589410126209259, -0.764190673828125, -0.8679454922676086, 0.42259183526039124, -0.2609350383281708], "cam_t_w2c": [-67.83924865722656, 49.94230651855469, 266.8623962402344], "depth_scale": 1.0}
}