{
  "0": {"cam_K": [711.1112738715278, 0.0, 255.5, 0.0, 711.1112738715278, 255.5, 0.0, 0.0, 1.0], "cam_R_w2c": [0.8936735987663269, -0.44871756434440613, -2.3723636388695013e-08, -0.3612883985042572, -0.7195481657981873, -0.5930609107017517, 0.26611682772636414, 0.5300028920173645, -0.8051576614379883], "cam_t_w2c": [-227.2094268798828, -2660301.25, -3610888.0], "depth_scale": 1.0},
  "1": {"cam_K": [711.1112738715278, 0.0, 255.5, 0.0, 711.1112738715278, 255.5, 0.0, 0.0, 1.0], "cam_R_w2c": [0.8217955231666565, -0.569782555103302, 3.249878588462707e-08, -0.5657327175140381, -0.8159545063972473, -0.11901610344648361, 0.06781332194805145, 0.0978068858385086, -0.9928923845291138], "cam_t_w2c": [-203.15208435058594, -533715.8125, -4453284.5], "depth_scale": 1.0}
}