{
  "0": {"cam_K": [711.1112738715278, 0.0, 255.5, 0.0, 711.1112738715278, 255.5, 0.0, 0.0, 1.0], "cam_R_w2c": [0.0246384646743536, -0.9996964931488037, -4.9541466040636806e-08, -0.884711742401123, -0.021804669871926308, -0.46562838554382324, 0.4654870331287384, 0.011472445912659168, -0.8849804997444153], "cam_t_w2c": [-18.231355667114258, -2088096.875, -3968882.5], "depth_scale": 1.0},
  "1": {"cam_K": [711.1112738715278, 0.0, 255.5, 0.0, 711.1112738715278, 255.5, 0.0, 0.0, 1.0], "cam_R_w2c": [0.3560781478881836, -0.9344561696052551, -2.1931869653712965e-08, -0.38157859444618225, -0.1454019844532013, -0.9128286242485046, 0.8529983162879944, 0.3250383138656616, -0.40834295749664307], "cam_t_w2c": [-212.00572204589844, -4094347.0, -1831334.875], "depth_scale": 1.0}
}