{
  "0": {"cam_K": [711.1112738715278, 0.0, 255.5, 0.0, 711.1112738715278, 255.5, 0.0, 0.0, 1.0], "cam_R_w2c": [0.9755364060401917, 0.2198379784822464, -1.4826241567789111e-08, 0.18112707138061523, -0.8037559390068054, -0.5667182207107544, -0.12458619475364685, 0.5528542995452881, -0.8239117860794067], "cam_t_w2c": [6.852389335632324, -6.84287691116333, 941.9957885742188], "depth_scale": 1.0},
  "1": {"cam_K": [711.1112738715278, 0.0, 255.5, 0.0, 711.1112738715278, 255.5, 0.0, 0.0, 1.0], "cam_R_w2c": [0.07213689386844635, -0.9973948001861572, 1.5478883597097592e-07, -0.940040111541748, -0.06798891723155975, -0.334218829870224, 0.3333480954170227, 0.024109389632940292, -0.9424957036972046], "cam_t_w2c": [68.40299987792969, -54.386695861816406, 822.865478515625], "depth_scale": 1.0}
}