{
  "0": {"cam_K": [711.1112738715278, 0.0, 255.5, 0.0, 711.1112738715278, 255.5, 0.0, 0.0, 1.0], "cam_R_w2c": [0.987932562828064, -0.15488466620445251, 1.893075030068303e-08, -0.14067688584327698, -0.8973081707954407, -0.4183872640132904, 0.06480179727077484, 0.41333842277526855, -0.9082686305046082], "cam_t_w2c": [125.34252166748047, -1877087.75, -4073379.5], "depth_scale": 1.0},
  "1": {"cam_K": [711.1112738715278, 0.0, 255.5, 0.0, 711.1112738715278, 255.5, 0.0, 0.0, 1.0], "cam_R_w2c": [0.9088369607925415, -0.4171516001224518, -3.799796477466089e-09, -0.3748776912689209, -0.8167361617088318, -0.43864473700523376, 0.18298132717609406, 0.39865654706954956, -0.8986607789993286], "cam_t_w2c": [33.94540786743164, -1967974.875, -4030038.5], "depth_scale": 1.0}
}