{
  "0": {"cam_K": [711.1112738715278, 0.0, 255.5, 0.0, 711.1112738715278, 255.5, 0.0, 0.0, 1.0], "cam_R_w2c": [0.7198609709739685, -0.6941182613372803, 1.5826149279973833e-08, -0.6027045249938965, -0.62505704164505, -0.49603530764579773, 0.34430718421936035, 0.3570764362812042, -0.8683024048805237], "cam_t_w2c": [103.1936264038086, -2224539.5, -3894500.75], "depth_scale": 1.0},
  "1": {"cam_K": [711.1112738715278, 0.0, 255.5, 0.0, 711.1112738715278, 255.5, 0.0, 0.0, 1.0], "cam_R_w2c": [0.9979709982872009, -0.0636700689792633, -1.7454361511681782e-08, -0.0165547002106905, -0.2594798505306244, -0.965606689453125, 0.06148023530840874, 0.9636474847793579, -0.26000741124153137], "cam_t_w2c": [-319.3810729980469, -4331299.0, -1165918.875], "depth_scale": 1.0}
}