{
  "0": {"cam_K": [711.1112738715278, 0.0, 255.5, 0.0, 711.1112738715278, 255.5, 0.0, 0.0, 1.0], "cam_R_w2c": [-0.4519236087799072, 0.8920567631721497, -1.9423993080636137e-07, 0.8828198909759521, 0.44724395871162415, -0.14353390038013458, -0.12804028391838074, -0.06486651301383972, -0.9896455407142639], "cam_t_w2c": [-18.36175537109375, -124.43854522705078, 885.7907104492188], "depth_scale": 1.0},
  "1": {"cam_K": [711.1112738715278, 0.0, 255.5, 0.0, 711.1112738715278, 255.5, 0.0, 0.0, 1.0], "cam_R_w2c": [0.05605250224471092, -0.9984278678894043, -6.055198298327014e-08, -0.7407703995704651, -0.04158744588494301, -0.6704698204994202, 0.6694157123565674, 0.03758158162236214, -0.7419369220733643], "cam_t_w2c": [59.53999710083008, -22.141765594482422, 848.953125], "depth_scale": 1.0}
}