{
  "0": {"cam_K": [711.1112738715278, 0.0, 255.5, 0.0, 711.1112738715278, 255.5, 0.0, 0.0, 1.0], "cam_R_w2c": [0.9473645687103271, 0.3201568126678467, 3.6010376902595453e-09, 0.26681026816368103, -0.7895086407661438, -0.5527099370956421, -0.17695386707782745, 0.5236178040504456, -0.8333736062049866], "cam_t_w2c": [-202.84365844726562, -2479359.5, -3737581.0], "depth_scale": 1.0},
  "1": {"cam_K": [711.1112738715278, 0.0, 255.5, 0.0, 711.1112738715278, 255.5, 0.0, 0.0, 1.0], "cam_R_w2c": [0.8585025072097778, 0.5128093361854553, -4.432179068203368e-08, 0.43405264616012573, -0.7266547679901123, -0.5325140357017517, -0.27307817339897156, 0.45716461539268494, -0.8464212417602539], "cam_t_w2c": [-191.5628662109375, -2388801.5, -3795924.75], "depth_scale": 1.0}
}