{
  "0": {"cam_K": [711.1112738715278, 0.0, 255.5, 0.0, 711.1112738715278, 255.5, 0.0, 0.0, 1.0], "cam_R_w2c": [0.9966791272163391, -0.08142941445112228, -1.0527512195324107e-08, -0.06410021334886551, -0.7845734357833862, -0.6167139410972595, 0.05021863803267479, 0.6146658658981323, -0.7871875762939453], "cam_t_w2c": [-103.83887481689453, -2766547.75, -3529738.75], "depth_scale": 1.0},
  "1": {"cam_K": [711.1112738715278, 0.0, 255.5, 0.0, 711.1112738715278, 255.5, 0.0, 0.0, 1.0], "cam_R_w2c": [0.9014557003974915, 0.43287143111228943, 7.0851264410976e-08, 0.2466965615749359, -0.5137459635734558, -0.8217090964317322, -0.35569435358047485, 0.740734338760376, -0.5699071288108826], "cam_t_w2c": [87.8779525756836, -3685980.25, -2555169.5], "depth_scale": 1.0}
}