{
  "0": {"cam_K": [2346.1825408935547, 0.0, 956.150695733726, 0.0, 2351.0241982895623, 613.6550906152873, 0.0, 0.0, 1.0], "cam_R_w2c": [0.33142778277397156, -0.9434806108474731, -1.0631481472955784e-08, -0.634541928768158, -0.22290325164794922, -0.740047812461853, 0.6982207298278809, 0.2452724426984787, -0.6725543737411499], "cam_t_w2c": [-45.76197814941406, -12.840675354003906, 843.0628051757812], "depth_scale": 1.0}
}