{
  "0": {"cam_K": [711.1112738715278, 0.0, 255.5, 0.0, 711.1112738715278, 255.5, 0.0, 0.0, 1.0], "cam_R_w2c": [-0.3116599917411804, -0.9385730028152466, -0.14815223217010498, -0.630956768989563, 0.3210010528564453, -0.706294596195221, 0.7104659676551819, -0.1266460120677948, -0.6922422051429749], "cam_t_w2c": [-323.6050720214844, 93.00922393798828, 474.9130554199219], "depth_scale": 1.0},
  "1": {"cam_K": [711.1112738715278, 0.0, 255.5, 0.0, 711.1112738715278, 255.5, 0.0, 0.0, 1.0], "cam_R_w2c": [-0.3116599917411804, -0.9385730028152466, -0.14815223217010498, -0.630956768989563, 0.3210010528564453, -0.706294596195221, 0.7104659676551819, -0.1266460120677948, -0.6922422051429749], "cam_t_w2c": [-323.6050720214844, 93.00922393798828, 474.9130554199219], "depth_scale": 1.0},
  "2": {"cam_K": [711.1112738715278, 0.0, 255.5, 0.0, 711.1112738715278, 255.5, 0.0, 0.0, 1.0], "cam_R_w2c": [-0.3116599917411804, -0.9385730028152466, -0.14815223217010498, -0.630956768989563, 0.3210010528564453, -0.706294596195221, 0.7104659676551819, -0.1266460120677948, -0.6922422051429749], "cam_t_w2c": [-323.6050720214844, 93.00922393798828, 474.9130554199219], "depth_scale": 1.0},
  "3": {"cam_K": [711.1112738715278, 0.0, 255.5, 0.0, 711.1112738715278, 255.5, 0.0, 0.0, 1.0], "cam_R_w2c": [-0.3116599917411804, -0.9385730028152466, -0.14815223217010498, -0.630956768989563, 0.3210010528564453, -0.706294596195221, 0.7104659676551819, -0.1266460120677948, -0.6922422051429749], "cam_t_w2c": [-323.6050720214844, 93.00922393798828, 474.9130554199219], "depth_scale": 1.0},
  "4": {"cam_K": [711.1112738715278, 0.0, 255.5, 0.0, 711.1112738715278, 255.5, 0.0, 0.0, 1.0], "cam_R_w2c": [-0.3116599917411804, -0.9385730028152466, -0.14815223217010498, -0.630956768989563, 0.3210010528564453, -0.706294596195221, 0.7104659676551819, -0.1266460120677948, -0.6922422051429749], "cam_t_w2c": [-323.6050720214844, 93.00922393798828, 474.9130554199219], "depth_scale": 1.0}
}