{
  "0": [{"cam_R_m2c": [-0.35581108927726746, -0.7574523091316223, 0.5474159717559814, -0.3385511636734009, 0.6504322290420532, 0.6799418926239014, -0.8710805773735046, 0.0566026046872139, -0.4878673553466797], "cam_t_m2c": [170.5064697265625, 378.3974609375, 729.4364013671875], "obj_id": 0}],
  "1": [{"cam_R_m2c": [0.32406049966812134, 0.8886192440986633, -0.3245624601840973, -0.34936216473579407, -0.2064162641763687, -0.9139686226844788, -0.8791649341583252, 0.4095710217952728, 0.24355848133563995], "cam_t_m2c": [-55.110694885253906, -439.035888671875, 904.8547973632812], "obj_id": 0}]
}