{
  "0": {"cam_K": [711.1112738715278, 0.0, 255.5, 0.0, 711.1112738715278, 255.5, 0.0, 0.0, 1.0], "cam_R_w2c": [0.7151389718055725, -0.6989823579788208, 8.961762176795673e-08, -0.6699756383895874, -0.6854619979858398, -0.2850872278213501, 0.19927097856998444, 0.20387692749500275, -0.9585016965866089], "cam_t_w2c": [11135.3359375, -1244750.5, -4175150.0], "depth_scale": 1.0},
  "1": {"cam_K": [711.1112738715278, 0.0, 255.5, 0.0, 711.1112738715278, 255.5, 0.0, 0.0, 1.0], "cam_R_w2c": [-0.8714235424995422, 0.49053144454956055, 1.4244733392843045e-08, 0.4171396493911743, 0.7410438060760498, -0.5261640548706055, -0.2581000030040741, -0.45851168036460876, -0.8503831624984741], "cam_t_w2c": [-11414.201171875, -2293198.25, -3704706.75], "depth_scale": 1.0}
}