{
  "0": [{"cam_R_m2c": [0.1223413348197937, -0.08239220082759857, -0.9890621900558472, -0.549448549747467, -0.8355258107185364, 0.001638500951230526, -0.8265221118927002, 0.5432383418083191, -0.1474895179271698], "cam_t_m2c": [-417.2010192871094, -42.38593673706055, 994.8246459960938], "obj_id": 2}, {"cam_R_m2c": [0.8361438512802124, 0.19067905843257904, -0.5143004655838013, 0.4986240863800049, 0.12646235525608063, 0.8575437068939209, 0.22855527698993683, -0.973472535610199, 0.010663548484444618], "cam_t_m2c": [-4984.2431640625, 13434.8271484375, 313.309814453125], "obj_id": 2}],
  "1": [{"cam_R_m2c": [-0.5579191446304321, 0.8297679424285889, -0.014536770060658455, -0.3743278682231903, -0.2672465741634369, -0.8879514932632446, -0.740678608417511, -0.4899636507034302, 0.45970726013183594], "cam_t_m2c": [-2.761458396911621, -397.183349609375, 960.8988647460938], "obj_id": 2}, {"cam_R_m2c": [-0.08615847676992416, -0.9620124697685242, -0.25905340909957886, 0.9950844645500183, -0.07035303860902786, -0.06969398260116577, 0.04882127791643143, -0.2637847661972046, 0.9633452296257019], "cam_t_m2c": [-5279.83349609375, 1260.8751220703125, 14089.3525390625], "obj_id": 2}]
}