{
  "0": {"cam_K": [711.1112738715278, 0.0, 255.5, 0.0, 711.1112738715278, 255.5, 0.0, 0.0, 1.0], "cam_R_w2c": [0.6677207350730896, 0.7444118857383728, 6.561494814150137e-08, 0.2900908887386322, -0.26020488142967224, -0.9209455251693726, -0.685562789440155, 0.6149344444274902, -0.3896912932395935], "cam_t_w2c": [-5083.8720703125, -4117738.25, -1747802.25], "depth_scale": 1.0},
  "1": {"cam_K": [711.1112738715278, 0.0, 255.5, 0.0, 711.1112738715278, 255.5, 0.0, 0.0, 1.0], "cam_R_w2c": [-0.820454478263855, 0.5717120170593262, -2.3278772687262972e-08, 0.49219807982444763, 0.7063452005386353, -0.5087411999702454, -0.2908534109592438, -0.41739892959594727, -0.8609196543693542], "cam_t_w2c": [-5304.34423828125, -2280944.75, -3847779.75], "depth_scale": 1.0}
}