{
  "0": {"cam_K": [711.1112738715278, 0.0, 255.5, 0.0, 711.1112738715278, 255.5, 0.0, 0.0, 1.0], "cam_R_w2c": [-0.6001628041267395, -0.799877941608429, 3.742794163485996e-08, -0.5771390199661255, 0.433037668466568, -0.6923791766166687, 0.5538188219070435, -0.4155402183532715, -0.7215338945388794], "cam_t_w2c": [52.214447021484375, -3105741.5, -3235497.25], "depth_scale": 1.0},
  "1": {"cam_K": [711.1112738715278, 0.0, 255.5, 0.0, 711.1112738715278, 255.5, 0.0, 0.0, 1.0], "cam_R_w2c": [0.3758396804332733, -0.9266846776008606, 3.0692284269662196e-08, -0.6419304609298706, -0.2603505849838257, -0.7212092280387878, 0.6683335900306702, 0.2710590064525604, -0.6927171945571899], "cam_t_w2c": [29.203359603881836, -3235029.75, -3106552.75], "depth_scale": 1.0}
}