{
  "0": {"cam_K": [711.1112738715278, 0.0, 255.5, 0.0, 711.1112738715278, 255.5, 0.0, 0.0, 1.0], "cam_R_w2c": [0.6032378673553467, 0.7771456837654114, -0.17930063605308533, 0.12447686493396759, -0.31379464268684387, -0.9412961602210999, -0.7877877950668335, 0.5455066561698914, -0.2860294580459595], "cam_t_w2c": [-0.17766055464744568, 14.726018905639648, 464.6072998046875], "depth_scale": 1.0},
  "1": {"cam_K": [711.1112738715278, 0.0, 255.5, 0.0, 711.1112738715278, 255.5, 0.0, 0.0, 1.0], "cam_R_w2c": [0.9732450246810913, -0.1264505386352539, -0.19184458255767822, -0.21569007635116577, -0.21501004695892334, -0.9524959921836853, 0.07919512689113617, 0.9683910012245178, -0.2365315854549408], "cam_t_w2c": [78.66468811035156, -25.24702262878418, 345.1089782714844], "depth_scale": 1.0},
  "2": {"cam_K": [711.1112738715278, 0.0, 255.5, 0.0, 711.1112738715278, 255.5, 0.0, 0.0, 1.0], "cam_R_w2c": [0.9732450246810913, -0.1264505386352539, -0.19184458255767822, -0.21569007635116577, -0.21501004695892334, -0.9524959921836853, 0.07919512689113617, 0.9683910012245178, -0.2365315854549408], "cam_t_w2c": [78.66468811035156, -25.24702262878418, 345.1089782714844], "depth_scale": 1.0},
  "3": {"cam_K": [711.1112738715278, 0.0, 255.5, 0.0, 711.1112738715278, 255.5, 0.0, 0.0, 1.0], "cam_R_w2c": [-0.3795180916786194, -0.9175751805305481, 0.11841391772031784, -0.361362099647522, 0.029191473498940468, -0.9319685101509094, 0.8516945242881775, -0.3964892029762268, -0.34265562891960144], "cam_t_w2c": [37.803253173828125, -46.64289474487305, 621.5556640625], "depth_scale": 1.0},
  "4": {"cam_K": [711.1112738715278, 0.0, 255.5, 0.0, 711.1112738715278, 255.5, 0.0, 0.0, 1.0], "cam_R_w2c": [-0.3795180916786194, -0.9175751805305481, 0.11841391772031784, -0.361362099647522, 0.029191473498940468, -0.9319685101509094, 0.8516945242881775, -0.3964892029762268, -0.34265562891960144], "cam_t_w2c": [37.803253173828125, -46.64289474487305, 621.5556640625], "depth_scale": 1.0},
  "5": {"cam_K": [711.1112738715278, 0.0, 255.5, 0.0, 711.1112738715278, 255.5, 0.0, 0.0, 1.0], "cam_R_w2c": [0.6490141749382019, -0.757759690284729, 0.06768162548542023, -0.12683163583278656, -0.19548925757408142, -0.9724699258804321, 0.7501295208930969, 0.6225625872612, -0.2229832112789154], "cam_t_w2c": [220.30804443359375, 34.526283264160156, 465.1117858886719], "depth_scale": 1.0},
  "6": {"cam_K": [711.1112738715278, 0.0, 255.5, 0.0, 711.1112738715278, 255.5, 0.0, 0.0, 1.0], "cam_R_w2c": [0.6490141749382019, -0.757759690284729, 0.06768162548542023, -0.12683163583278656, -0.19548925757408142, -0.9724699258804321, 0.7501295208930969, 0.6225625872612, -0.2229832112789154], "cam_t_w2c": [220.30804443359375, 34.526283264160156, 465.1117858886719], "depth_scale": 1.0},
  "7": {"cam_K": [711.1112738715278, 0.0, 255.5, 0.0, 711.1112738715278, 255.5, 0.0, 0.0, 1.0], "cam_R_w2c": [-0.5813137888908386, 0.8047354221343994, 0.12031220644712448, 0.5097401738166809, 0.47541990876197815, -0.7170361280441284, -0.634223222732544, -0.35549506545066833, -0.6865741014480591], "cam_t_w2c": [-223.1282958984375, -47.99767303466797, 461.9223937988281], "depth_scale": 1.0},
  "8": {"cam_K": [711.1112738715278, 0.0, 255.5, 0.0, 711.1112738715278, 255.5, 0.0, 0.0, 1.0], "cam_R_w2c": [-0.5813137888908386, 0.8047354221343994, 0.12031220644712448, 0.5097401738166809, 0.47541990876197815, -0.7170361280441284, -0.634223222732544, -0.35549506545066833, -0.6865741014480591], "cam_t_w2c": [-223.1282958984375, -47.99767303466797, 461.9223937988281], "depth_scale": 1.0},
  "9": {"cam_K": [711.1112738715278, 0.0, 255.5, 0.0, 711.1112738715278, 255.5, 0.0, 0.0, 1.0], "cam_R_w2c": [-0.2104044109582901, 0.9597353339195251, -0.18611358106136322, 0.33061081171035767, -0.10930515825748444, -0.9374161958694458, -0.920014500617981, -0.2587675452232361, -0.29430070519447327], "cam_t_w2c": [-222.19686889648438, 57.111061096191406, 425.47052001953125], "depth_scale": 1.0}
}