{
  "0": {"cam_K": [711.1112738715278, 0.0, 255.5, 0.0, 711.1112738715278, 255.5, 0.0, 0.0, 1.0], "cam_R_w2c": [-0.03279394656419754, -0.9878028035163879, 0.15221776068210602, -0.5794212222099304, -0.10530491173267365, -0.8081967830657959, 0.8143683075904846, -0.11470210552215576, -0.5689005851745605], "cam_t_w2c": [76.38566589355469, -29.576858520507812, 664.5347900390625], "depth_scale": 1.0},
  "1": {"cam_K": [711.1112738715278, 0.0, 255.5, 0.0, 711.1112738715278, 255.5, 0.0, 0.0, 1.0], "cam_R_w2c": [0.25733211636543274, -0.9625850319862366, 0.08491277694702148, -0.5331054925918579, -0.21470683813095093, -0.8183515667915344, 0.8059644103050232, 0.16532063484191895, -0.568410336971283], "cam_t_w2c": [92.0146255493164, -23.038707733154297, 461.3808288574219], "depth_scale": 1.0},
  "2": {"cam_K": [711.1112738715278, 0.0, 255.5, 0.0, 711.1112738715278, 255.5, 0.0, 0.0, 1.0], "cam_R_w2c": [0.25733211636543274, -0.9625850319862366, 0.08491277694702148, -0.5331054925918579, -0.21470683813095093, -0.8183515667915344, 0.8059644103050232, 0.16532063484191895, -0.568410336971283], "cam_t_w2c": [92.0146255493164, -23.038707733154297, 461.3808288574219], "depth_scale": 1.0},
  "3": {"cam_K": [711.1112738715278, 0.0, 255.5, 0.0, 711.1112738715278, 255.5, 0.0, 0.0, 1.0], "cam_R_w2c": [0.09478869289159775, 0.9929701685905457, 0.07088951766490936, 0.5231838226318359, 0.01089319959282875, -0.8521502614021301, -0.8469319939613342, 0.11786244809627533, -0.5184733867645264], "cam_t_w2c": [-68.09579467773438, 52.17679977416992, 385.34857177734375], "depth_scale": 1.0},
  "4": {"cam_K": [711.1112738715278, 0.0, 255.5, 0.0, 711.1112738715278, 255.5, 0.0, 0.0, 1.0], "cam_R_w2c": [0.09478869289159775, 0.9929701685905457, 0.07088951766490936, 0.5231838226318359, 0.01089319959282875, -0.8521502614021301, -0.8469319939613342, 0.11786244809627533, -0.5184733867645264], "cam_t_w2c": [-68.09579467773438, 52.17679977416992, 385.34857177734375], "depth_scale": 1.0},
  "5": {"cam_K": [711.1112738715278, 0.0, 255.5, 0.0, 711.1112738715278, 255.5, 0.0, 0.0, 1.0], "cam_R_w2c": [-0.39416763186454773, 0.8984153270721436, 0.19360217452049255, 0.03696584329009056, 0.22598537802696228, -0.9734290242195129, -0.9182948470115662, -0.376537561416626, -0.12228678911924362], "cam_t_w2c": [-99.05342864990234, -1.4123494625091553, 424.7987365722656], "depth_scale": 1.0},
  "6": {"cam_K": [711.1112738715278, 0.0, 255.5, 0.0, 711.1112738715278, 255.5, 0.0, 0.0, 1.0], "cam_R_w2c": [-0.39416763186454773, 0.8984153270721436, 0.19360217452049255, 0.03696584329009056, 0.22598537802696228, -0.9734290242195129, -0.9182948470115662, -0.376537561416626, -0.12228678911924362], "cam_t_w2c": [-99.05342864990234, -1.4123494625091553, 424.7987365722656], "depth_scale": 1.0},
  "7": {"cam_K": [711.1112738715278, 0.0, 255.5, 0.0, 711.1112738715278, 255.5, 0.0, 0.0, 1.0], "cam_R_w2c": [0.07060535997152328, 0.9771636724472046, 0.2004150152206421, 0.47708237171173096, 0.14336641132831573, -0.8670862317085266, -0.8760179281234741, 0.1568354368209839, -0.4560651183128357], "cam_t_w2c": [-64.72454071044922, 45.12129211425781, 345.5805969238281], "depth_scale": 1.0}
}