{
  "0": {"cam_K": [2346.1825408935547, 0.0, 956.150695733726, 0.0, 2351.0241982895623, 613.6550906152873, 0.0, 0.0, 1.0], "cam_R_w2c": [0.9955000877380371, -0.09476033598184586, -6.068536784198386e-09, -0.05339914187788963, -0.5609820485115051, -0.8261038661003113, 0.07828187942504883, 0.8223865032196045, -0.5635178089141846], "cam_t_w2c": [419.1679382324219, 356.2063293457031, 935.4397583007812], "depth_scale": 1.0},
  "1": {"cam_K": [2346.1825408935547, 0.0, 956.150695733726, 0.0, 2351.0241982895623, 613.6550906152873, 0.0, 0.0, 1.0], "cam_R_w2c": [-0.9674603939056396, -0.2530224025249481, 1.5420451582315309e-09, -0.18082305788993835, 0.6913978457450867, -0.6994798183441162, 0.1769840568304062, -0.6767190098762512, -0.7146522998809814], "cam_t_w2c": [-87.0340347290039, 87.38155364990234, 763.8976440429688], "depth_scale": 1.0},
  "2": {"cam_K": [2346.1825408935547, 0.0, 956.150695733726, 0.0, 2351.0241982895623, 613.6550906152873, 0.0, 0.0, 1.0], "cam_R_w2c": [0.9958977103233337, 0.09048635512590408, 9.97642413125277e-10, 0.049097634851932526, -0.5403712391853333, -0.8399930596351624, -0.0760079100728035, 0.8365471959114075, -0.5425971150398254], "cam_t_w2c": [76.71931457519531, 25.19706916809082, 1040.637939453125], "depth_scale": 1.0},
  "3": {"cam_K": [2346.1825408935547, 0.0, 956.150695733726, 0.0, 2351.0241982895623, 613.6550906152873, 0.0, 0.0, 1.0], "cam_R_w2c": [-0.7611136436462402, -0.6486186385154724, 1.3855036229415418e-07, -0.4545031785964966, 0.533331036567688, -0.7134317755699158, 0.4627450406551361, -0.5430026650428772, -0.7007247805595398], "cam_t_w2c": [-98.84920501708984, 55.91590881347656, 848.1394653320312], "depth_scale": 1.0}
}