{
  "0": {"cam_K": [711.1112738715278, 0.0, 255.5, 0.0, 711.1112738715278, 255.5, 0.0, 0.0, 1.0], "cam_R_w2c": [-0.43907809257507324, 0.8524445295333862, -0.28381165862083435, 0.261444091796875, -0.18099340796470642, -0.9480973482131958, -0.8595683574676514, -0.49048951268196106, -0.1433964967727661], "cam_t_w2c": [-226.0136260986328, 194.3123016357422, 361.471435546875], "depth_scale": 1.0},
  "1": {"cam_K": [711.1112738715278, 0.0, 255.5, 0.0, 711.1112738715278, 255.5, 0.0, 0.0, 1.0], "cam_R_w2c": [0.6492750644683838, 0.7548350095748901, 0.09309133142232895, 0.27551695704460144, -0.11935101449489594, -0.9538583159446716, -0.7088951468467712, 0.6449646353721619, -0.2854614853858948], "cam_t_w2c": [107.04642486572266, 44.3922004699707, 349.78607177734375], "depth_scale": 1.0},
  "2": {"cam_K": [711.1112738715278, 0.0, 255.5, 0.0, 711.1112738715278, 255.5, 0.0, 0.0, 1.0], "cam_R_w2c": [0.6492750644683838, 0.7548350095748901, 0.09309133142232895, 0.27551695704460144, -0.11935101449489594, -0.9538583159446716, -0.7088951468467712, 0.6449646353721619, -0.2854614853858948], "cam_t_w2c": [107.04642486572266, 44.3922004699707, 349.78607177734375], "depth_scale": 1.0},
  "3": {"cam_K": [711.1112738715278, 0.0, 255.5, 0.0, 711.1112738715278, 255.5, 0.0, 0.0, 1.0], "cam_R_w2c": [-0.13222263753414154, -0.9904893636703491, -0.03805362433195114, -0.5308852195739746, 0.10318472236394882, -0.8411384224891663, 0.8370651602745056, -0.09101541340351105, -0.5394794940948486], "cam_t_w2c": [115.33219909667969, -37.2647819519043, 688.1966552734375], "depth_scale": 1.0},
  "4": {"cam_K": [711.1112738715278, 0.0, 255.5, 0.0, 711.1112738715278, 255.5, 0.0, 0.0, 1.0], "cam_R_w2c": [-0.13222263753414154, -0.9904893636703491, -0.03805362433195114, -0.5308852195739746, 0.10318472236394882, -0.8411384224891663, 0.8370651602745056, -0.09101541340351105, -0.5394794940948486], "cam_t_w2c": [115.33219909667969, -37.2647819519043, 688.1966552734375], "depth_scale": 1.0},
  "5": {"cam_K": [711.1112738715278, 0.0, 255.5, 0.0, 711.1112738715278, 255.5, 0.0, 0.0, 1.0], "cam_R_w2c": [0.6388883590698242, -0.7634119391441345, -0.09499399363994598, -0.45858103036880493, -0.27878400683403015, -0.8437908291816711, 0.6176772117614746, 0.5826506018638611, -0.5281980633735657], "cam_t_w2c": [91.97041320800781, -70.03236389160156, 585.415283203125], "depth_scale": 1.0},
  "6": {"cam_K": [711.1112738715278, 0.0, 255.5, 0.0, 711.1112738715278, 255.5, 0.0, 0.0, 1.0], "cam_R_w2c": [0.6388883590698242, -0.7634119391441345, -0.09499399363994598, -0.45858103036880493, -0.27878400683403015, -0.8437908291816711, 0.6176772117614746, 0.5826506018638611, -0.5281980633735657], "cam_t_w2c": [91.97041320800781, -70.03236389160156, 585.415283203125], "depth_scale": 1.0},
  "7": {"cam_K": [711.1112738715278, 0.0, 255.5, 0.0, 711.1112738715278, 255.5, 0.0, 0.0, 1.0], "cam_R_w2c": [-0.9712523221969604, 0.13947728276252747, 0.1929117739200592, -0.10332251340150833, 0.48307135701179504, -0.869463324546814, -0.21446053683757782, -0.8644004464149475, -0.4547730088233948], "cam_t_w2c": [-301.46630859375, -118.42807006835938, 652.9842529296875], "depth_scale": 1.0},
  "8": {"cam_K": [711.1112738715278, 0.0, 255.5, 0.0, 711.1112738715278, 255.5, 0.0, 0.0, 1.0], "cam_R_w2c": [-0.9712523221969604, 0.13947728276252747, 0.1929117739200592, -0.10332251340150833, 0.48307135701179504, -0.869463324546814, -0.21446053683757782, -0.8644004464149475, -0.4547730088233948], "cam_t_w2c": [-301.46630859375, -118.42807006835938, 652.9842529296875], "depth_scale": 1.0},
  "9": {"cam_K": [711.1112738715278, 0.0, 255.5, 0.0, 711.1112738715278, 255.5, 0.0, 0.0, 1.0], "cam_R_w2c": [-0.2461642324924469, 0.9586372375488281, 0.14289115369319916, 0.2671941816806793, 0.20883531868457794, -0.940741777420044, -0.9316707849502563, -0.19339728355407715, -0.3075500726699829], "cam_t_w2c": [-28.148578643798828, 47.729331970214844, 393.4654541015625], "depth_scale": 1.0}
}