{
  "0": {"cam_K": [711.1112738715278, 0.0, 255.5, 0.0, 711.1112738715278, 255.5, 0.0, 0.0, 1.0], "cam_R_w2c": [-0.8242772221565247, 0.5661863684654236, -2.2571411406602238e-08, 0.5362956523895264, 0.7807611227035522, -0.3206228017807007, -0.18153224885463715, -0.26428207755088806, -0.9472069144248962], "cam_t_w2c": [-62.4949836730957, -1437705.875, -4247703.5], "depth_scale": 1.0},
  "1": {"cam_K": [711.1112738715278, 0.0, 255.5, 0.0, 711.1112738715278, 255.5, 0.0, 0.0, 1.0], "cam_R_w2c": [0.4549436569213867, 0.8905202746391296, -1.1903048857675458e-07, 0.8385911583900452, -0.42841461300849915, -0.336490660905838, -0.29965177178382874, 0.15308420360088348, -0.9416869282722473], "cam_t_w2c": [402.996337890625, -1509162.875, -4222827.0], "depth_scale": 1.0}
}