{
  "0": {"cam_K": [711.1112738715278, 0.0, 255.5, 0.0, 711.1112738715278, 255.5, 0.0, 0.0, 1.0], "cam_R_w2c": [0.24622099101543427, -0.962618887424469, -0.11287200450897217, -0.2470807284116745, 0.05026772990822792, -0.9676901698112488, 0.9371906518936157, 0.26615414023399353, -0.22546760737895966], "cam_t_w2c": [-57.239219665527344, 42.802703857421875, 28.304306030273438], "depth_scale": 1.0},
  "1": {"cam_K": [711.1112738715278, 0.0, 255.5, 0.0, 711.1112738715278, 255.5, 0.0, 0.0, 1.0], "cam_R_w2c": [0.10505277663469315, 0.7916337251663208, 0.6018970012664795, 0.5030487775802612, 0.4797969162464142, -0.7188441157341003, -0.8578495383262634, 0.37830010056495667, -0.34782636165618896], "cam_t_w2c": [-2.065680980682373, -74.02635192871094, 320.6728515625], "depth_scale": 1.0}
}