{
  "0": {"cam_K": [711.1112738715278, 0.0, 255.5, 0.0, 711.1112738715278, 255.5, 0.0, 0.0, 1.0], "cam_R_w2c": [0.1693143993616104, 0.9855621457099915, 2.6151502652282943e-07, 0.9164292812347412, -0.1574377715587616, -0.3679278790950775, -0.362615704536438, 0.06229574605822563, -0.9298544526100159], "cam_t_w2c": [-30.802692413330078, -121.83648681640625, 1125.33203125], "depth_scale": 1.0},
  "1": {"cam_K": [711.1112738715278, 0.0, 255.5, 0.0, 711.1112738715278, 255.5, 0.0, 0.0, 1.0], "cam_R_w2c": [0.937951922416687, -0.346765398979187, -1.8426696613005333e-08, -0.10617437958717346, -0.2871868312358856, -0.9519720673561096, 0.33011093735694885, 0.8929039835929871, -0.3061850368976593], "cam_t_w2c": [-208.60508728027344, 230.5294189453125, 727.759033203125], "depth_scale": 1.0}
}