{
  "0": {"cam_K": [711.1112738715278, 0.0, 255.5, 0.0, 711.1112738715278, 255.5, 0.0, 0.0, 1.0], "cam_R_w2c": [-0.6677907109260559, 0.7443491220474243, 2.182323868282765e-07, 0.2683204114437103, 0.2407231479883194, -0.9327682256698608, -0.6943052411079407, -0.6228938698768616, -0.3604767620563507], "cam_t_w2c": [501.4251403808594, -4184170.0, -1615898.5], "depth_scale": 1.0},
  "1": {"cam_K": [711.1112738715278, 0.0, 255.5, 0.0, 711.1112738715278, 255.5, 0.0, 0.0, 1.0], "cam_R_w2c": [-0.4321252107620239, -0.9018136858940125, 3.055533781548547e-08, -0.7552622556686401, 0.36190152168273926, -0.546448826789856, 0.49279502034187317, -0.23613430559635162, -0.8374925851821899], "cam_t_w2c": [109.42831420898438, -2450675.0, -3756196.75], "depth_scale": 1.0}
}