{
  "0": {"cam_K": [2346.1825408935547, 0.0, 956.150695733726, 0.0, 2351.0241982895623, 613.6550906152873, 0.0, 0.0, 1.0], "cam_R_w2c": [0.03934917971491814, -0.9992256164550781, -1.8563588355391403e-07, -0.4273873567581177, -0.016830310225486755, -0.9039120078086853, 0.9032119512557983, 0.03556833788752556, -0.4277186989784241], "cam_t_w2c": [73.41020202636719, 126.08110809326172, 1038.932373046875], "depth_scale": 1.0}
}