{
  "0": {"cam_K": [711.1112738715278, 0.0, 255.5, 0.0, 711.1112738715278, 255.5, 0.0, 0.0, 1.0], "cam_R_w2c": [-0.3933779299259186, -0.9116529822349548, 0.11892349272966385, -0.20975594222545624, -0.036945585161447525, -0.977055549621582, 0.8951292634010315, -0.4092969596385956, -0.17669111490249634], "cam_t_w2c": [-10.563605308532715, -4.347691059112549, 286.3435974121094], "depth_scale": 1.0},
  "1": {"cam_K": [711.1112738715278, 0.0, 255.5, 0.0, 711.1112738715278, 255.5, 0.0, 0.0, 1.0], "cam_R_w2c": [0.8332505226135254, -0.5517649054527283, 0.035341061651706696, -0.1824759691953659, -0.3347795009613037, -0.9244593977928162, 0.5219157338142395, 0.7638574242591858, -0.37963902950286865], "cam_t_w2c": [112.51917266845703, 10.74186897277832, 206.57542419433594], "depth_scale": 1.0}
}