{
  "0": {"cam_K": [711.1112738715278, 0.0, 255.5, 0.0, 711.1112738715278, 255.5, 0.0, 0.0, 1.0], "cam_R_w2c": [0.8657316565513611, 0.5005084872245789, -3.507352985820944e-08, 0.22535991668701172, -0.3898061215877533, -0.8928965330123901, -0.4469022750854492, 0.7730087637901306, -0.45026203989982605], "cam_t_w2c": [369.54193115234375, -4005224.0, -2018860.625], "depth_scale": 1.0},
  "1": {"cam_K": [711.1112738715278, 0.0, 255.5, 0.0, 711.1112738715278, 255.5, 0.0, 0.0, 1.0], "cam_R_w2c": [0.9789558053016663, 0.20407229661941528, 1.9759694325216515e-08, 0.18685239553451538, -0.8963502049446106, -0.40204814076423645, -0.08204686641693115, 0.3935873508453369, -0.9156186580657959], "cam_t_w2c": [364.0328369140625, -1803526.875, -4106226.0], "depth_scale": 1.0}
}