{
  "0": {"cam_K": [2346.1825408935547, 0.0, 956.150695733726, 0.0, 2351.0241982895623, 613.6550906152873, 0.0, 0.0, 1.0], "cam_R_w2c": [-0.8513307571411133, -0.5246292948722839, -8.645933036177667e-08, -0.32223382592201233, 0.5228980779647827, -0.7891406416893005, 0.4140063524246216, -0.6718196868896484, -0.6142125129699707], "cam_t_w2c": [-94.42761993408203, 69.24478912353516, 1007.111328125], "depth_scale": 1.0},
  "1": {"cam_K": [2346.1825408935547, 0.0, 956.150695733726, 0.0, 2351.0241982895623, 613.6550906152873, 0.0, 0.0, 1.0], "cam_R_w2c": [-0.3025056719779968, 0.9531476497650146, -1.2227849310875172e-07, 0.6938419938087463, 0.22020821273326874, -0.6856323480606079, -0.6535088419914246, -0.20740771293640137, -0.7279481291770935], "cam_t_w2c": [46.688690185546875, 110.23143768310547, 955.493408203125], "depth_scale": 1.0},
  "2": {"cam_K": [2346.1825408935547, 0.0, 956.150695733726, 0.0, 2351.0241982895623, 613.6550906152873, 0.0, 0.0, 1.0], "cam_R_w2c": [-0.9249913096427917, 0.3799881935119629, -1.934692193117371e-07, 0.2710765600204468, 0.6598713994026184, -0.7007761597633362, -0.26628655195236206, -0.6482119560241699, -0.7133811712265015], "cam_t_w2c": [-40.34389877319336, 115.06146240234375, 704.8770751953125], "depth_scale": 1.0},
  "3": {"cam_K": [2346.1825408935547, 0.0, 956.150695733726, 0.0, 2351.0241982895623, 613.6550906152873, 0.0, 0.0, 1.0], "cam_R_w2c": [-0.5212770700454712, -0.8533875942230225, -1.2671016236254218e-08, -0.604702353477478, 0.3693719208240509, -0.7056199312210083, 0.6021672487258911, -0.36782345175743103, -0.7085906267166138], "cam_t_w2c": [-96.91924285888672, 33.81776809692383, 910.3604736328125], "depth_scale": 1.0}
}