{
  "0": {"cam_K": [711.1112738715278, 0.0, 255.5, 0.0, 711.1112738715278, 255.5, 0.0, 0.0, 1.0], "cam_R_w2c": [0.11024168133735657, -0.9877231121063232, 0.11067923158407211, -0.7444175481796265, -0.15584024786949158, -0.6492737531661987, 0.6585509181022644, -0.010814514942467213, -0.7524585127830505], "cam_t_w2c": [139.52354431152344, -27.722444534301758, 244.16299438476562], "depth_scale": 1.0},
  "1": {"cam_K": [711.1112738715278, 0.0, 255.5, 0.0, 711.1112738715278, 255.5, 0.0, 0.0, 1.0], "cam_R_w2c": [0.8769009113311768, -0.3553939759731293, 0.32363542914390564, -0.23419710993766785, -0.9038717746734619, -0.3580045700073242, 0.4197576642036438, 0.2381400465965271, -0.8758382201194763], "cam_t_w2c": [-131.18267822265625, 22.802553176879883, 116.32400512695312], "depth_scale": 1.0}
}