{
  "0": {"cam_K": [711.1112738715278, 0.0, 255.5, 0.0, 711.1112738715278, 255.5, 0.0, 0.0, 1.0], "cam_R_w2c": [0.7186218500137329, 0.6925473213195801, -0.06293501704931259, 0.14986620843410492, -0.2426101118326187, -0.9584782123565674, -0.679060161113739, 0.6793515682220459, -0.27813437581062317], "cam_t_w2c": [-96.54911041259766, 161.11026000976562, 148.28395080566406], "depth_scale": 1.0},
  "1": {"cam_K": [711.1112738715278, 0.0, 255.5, 0.0, 711.1112738715278, 255.5, 0.0, 0.0, 1.0], "cam_R_w2c": [-0.9955344200134277, -0.06945448368787766, -0.06393501907587051, -0.004020730033516884, 0.7078499794006348, -0.7063513994216919, 0.09431567043066025, -0.7029399275779724, -0.7049683332443237], "cam_t_w2c": [-138.8372344970703, -180.79937744140625, 869.391845703125], "depth_scale": 1.0},
  "2": {"cam_K": [711.1112738715278, 0.0, 255.5, 0.0, 711.1112738715278, 255.5, 0.0, 0.0, 1.0], "cam_R_w2c": [-0.9955344200134277, -0.06945448368787766, -0.06393501907587051, -0.004020730033516884, 0.7078499794006348, -0.7063513994216919, 0.09431567043066025, -0.7029399275779724, -0.7049683332443237], "cam_t_w2c": [-138.8372344970703, -180.79937744140625, 869.391845703125], "depth_scale": 1.0},
  "3": {"cam_K": [711.1112738715278, 0.0, 255.5, 0.0, 711.1112738715278, 255.5, 0.0, 0.0, 1.0], "cam_R_w2c": [-0.20954208076000214, 0.9632328152656555, 0.1681508719921112, 0.6171437501907349, 0.2636719048023224, -0.7413573861122131, -0.758436381816864, -0.0515722781419754, -0.6497035026550293], "cam_t_w2c": [-361.84942626953125, 73.76826477050781, 407.2125244140625], "depth_scale": 1.0},
  "4": {"cam_K": [711.1112738715278, 0.0, 255.5, 0.0, 711.1112738715278, 255.5, 0.0, 0.0, 1.0], "cam_R_w2c": [-0.20954208076000214, 0.9632328152656555, 0.1681508719921112, 0.6171437501907349, 0.2636719048023224, -0.7413573861122131, -0.758436381816864, -0.0515722781419754, -0.6497035026550293], "cam_t_w2c": [-361.84942626953125, 73.76826477050781, 407.2125244140625], "depth_scale": 1.0},
  "5": {"cam_K": [711.1112738715278, 0.0, 255.5, 0.0, 711.1112738715278, 255.5, 0.0, 0.0, 1.0], "cam_R_w2c": [-0.4136425256729126, -0.8983474373817444, 0.1478910595178604, -0.2315889149904251, -0.05327510088682175, -0.9713538885116577, 0.8804922103881836, -0.4360431730747223, -0.186010479927063], "cam_t_w2c": [240.45724487304688, 56.55986785888672, 758.281982421875], "depth_scale": 1.0},
  "6": {"cam_K": [711.1112738715278, 0.0, 255.5, 0.0, 711.1112738715278, 255.5, 0.0, 0.0, 1.0], "cam_R_w2c": [-0.4136425256729126, -0.8983474373817444, 0.1478910595178604, -0.2315889149904251, -0.05327510088682175, -0.9713538885116577, 0.8804922103881836, -0.4360431730747223, -0.186010479927063], "cam_t_w2c": [240.45724487304688, 56.55986785888672, 758.281982421875], "depth_scale": 1.0},
  "7": {"cam_K": [711.1112738715278, 0.0, 255.5, 0.0, 711.1112738715278, 255.5, 0.0, 0.0, 1.0], "cam_R_w2c": [-0.02186780981719494, 0.9841322898864746, 0.17608410120010376, 0.524668276309967, 0.16122037172317505, -0.8359015583992004, -0.8510259985923767, 0.07410647720098495, -0.5198685526847839], "cam_t_w2c": [-364.46026611328125, 52.927085876464844, 452.3305358886719], "depth_scale": 1.0}
}