{
  "0": {"cam_K": [711.1112738715278, 0.0, 255.5, 0.0, 711.1112738715278, 255.5, 0.0, 0.0, 1.0], "cam_R_w2c": [0.4423639178276062, -0.8942794799804688, -0.06766357272863388, -0.7861781120300293, -0.3503720462322235, -0.5090808868408203, 0.4315531551837921, 0.2783946096897125, -0.8580548763275146], "cam_t_w2c": [107.32156372070312, 11.713452339172363, 419.0372619628906], "depth_scale": 1.0}
}