{
  "0": {"cam_K": [711.1112738715278, 0.0, 255.5, 0.0, 711.1112738715278, 255.5, 0.0, 0.0, 1.0], "cam_R_w2c": [-0.9523992538452148, -0.15327320992946625, -0.26351994276046753, 0.17982903122901917, 0.4155389964580536, -0.8916214108467102, 0.2461644858121872, -0.896568238735199, -0.36819595098495483], "cam_t_w2c": [75.61767578125, 20.737018585205078, 768.4552612304688], "depth_scale": 1.0},
  "1": {"cam_K": [711.1112738715278, 0.0, 255.5, 0.0, 711.1112738715278, 255.5, 0.0, 0.0, 1.0], "cam_R_w2c": [0.8929796814918518, -0.12910820543766022, 0.43118250370025635, 0.3928716778755188, -0.2438841313123703, -0.8866637945175171, 0.2196340709924698, 0.9611721634864807, -0.16706064343452454], "cam_t_w2c": [-31.893260955810547, 168.45578002929688, 280.073486328125], "depth_scale": 1.0},
  "2": {"cam_K": [711.1112738715278, 0.0, 255.5, 0.0, 711.1112738715278, 255.5, 0.0, 0.0, 1.0], "cam_R_w2c": [0.8929796814918518, -0.12910820543766022, 0.43118250370025635, 0.3928716778755188, -0.2438841313123703, -0.8866637945175171, 0.2196340709924698, 0.9611721634864807, -0.16706064343452454], "cam_t_w2c": [-31.893260955810547, 168.45578002929688, 280.073486328125], "depth_scale": 1.0}
}