{
  "0": {"cam_K": [711.1112738715278, 0.0, 255.5, 0.0, 711.1112738715278, 255.5, 0.0, 0.0, 1.0], "cam_R_w2c": [-0.0528559647500515, -0.7978619933128357, 0.600518524646759, -0.5520570278167725, -0.47776269912719727, -0.6833563446998596, 0.8321294188499451, -0.3676399290561676, -0.4152127504348755], "cam_t_w2c": [-109.59798431396484, -59.42503356933594, 140.63768005371094], "depth_scale": 1.0},
  "1": {"cam_K": [711.1112738715278, 0.0, 255.5, 0.0, 711.1112738715278, 255.5, 0.0, 0.0, 1.0], "cam_R_w2c": [-0.1660296618938446, -0.8692626357078552, -0.4656358063220978, -0.46505823731422424, 0.48540300130844116, -0.7403410077095032, 0.8695717453956604, 0.09362922608852386, -0.48484906554222107], "cam_t_w2c": [-107.98694610595703, 68.49297332763672, 204.82598876953125], "depth_scale": 1.0}
}