{
  "0": {"cam_K": [711.1112738715278, 0.0, 255.5, 0.0, 711.1112738715278, 255.5, 0.0, 0.0, 1.0], "cam_R_w2c": [0.9397789835929871, 0.341782808303833, -4.397066533101679e-08, 0.29085221886634827, -0.7997384667396545, -0.5251890420913696, -0.17950060963630676, 0.49356162548065186, -0.8509856462478638], "cam_t_w2c": [-27.466337203979492, -2356036.5, -3816460.5], "depth_scale": 1.0},
  "1": {"cam_K": [711.1112738715278, 0.0, 255.5, 0.0, 711.1112738715278, 255.5, 0.0, 0.0, 1.0], "cam_R_w2c": [-0.8884967565536499, -0.4588830769062042, 3.423557259907284e-08, -0.45642679929733276, 0.8837407827377319, -0.10332856327295303, 0.04741569608449936, -0.09180709719657898, -0.9946473836898804], "cam_t_w2c": [3.190992593765259, -463319.34375, -4461054.0], "depth_scale": 1.0}
}