{
  "0": {"cam_K": [711.1112738715278, 0.0, 255.5, 0.0, 711.1112738715278, 255.5, 0.0, 0.0, 1.0], "cam_R_w2c": [-0.8546294569969177, 0.5192388296127319, -4.629739791539578e-08, 0.5143142342567444, 0.8465237021446228, -0.1373988687992096, -0.07134278118610382, -0.1174251139163971, -0.9905160069465637], "cam_t_w2c": [321.8466796875, -627309.0, -4417115.5], "depth_scale": 1.0},
  "1": {"cam_K": [711.1112738715278, 0.0, 255.5, 0.0, 711.1112738715278, 255.5, 0.0, 0.0, 1.0], "cam_R_w2c": [-0.6428008079528809, 0.766033411026001, -1.6022156046346936e-07, 0.5014953017234802, 0.4208190441131592, -0.7559191584587097, -0.5790592432022095, -0.4859055280685425, -0.6546649932861328], "cam_t_w2c": [-4287.0029296875, -3382196.25, -2910129.5], "depth_scale": 1.0}
}