{
  "0": {"cam_K": [711.1112738715278, 0.0, 255.5, 0.0, 711.1112738715278, 255.5, 0.0, 0.0, 1.0], "cam_R_w2c": [0.989122211933136, -0.048185765743255615, -0.1389799565076828, -0.13818344473838806, -0.6282690763473511, -0.765626072883606, -0.050424523651599884, 0.7765024900436401, -0.6280933618545532], "cam_t_w2c": [123.2822494506836, -116.92730712890625, 799.9674072265625], "depth_scale": 1.0},
  "1": {"cam_K": [711.1112738715278, 0.0, 255.5, 0.0, 711.1112738715278, 255.5, 0.0, 0.0, 1.0], "cam_R_w2c": [0.35431358218193054, 0.9245308041572571, -0.14037376642227173, 0.3238399624824524, -0.2621340751647949, -0.9090729355812073, -0.8772625923156738, 0.27663832902908325, -0.3922777473926544], "cam_t_w2c": [-0.4520885944366455, -13.15951156616211, 1005.407958984375], "depth_scale": 1.0},
  "2": {"cam_K": [711.1112738715278, 0.0, 255.5, 0.0, 711.1112738715278, 255.5, 0.0, 0.0, 1.0], "cam_R_w2c": [0.35431358218193054, 0.9245308041572571, -0.14037376642227173, 0.3238399624824524, -0.2621340751647949, -0.9090729355812073, -0.8772625923156738, 0.27663832902908325, -0.3922777473926544], "cam_t_w2c": [-0.4520885944366455, -13.15951156616211, 1005.407958984375], "depth_scale": 1.0},
  "3": {"cam_K": [711.1112738715278, 0.0, 255.5, 0.0, 711.1112738715278, 255.5, 0.0, 0.0, 1.0], "cam_R_w2c": [-0.4442552328109741, 0.8956398367881775, 0.02159917913377285, 0.374432235956192, 0.2075202763080597, -0.9037343859672546, -0.8139027953147888, -0.3934013247489929, -0.427548348903656], "cam_t_w2c": [39.31500244140625, -6.761656761169434, 879.3980712890625], "depth_scale": 1.0},
  "4": {"cam_K": [711.1112738715278, 0.0, 255.5, 0.0, 711.1112738715278, 255.5, 0.0, 0.0, 1.0], "cam_R_w2c": [-0.4442552328109741, 0.8956398367881775, 0.02159917913377285, 0.374432235956192, 0.2075202763080597, -0.9037343859672546, -0.8139027953147888, -0.3934013247489929, -0.427548348903656], "cam_t_w2c": [39.31500244140625, -6.761656761169434, 879.3980712890625], "depth_scale": 1.0}
}