{
  "0": {"cam_K": [711.1112738715278, 0.0, 255.5, 0.0, 711.1112738715278, 255.5, 0.0, 0.0, 1.0], "cam_R_w2c": [0.999994158744812, -0.0034167624544352293, -3.128536874008603e-10, -0.0015763278352096677, -0.46134865283966064, -0.88721764087677, 0.003031411673873663, 0.8872124552726746, -0.46135133504867554], "cam_t_w2c": [266.966064453125, 105.74797821044922, 956.2451171875], "depth_scale": 1.0},
  "1": {"cam_K": [711.1112738715278, 0.0, 255.5, 0.0, 711.1112738715278, 255.5, 0.0, 0.0, 1.0], "cam_R_w2c": [0.9283915162086487, 0.37160348892211914, 4.1804959494129434e-09, 0.2975303530693054, -0.7433316111564636, -0.5991106629371643, -0.22263163328170776, 0.5562092661857605, -0.800666093826294], "cam_t_w2c": [251.13487243652344, 147.34814453125, 820.7764282226562], "depth_scale": 1.0}
}