{
  "0": {"cam_K": [711.1112738715278, 0.0, 255.5, 0.0, 711.1112738715278, 255.5, 0.0, 0.0, 1.0], "cam_R_w2c": [-0.732242226600647, -0.681044340133667, 1.6376330336242972e-07, -0.6254878640174866, 0.6725091338157654, -0.39559635519981384, 0.26941853761672974, -0.28967246413230896, -0.9184244871139526], "cam_t_w2c": [-15.07498836517334, 304.7978210449219, 934.4173583984375], "depth_scale": 1.0},
  "1": {"cam_K": [711.1112738715278, 0.0, 255.5, 0.0, 711.1112738715278, 255.5, 0.0, 0.0, 1.0], "cam_R_w2c": [0.3287331461906433, 0.9444227814674377, -2.0146937629306194e-07, 0.9210579991340637, -0.3206002712249756, -0.2210599184036255, -0.2087741196155548, 0.07266952842473984, -0.9752600789070129], "cam_t_w2c": [157.7965850830078, -247.6490936279297, 951.5993041992188], "depth_scale": 1.0}
}