{
  "0": {"cam_K": [711.1112738715278, 0.0, 255.5, 0.0, 711.1112738715278, 255.5, 0.0, 0.0, 1.0], "cam_R_w2c": [-0.24064931273460388, -0.970612108707428, 1.9955679775307544e-08, -0.6880995035171509, 0.17060436308383942, -0.705275297164917, 0.6845487356185913, -0.16972403228282928, -0.7089335918426514], "cam_t_w2c": [1611.6734619140625, -3162982.75, -3168828.25], "depth_scale": 1.0},
  "1": {"cam_K": [711.1112738715278, 0.0, 255.5, 0.0, 711.1112738715278, 255.5, 0.0, 0.0, 1.0], "cam_R_w2c": [-0.6304938793182373, 0.776194155216217, -6.19386753442086e-07, 0.7752672433853149, 0.6297409534454346, -0.04885740205645561, -0.037922441959381104, -0.030804773792624474, -0.9988057017326355], "cam_t_w2c": [-6366.41064453125, -216009.09375, -4471856.0], "depth_scale": 1.0}
}