{
  "0": {"cam_K": [711.1112738715278, 0.0, 255.5, 0.0, 711.1112738715278, 255.5, 0.0, 0.0, 1.0], "cam_R_w2c": [-0.9853530526161194, -0.013646957464516163, 0.16997942328453064, -0.15826381742954254, 0.44434747099876404, -0.8817640542984009, -0.06349653005599976, -0.8957505226135254, -0.43999892473220825], "cam_t_w2c": [106.09416961669922, -50.6608772277832, 487.2867126464844], "depth_scale": 1.0},
  "1": {"cam_K": [711.1112738715278, 0.0, 255.5, 0.0, 711.1112738715278, 255.5, 0.0, 0.0, 1.0], "cam_R_w2c": [-0.9853530526161194, -0.013646957464516163, 0.16997942328453064, -0.15826381742954254, 0.44434747099876404, -0.8817640542984009, -0.06349653005599976, -0.8957505226135254, -0.43999892473220825], "cam_t_w2c": [106.09416961669922, -50.6608772277832, 487.2867126464844], "depth_scale": 1.0}
}