{
  "0": {"cam_K": [711.1112738715278, 0.0, 255.5, 0.0, 711.1112738715278, 255.5, 0.0, 0.0, 1.0], "cam_R_w2c": [-0.32445278763771057, 0.9459019303321838, 2.119119280052928e-08, 0.9315254092216492, 0.3195214867591858, -0.17368486523628235, -0.16428884863853455, -0.056352514773607254, -0.9848012924194336], "cam_t_w2c": [318.0014343261719, -779194.375, -4416497.0], "depth_scale": 1.0},
  "1": {"cam_K": [711.1112738715278, 0.0, 255.5, 0.0, 711.1112738715278, 255.5, 0.0, 0.0, 1.0], "cam_R_w2c": [-0.1662949174642563, 0.9860761165618896, -3.505137868842212e-08, 0.9378437399864197, 0.1581607609987259, -0.30892449617385864, -0.3046230375766754, -0.05137258768081665, -0.9510866403579712], "cam_t_w2c": [290.2834167480469, -1385847.875, -4264978.5], "depth_scale": 1.0}
}