{
  "0": {"cam_K": [711.1112738715278, 0.0, 255.5, 0.0, 711.1112738715278, 255.5, 0.0, 0.0, 1.0], "cam_R_w2c": [0.8685028553009033, 0.49568411707878113, -1.651882968189966e-07, 0.48358556628227234, -0.8473047018051147, -0.2195899486541748, -0.10884739458560944, 0.19071443378925323, -0.9755922555923462], "cam_t_w2c": [-8.561068534851074, -158.8562774658203, 1122.0323486328125], "depth_scale": 1.0},
  "1": {"cam_K": [711.1112738715278, 0.0, 255.5, 0.0, 711.1112738715278, 255.5, 0.0, 0.0, 1.0], "cam_R_w2c": [-0.9748079776763916, 0.2230457365512848, -5.8893569132578705e-08, 0.07326863706111908, 0.32021594047546387, -0.9445070028305054, -0.21066823601722717, -0.920712947845459, -0.32849130034446716], "cam_t_w2c": [166.00094604492188, 361.8534851074219, 700.8002319335938], "depth_scale": 1.0}
}