{
  "0": {"cam_K": [2346.1825408935547, 0.0, 956.150695733726, 0.0, 2351.0241982895623, 613.6550906152873, 0.0, 0.0, 1.0], "cam_R_w2c": [0.4325158894062042, -0.9016263484954834, -1.4347777721468447e-07, -0.3947451114654541, -0.18936173617839813, -0.8990654349327087, 0.8106210231781006, 0.38886019587516785, -0.4378145933151245], "cam_t_w2c": [443.432373046875, -37.837650299072266, 1331.7276611328125], "depth_scale": 1.0}
}