{
  "0": {"cam_K": [711.1112738715278, 0.0, 255.5, 0.0, 711.1112738715278, 255.5, 0.0, 0.0, 1.0], "cam_R_w2c": [0.23815791308879852, -0.9712265729904175, 2.628126196668745e-07, -0.9529228806495667, -0.23366990685462952, -0.1932271271944046, 0.1876673549413681, 0.046018335968256, -0.9811543226242065], "cam_t_w2c": [-71.58837890625, -866502.875, -4400091.0], "depth_scale": 1.0},
  "1": {"cam_K": [711.1112738715278, 0.0, 255.5, 0.0, 711.1112738715278, 255.5, 0.0, 0.0, 1.0], "cam_R_w2c": [-0.66594398021698, -0.7460017800331116, 9.363381181515251e-09, -0.7337951064109802, 0.6550472378730774, -0.18016085028648376, 0.13440030813217163, -0.11997704207897186, -0.9836372137069702], "cam_t_w2c": [170.31866455078125, -807941.75, -4411375.5], "depth_scale": 1.0}
}