{
  "0": [{"cam_R_m2c": [-0.1574840545654297, 0.3166787624359131, 0.9353679418563843, 0.9832585453987122, 0.1381988674402237, 0.11875858157873154, -0.09165842086076736, 0.9384111762046814, -0.33314117789268494], "cam_t_m2c": [399.7155456542969, 89.13349151611328, 600.730224609375], "obj_id": 2}],
  "1": [{"cam_R_m2c": [-0.5350499153137207, 0.07763752341270447, -0.8412453532218933, 0.26312369108200073, 0.9615539908409119, -0.07861162722110748, 0.802799642086029, -0.263412743806839, -0.5349076986312866], "cam_t_m2c": [-373.36431884765625, 2.688169479370117, 547.3394165039062], "obj_id": 2}]
}