{
  "0": {"cam_K": [711.1112738715278, 0.0, 255.5, 0.0, 711.1112738715278, 255.5, 0.0, 0.0, 1.0], "cam_R_w2c": [0.03368005529046059, 0.9994327425956726, 8.09013585012508e-08, 0.8365814685821533, -0.02819221466779709, -0.547116756439209, -0.5468063950538635, 0.018427036702632904, -0.8370564579963684], "cam_t_w2c": [3450.33251953125, -1808034.875, -2775475.0], "depth_scale": 1.0},
  "1": {"cam_K": [711.1112738715278, 0.0, 255.5, 0.0, 711.1112738715278, 255.5, 0.0, 0.0, 1.0], "cam_R_w2c": [-0.7574568390846252, -0.6528851389884949, 2.8992897682655894e-07, -0.16835179924964905, 0.19531609117984772, -0.9661828279495239, 0.6308063864707947, -0.7318419218063354, -0.2578578591346741], "cam_t_w2c": [-6362.88330078125, -3201303.0, -852403.3125], "depth_scale": 1.0}
}