{
  "0": {"cam_K": [711.1112738715278, 0.0, 255.5, 0.0, 711.1112738715278, 255.5, 0.0, 0.0, 1.0], "cam_R_w2c": [-0.43975603580474854, -0.8981173038482666, 1.393183346465321e-09, -0.8172643780708313, 0.40016695857048035, -0.41466301679611206, 0.37241601943969727, -0.1823505461215973, -0.9099751710891724], "cam_t_w2c": [79.5211181640625, -1860131.5, -4080662.5], "depth_scale": 1.0},
  "1": {"cam_K": [711.1112738715278, 0.0, 255.5, 0.0, 711.1112738715278, 255.5, 0.0, 0.0, 1.0], "cam_R_w2c": [-0.5557581186294556, -0.8313441276550293, -1.613371836128863e-07, -0.19585955142974854, 0.13093331456184387, -0.971851646900177, 0.8079431653022766, -0.5401143431663513, -0.2355939894914627], "cam_t_w2c": [51.372440338134766, -4359243.0, -1055447.0], "depth_scale": 1.0}
}