{
  "0": [{"cam_R_m2c": [0.17998778820037842, -0.0726994201540947, -0.9809785485267639, 0.7706899046897888, -0.6092886328697205, 0.18655818700790405, -0.6112619638442993, -0.7896085977554321, -0.05363558232784271], "cam_t_m2c": [750.0867309570312, 162.72079467773438, 1026.9149169921875], "obj_id": 2}, {"cam_R_m2c": [0.06445956230163574, 0.15027569234371185, 0.9865404963493347, -0.478217750787735, 0.872340738773346, -0.10163385421037674, -0.8758725523948669, -0.46522989869117737, 0.12809520959854126], "cam_t_m2c": [466.0650329589844, 45.450523376464844, 834.8085327148438], "obj_id": 0}],
  "1": [{"cam_R_m2c": [-0.2200932800769806, -0.26428505778312683, -0.938995361328125, 0.974509596824646, -0.01667174883186817, -0.22372522950172424, 0.04347250983119011, -0.9643004536628723, 0.26121774315834045], "cam_t_m2c": [725.2540893554688, 298.7979736328125, 1014.7447509765625], "obj_id": 2}, {"cam_R_m2c": [-0.19878046214580536, -0.20806138217449188, 0.9577037692070007, 0.18117038905620575, 0.952561616897583, 0.24454785883426666, -0.9631528258323669, 0.22211894392967224, -0.15165606141090393], "cam_t_m2c": [415.36968994140625, 211.48875427246094, 848.2316284179688], "obj_id": 0}]
}