{
  "0": {"cam_K": [711.1112738715278, 0.0, 255.5, 0.0, 711.1112738715278, 255.5, 0.0, 0.0, 1.0], "cam_R_w2c": [-0.7731881141662598, 0.6341767311096191, 5.3849777970071955e-08, 0.2683095633983612, 0.3271230161190033, -0.9060907959938049, -0.5746217370033264, -0.7005786299705505, -0.4230833053588867], "cam_t_w2c": [701.5475463867188, -4064160.5, -1896941.25], "depth_scale": 1.0},
  "1": {"cam_K": [711.1112738715278, 0.0, 255.5, 0.0, 711.1112738715278, 255.5, 0.0, 0.0, 1.0], "cam_R_w2c": [-0.9719050526618958, 0.23537352681159973, -3.462146125343679e-09, 0.2146252691745758, 0.8862311840057373, -0.4105243980884552, -0.09662657231092453, -0.3989907205104828, -0.9118496775627136], "cam_t_w2c": [601.001953125, -1841035.625, -4089277.0], "depth_scale": 1.0}
}