{
  "0": {"cam_K": [711.1112738715278, 0.0, 255.5, 0.0, 711.1112738715278, 255.5, 0.0, 0.0, 1.0], "cam_R_w2c": [-0.06470535695552826, -0.9979044795036316, 2.3575762497785036e-07, -0.5113738179206848, 0.03315778449177742, -0.8587185144424438, 0.85691899061203, -0.055563732981681824, -0.5124477744102478], "cam_t_w2c": [38.289634704589844, -3851973.75, -2298004.0], "depth_scale": 1.0},
  "1": {"cam_K": [711.1112738715278, 0.0, 255.5, 0.0, 711.1112738715278, 255.5, 0.0, 0.0, 1.0], "cam_R_w2c": [-0.23975610733032227, 0.9708331823348999, -9.582112880934801e-08, 0.7119506597518921, 0.17582260072231293, -0.6798623204231262, -0.6600328683853149, -0.1630011945962906, -0.7333398461341858], "cam_t_w2c": [-8.976791381835938, -3049782.5, -3288590.0], "depth_scale": 1.0}
}