{
  "0": {"cam_K": [711.1112738715278, 0.0, 255.5, 0.0, 711.1112738715278, 255.5, 0.0, 0.0, 1.0], "cam_R_w2c": [0.9364997148513794, -0.2252751737833023, 0.2687366008758545, 0.0974796935915947, -0.5689097046852112, -0.8166024088859558, 0.33684709668159485, 0.7909442782402039, -0.5108240246772766], "cam_t_w2c": [42.81461715698242, -76.0184097290039, 657.815673828125], "depth_scale": 1.0},
  "1": {"cam_K": [711.1112738715278, 0.0, 255.5, 0.0, 711.1112738715278, 255.5, 0.0, 0.0, 1.0], "cam_R_w2c": [0.6319341659545898, 0.7325048446655273, -0.2531716525554657, 0.42280012369155884, -0.5996021032333374, -0.6794978976249695, -0.6495377421379089, 0.3223569393157959, -0.688612163066864], "cam_t_w2c": [275.0019836425781, -207.10061645507812, 483.7743835449219], "depth_scale": 1.0},
  "2": {"cam_K": [711.1112738715278, 0.0, 255.5, 0.0, 711.1112738715278, 255.5, 0.0, 0.0, 1.0], "cam_R_w2c": [0.6319341659545898, 0.7325048446655273, -0.2531716525554657, 0.42280012369155884, -0.5996021032333374, -0.6794978976249695, -0.6495377421379089, 0.3223569393157959, -0.688612163066864], "cam_t_w2c": [275.0019836425781, -207.10061645507812, 483.7743835449219], "depth_scale": 1.0},
  "3": {"cam_K": [711.1112738715278, 0.0, 255.5, 0.0, 711.1112738715278, 255.5, 0.0, 0.0, 1.0], "cam_R_w2c": [0.29842400550842285, 0.9544326663017273, 0.001177809201180935, 0.2944676876068115, -0.09089771658182144, -0.9513287544250488, -0.907872200012207, 0.28424614667892456, -0.308175653219223], "cam_t_w2c": [439.65478515625, -182.825927734375, 528.2881469726562], "depth_scale": 1.0},
  "4": {"cam_K": [711.1112738715278, 0.0, 255.5, 0.0, 711.1112738715278, 255.5, 0.0, 0.0, 1.0], "cam_R_w2c": [0.29842400550842285, 0.9544326663017273, 0.001177809201180935, 0.2944676876068115, -0.09089771658182144, -0.9513287544250488, -0.907872200012207, 0.28424614667892456, -0.308175653219223], "cam_t_w2c": [439.65478515625, -182.825927734375, 528.2881469726562], "depth_scale": 1.0},
  "5": {"cam_K": [711.1112738715278, 0.0, 255.5, 0.0, 711.1112738715278, 255.5, 0.0, 0.0, 1.0], "cam_R_w2c": [-0.4748147428035736, 0.7650718092918396, 0.4349898397922516, 0.43879732489585876, 0.6342411041259766, -0.6365494132041931, -0.7628943920135498, -0.11137066036462784, -0.6368584632873535], "cam_t_w2c": [575.4027709960938, 213.8092498779297, 284.0597229003906], "depth_scale": 1.0},
  "6": {"cam_K": [711.1112738715278, 0.0, 255.5, 0.0, 711.1112738715278, 255.5, 0.0, 0.0, 1.0], "cam_R_w2c": [-0.4748147428035736, 0.7650718092918396, 0.4349898397922516, 0.43879732489585876, 0.6342411041259766, -0.6365494132041931, -0.7628943920135498, -0.11137066036462784, -0.6368584632873535], "cam_t_w2c": [575.4027709960938, 213.8092498779297, 284.0597229003906], "depth_scale": 1.0},
  "7": {"cam_K": [711.1112738715278, 0.0, 255.5, 0.0, 711.1112738715278, 255.5, 0.0, 0.0, 1.0], "cam_R_w2c": [-0.7220467925071716, 0.6916890740394592, 0.014661526307463646, 0.31454581022262573, 0.34707847237586975, -0.8835143446922302, -0.6162058711051941, -0.6333268284797668, -0.46817487478256226], "cam_t_w2c": [605.1270141601562, 79.51150512695312, 191.79588317871094], "depth_scale": 1.0},
  "8": {"cam_K": [711.1112738715278, 0.0, 255.5, 0.0, 711.1112738715278, 255.5, 0.0, 0.0, 1.0], "cam_R_w2c": [-0.7220467925071716, 0.6916890740394592, 0.014661526307463646, 0.31454581022262573, 0.34707847237586975, -0.8835143446922302, -0.6162058711051941, -0.6333268284797668, -0.46817487478256226], "cam_t_w2c": [605.1270141601562, 79.51150512695312, 191.79588317871094], "depth_scale": 1.0},
  "9": {"cam_K": [711.1112738715278, 0.0, 255.5, 0.0, 711.1112738715278, 255.5, 0.0, 0.0, 1.0], "cam_R_w2c": [-0.014440227299928665, -0.9332892298698425, 0.3588351607322693, -0.6016753315925598, -0.27851879596710205, -0.7486081123352051, 0.7986102104187012, -0.22671233117580414, -0.5575152635574341], "cam_t_w2c": [-618.6651611328125, -2.8871896266937256, 47.94474792480469], "depth_scale": 1.0}
}