{
  "0": {"cam_K": [711.1112738715278, 0.0, 255.5, 0.0, 711.1112738715278, 255.5, 0.0, 0.0, 1.0], "cam_R_w2c": [-0.2248602658510208, 0.972970187664032, -0.05260232090950012, 0.6074484586715698, 0.09776604920625687, -0.7883199453353882, -0.7618690133094788, -0.2092149555683136, -0.613012969493866], "cam_t_w2c": [13.081259727478027, 46.38489532470703, 330.81768798828125], "depth_scale": 1.0}
}