{
  "0": {"cam_K": [711.1112738715278, 0.0, 255.5, 0.0, 711.1112738715278, 255.5, 0.0, 0.0, 1.0], "cam_R_w2c": [-0.9855045676231384, 0.16965040564537048, 8.973454868055342e-09, 0.15124483406543732, 0.8785858154296875, -0.45300331711769104, -0.07685219496488571, -0.44643670320510864, -0.8915090560913086], "cam_t_w2c": [-3905.848388671875, -1997282.0, -3928399.75], "depth_scale": 1.0},
  "1": {"cam_K": [711.1112738715278, 0.0, 255.5, 0.0, 711.1112738715278, 255.5, 0.0, 0.0, 1.0], "cam_R_w2c": [0.7707653045654297, -0.6371192336082458, -6.058903778694003e-08, -0.636853814125061, -0.770444393157959, -0.02886142022907734, 0.018388118594884872, 0.022245420143008232, -0.9995836019515991], "cam_t_w2c": [3703.4599609375, -128605.390625, -4404844.0], "depth_scale": 1.0}
}