{
  "0": {"cam_K": [711.1112738715278, 0.0, 255.5, 0.0, 711.1112738715278, 255.5, 0.0, 0.0, 1.0], "cam_R_w2c": [-0.9998700022697449, -0.016129422932863235, -5.427952132208702e-08, -0.011786315590143204, 0.7306410670280457, -0.6826600432395935, 0.011010952293872833, -0.6825712323188782, -0.7307361960411072], "cam_t_w2c": [188.40293884277344, -3062221.25, -3277168.0], "depth_scale": 1.0},
  "1": {"cam_K": [711.1112738715278, 0.0, 255.5, 0.0, 711.1112738715278, 255.5, 0.0, 0.0, 1.0], "cam_R_w2c": [-0.17251169681549072, 0.9850075244903564, -5.417606985247403e-08, 0.6952126026153564, 0.12175767868757248, -0.7084168791770935, -0.6977959275245667, -0.12221021950244904, -0.7057942748069763], "cam_t_w2c": [177.2170867919922, -3177987.5, -3165210.25], "depth_scale": 1.0}
}