{
  "0": {"cam_K": [711.1112738715278, 0.0, 255.5, 0.0, 711.1112738715278, 255.5, 0.0, 0.0, 1.0], "cam_R_w2c": [0.4262520968914032, 0.7261597514152527, 0.5394454002380371, 0.769062876701355, 0.02307950332760811, -0.638756513595581, -0.47628942131996155, 0.6871387362480164, -0.5486248135566711], "cam_t_w2c": [-373.8999328613281, -145.3323516845703, 770.3345947265625], "depth_scale": 1.0},
  "1": {"cam_K": [711.1112738715278, 0.0, 255.5, 0.0, 711.1112738715278, 255.5, 0.0, 0.0, 1.0], "cam_R_w2c": [0.4262520968914032, 0.7261597514152527, 0.5394454002380371, 0.769062876701355, 0.02307950332760811, -0.638756513595581, -0.47628942131996155, 0.6871387362480164, -0.5486248135566711], "cam_t_w2c": [-373.8999328613281, -145.3323516845703, 770.3345947265625], "depth_scale": 1.0},
  "2": {"cam_K": [711.1112738715278, 0.0, 255.5, 0.0, 711.1112738715278, 255.5, 0.0, 0.0, 1.0], "cam_R_w2c": [0.4262520968914032, 0.7261597514152527, 0.5394454002380371, 0.769062876701355, 0.02307950332760811, -0.638756513595581, -0.47628942131996155, 0.6871387362480164, -0.5486248135566711], "cam_t_w2c": [-373.8999328613281, -145.3323516845703, 770.3345947265625], "depth_scale": 1.0},
  "3": {"cam_K": [711.1112738715278, 0.0, 255.5, 0.0, 711.1112738715278, 255.5, 0.0, 0.0, 1.0], "cam_R_w2c": [0.4262520968914032, 0.7261597514152527, 0.5394454002380371, 0.769062876701355, 0.02307950332760811, -0.638756513595581, -0.47628942131996155, 0.6871387362480164, -0.5486248135566711], "cam_t_w2c": [-373.8999328613281, -145.3323516845703, 770.3345947265625], "depth_scale": 1.0},
  "4": {"cam_K": [711.1112738715278, 0.0, 255.5, 0.0, 711.1112738715278, 255.5, 0.0, 0.0, 1.0], "cam_R_w2c": [0.4262520968914032, 0.7261597514152527, 0.5394454002380371, 0.769062876701355, 0.02307950332760811, -0.638756513595581, -0.47628942131996155, 0.6871387362480164, -0.5486248135566711], "cam_t_w2c": [-373.8999328613281, -145.3323516845703, 770.3345947265625], "depth_scale": 1.0},
  "5": {"cam_K": [711.1112738715278, 0.0, 255.5, 0.0, 711.1112738715278, 255.5, 0.0, 0.0, 1.0], "cam_R_w2c": [0.4262520968914032, 0.7261597514152527, 0.5394454002380371, 0.769062876701355, 0.02307950332760811, -0.638756513595581, -0.47628942131996155, 0.6871387362480164, -0.5486248135566711], "cam_t_w2c": [-373.8999328613281, -145.3323516845703, 770.3345947265625], "depth_scale": 1.0},
  "6": {"cam_K": [711.1112738715278, 0.0, 255.5, 0.0, 711.1112738715278, 255.5, 0.0, 0.0, 1.0], "cam_R_w2c": [0.4262520968914032, 0.7261597514152527, 0.5394454002380371, 0.769062876701355, 0.02307950332760811, -0.638756513595581, -0.47628942131996155, 0.6871387362480164, -0.5486248135566711], "cam_t_w2c": [-373.8999328613281, -145.3323516845703, 770.3345947265625], "depth_scale": 1.0},
  "7": {"cam_K": [711.1112738715278, 0.0, 255.5, 0.0, 711.1112738715278, 255.5, 0.0, 0.0, 1.0], "cam_R_w2c": [0.4262520968914032, 0.7261597514152527, 0.5394454002380371, 0.769062876701355, 0.02307950332760811, -0.638756513595581, -0.47628942131996155, 0.6871387362480164, -0.5486248135566711], "cam_t_w2c": [-373.8999328613281, -145.3323516845703, 770.3345947265625], "depth_scale": 1.0},
  "8": {"cam_K": [711.1112738715278, 0.0, 255.5, 0.0, 711.1112738715278, 255.5, 0.0, 0.0, 1.0], "cam_R_w2c": [0.4262520968914032, 0.7261597514152527, 0.5394454002380371, 0.769062876701355, 0.02307950332760811, -0.638756513595581, -0.47628942131996155, 0.6871387362480164, -0.5486248135566711], "cam_t_w2c": [-373.8999328613281, -145.3323516845703, 770.3345947265625], "depth_scale": 1.0},
  "9": {"cam_K": [711.1112738715278, 0.0, 255.5, 0.0, 711.1112738715278, 255.5, 0.0, 0.0, 1.0], "cam_R_w2c": [0.4262520968914032, 0.7261597514152527, 0.5394454002380371, 0.769062876701355, 0.02307950332760811, -0.638756513595581, -0.47628942131996155, 0.6871387362480164, -0.5486248135566711], "cam_t_w2c": [-373.8999328613281, -145.3323516845703, 770.3345947265625], "depth_scale": 1.0}
}