{
  "0": {"cam_K": [2346.1825408935547, 0.0, 956.150695733726, 0.0, 2351.0241982895623, 613.6550906152873, 0.0, 0.0, 1.0], "cam_R_w2c": [-0.8330011963844299, 0.5532712340354919, -9.260753586204373e-08, 0.23480001091957092, 0.3535130023956299, -0.9054819345474243, -0.500977098941803, -0.7542675137519836, -0.4243848919868469], "cam_t_w2c": [-100.20540618896484, 293.52337646484375, 4724.5439453125], "depth_scale": 1.0}
}