{
  "0": {"cam_K": [711.1112738715278, 0.0, 255.5, 0.0, 711.1112738715278, 255.5, 0.0, 0.0, 1.0], "cam_R_w2c": [-0.3461008667945862, -0.9381973743438721, 4.6034426048890964e-08, -0.4901108741760254, 0.18080168962478638, -0.8527028560638428, 0.8000035285949707, -0.2951211631298065, -0.5223963856697083], "cam_t_w2c": [-183.76808166503906, -3824822.25, -2342192.0], "depth_scale": 1.0},
  "1": {"cam_K": [711.1112738715278, 0.0, 255.5, 0.0, 711.1112738715278, 255.5, 0.0, 0.0, 1.0], "cam_R_w2c": [-0.8387302756309509, -0.5445472002029419, -1.1902575636213442e-07, -0.4613388478755951, 0.7105699777603149, -0.5312784314155579, 0.28930628299713135, -0.445599228143692, -0.8471973538398743], "cam_t_w2c": [-155.14443969726562, -2382975.75, -3799162.0], "depth_scale": 1.0}
}