{
  "0": {"cam_K": [711.1112738715278, 0.0, 255.5, 0.0, 711.1112738715278, 255.5, 0.0, 0.0, 1.0], "cam_R_w2c": [0.6826204061508179, 0.6471659541130066, 0.33941951394081116, 0.687075674533844, -0.4101712107658386, -0.5997388362884521, -0.24891045689582825, 0.6426008939743042, -0.7246432304382324], "cam_t_w2c": [-78.77071380615234, 63.460960388183594, 839.5810546875], "depth_scale": 1.0},
  "1": {"cam_K": [711.1112738715278, 0.0, 255.5, 0.0, 711.1112738715278, 255.5, 0.0, 0.0, 1.0], "cam_R_w2c": [0.6826204061508179, 0.6471659541130066, 0.33941951394081116, 0.687075674533844, -0.4101712107658386, -0.5997388362884521, -0.24891045689582825, 0.6426008939743042, -0.7246432304382324], "cam_t_w2c": [-78.77071380615234, 63.460960388183594, 839.5810546875], "depth_scale": 1.0},
  "2": {"cam_K": [711.1112738715278, 0.0, 255.5, 0.0, 711.1112738715278, 255.5, 0.0, 0.0, 1.0], "cam_R_w2c": [-0.9381706118583679, 0.17648845911026, 0.2978048026561737, -0.07643845677375793, 0.7334281802177429, -0.675455629825592, -0.3376285433769226, -0.6564563512802124, -0.6745902895927429], "cam_t_w2c": [-9.149892807006836, -73.26261901855469, 1161.68310546875], "depth_scale": 1.0},
  "3": {"cam_K": [711.1112738715278, 0.0, 255.5, 0.0, 711.1112738715278, 255.5, 0.0, 0.0, 1.0], "cam_R_w2c": [-0.9381706118583679, 0.17648845911026, 0.2978048026561737, -0.07643845677375793, 0.7334281802177429, -0.675455629825592, -0.3376285433769226, -0.6564563512802124, -0.6745902895927429], "cam_t_w2c": [-9.149892807006836, -73.26261901855469, 1161.68310546875], "depth_scale": 1.0},
  "4": {"cam_K": [711.1112738715278, 0.0, 255.5, 0.0, 711.1112738715278, 255.5, 0.0, 0.0, 1.0], "cam_R_w2c": [-0.9381706118583679, 0.17648845911026, 0.2978048026561737, -0.07643845677375793, 0.7334281802177429, -0.675455629825592, -0.3376285433769226, -0.6564563512802124, -0.6745902895927429], "cam_t_w2c": [-9.149892807006836, -73.26261901855469, 1161.68310546875], "depth_scale": 1.0}
}