{
  "0": {"cam_K": [711.1112738715278, 0.0, 255.5, 0.0, 711.1112738715278, 255.5, 0.0, 0.0, 1.0], "cam_R_w2c": [0.5523416996002197, 0.8336178064346313, 4.555228727554095e-08, 0.7382982969284058, -0.48918455839157104, -0.46434277296066284, -0.38708436489105225, 0.25647592544555664, -0.8856556415557861], "cam_t_w2c": [-75.82023620605469, -46.97166061401367, 1067.7579345703125], "depth_scale": 1.0},
  "1": {"cam_K": [711.1112738715278, 0.0, 255.5, 0.0, 711.1112738715278, 255.5, 0.0, 0.0, 1.0], "cam_R_w2c": [0.39881786704063416, 0.9170300960540771, 9.133387379733904e-09, 0.7271857857704163, -0.3162541687488556, -0.609248697757721, -0.5586994290351868, 0.2429792582988739, -0.7929791212081909], "cam_t_w2c": [-52.28548812866211, -23.089590072631836, 1194.0286865234375], "depth_scale": 1.0}
}