{
  "0": {"cam_K": [711.1112738715278, 0.0, 255.5, 0.0, 711.1112738715278, 255.5, 0.0, 0.0, 1.0], "cam_R_w2c": [0.7179704904556274, 0.6843553185462952, 0.12718577682971954, 0.5094067454338074, -0.3920653760433197, -0.7660220265388489, -0.47436606884002686, 0.6147705316543579, -0.6301065683364868], "cam_t_w2c": [-183.217041015625, -10.971445083618164, 952.1959838867188], "depth_scale": 1.0},
  "1": {"cam_K": [711.1112738715278, 0.0, 255.5, 0.0, 711.1112738715278, 255.5, 0.0, 0.0, 1.0], "cam_R_w2c": [-0.6850032210350037, 0.7198324799537659, 0.11230248212814331, 0.28047627210617065, 0.4028294086456299, -0.8712413907051086, -0.6723865866661072, -0.5653049349784851, -0.47783538699150085], "cam_t_w2c": [8.807394027709961, -74.86334228515625, 846.2965087890625], "depth_scale": 1.0},
  "2": {"cam_K": [711.1112738715278, 0.0, 255.5, 0.0, 711.1112738715278, 255.5, 0.0, 0.0, 1.0], "cam_R_w2c": [-0.6850032210350037, 0.7198324799537659, 0.11230248212814331, 0.28047627210617065, 0.4028294086456299, -0.8712413907051086, -0.6723865866661072, -0.5653049349784851, -0.47783538699150085], "cam_t_w2c": [8.807394027709961, -74.86334228515625, 846.2965087890625], "depth_scale": 1.0},
  "3": {"cam_K": [711.1112738715278, 0.0, 255.5, 0.0, 711.1112738715278, 255.5, 0.0, 0.0, 1.0], "cam_R_w2c": [0.03545869141817093, -0.9778777956962585, 0.20615006983280182, -0.45245110988616943, -0.19963659346103668, -0.8691567778587341, 0.8910840749740601, -0.06245357170701027, -0.4495208263397217], "cam_t_w2c": [116.83098602294922, 107.51054382324219, 628.4192504882812], "depth_scale": 1.0},
  "4": {"cam_K": [711.1112738715278, 0.0, 255.5, 0.0, 711.1112738715278, 255.5, 0.0, 0.0, 1.0], "cam_R_w2c": [0.03545869141817093, -0.9778777956962585, 0.20615006983280182, -0.45245110988616943, -0.19963659346103668, -0.8691567778587341, 0.8910840749740601, -0.06245357170701027, -0.4495208263397217], "cam_t_w2c": [116.83098602294922, 107.51054382324219, 628.4192504882812], "depth_scale": 1.0},
  "5": {"cam_K": [711.1112738715278, 0.0, 255.5, 0.0, 711.1112738715278, 255.5, 0.0, 0.0, 1.0], "cam_R_w2c": [-0.28040462732315063, -0.9303690791130066, -0.2361922711133957, -0.432768315076828, 0.342170774936676, -0.834044873714447, 0.8567876219749451, -0.13165344297885895, -0.49858054518699646], "cam_t_w2c": [174.5559539794922, 34.93402099609375, 498.7408447265625], "depth_scale": 1.0},
  "6": {"cam_K": [711.1112738715278, 0.0, 255.5, 0.0, 711.1112738715278, 255.5, 0.0, 0.0, 1.0], "cam_R_w2c": [-0.28040462732315063, -0.9303690791130066, -0.2361922711133957, -0.432768315076828, 0.342170774936676, -0.834044873714447, 0.8567876219749451, -0.13165344297885895, -0.49858054518699646], "cam_t_w2c": [174.5559539794922, 34.93402099609375, 498.7408447265625], "depth_scale": 1.0},
  "7": {"cam_K": [711.1112738715278, 0.0, 255.5, 0.0, 711.1112738715278, 255.5, 0.0, 0.0, 1.0], "cam_R_w2c": [0.6236283779144287, -0.7808060050010681, -0.03780961036682129, -0.5475674271583557, -0.40179893374443054, -0.7339805364608765, 0.5579046010971069, 0.47843441367149353, -0.6781171560287476], "cam_t_w2c": [10.9046630859375, 159.62681579589844, 506.5550842285156], "depth_scale": 1.0}
}