{
  "0": {"cam_K": [711.1112738715278, 0.0, 255.5, 0.0, 711.1112738715278, 255.5, 0.0, 0.0, 1.0], "cam_R_w2c": [0.3523838520050049, -0.7976229190826416, 0.4895133078098297, -0.510087251663208, -0.6022367477416992, -0.6141024827957153, 0.7846251130104065, -0.03329472616314888, -0.6190757751464844], "cam_t_w2c": [-169.67359924316406, -114.90220642089844, 461.2259216308594], "depth_scale": 1.0},
  "1": {"cam_K": [711.1112738715278, 0.0, 255.5, 0.0, 711.1112738715278, 255.5, 0.0, 0.0, 1.0], "cam_R_w2c": [0.3523838520050049, -0.7976229190826416, 0.4895133078098297, -0.510087251663208, -0.6022367477416992, -0.6141024827957153, 0.7846251130104065, -0.03329472616314888, -0.6190757751464844], "cam_t_w2c": [-169.67359924316406, -114.90220642089844, 461.2259216308594], "depth_scale": 1.0},
  "2": {"cam_K": [711.1112738715278, 0.0, 255.5, 0.0, 711.1112738715278, 255.5, 0.0, 0.0, 1.0], "cam_R_w2c": [0.3523838520050049, -0.7976229190826416, 0.4895133078098297, -0.510087251663208, -0.6022367477416992, -0.6141024827957153, 0.7846251130104065, -0.03329472616314888, -0.6190757751464844], "cam_t_w2c": [-169.67359924316406, -114.90220642089844, 461.2259216308594], "depth_scale": 1.0}
}