{
  "0": {"cam_K": [711.1112738715278, 0.0, 255.5, 0.0, 711.1112738715278, 255.5, 0.0, 0.0, 1.0], "cam_R_w2c": [-0.9956682920455933, 0.015879282727837563, 0.09161347895860672, -0.07926276326179504, 0.3701287806034088, -0.9255928993225098, -0.04860654100775719, -0.9288448095321655, -0.367266982793808], "cam_t_w2c": [-129.41033935546875, 55.862037658691406, 533.4224853515625], "depth_scale": 1.0},
  "1": {"cam_K": [711.1112738715278, 0.0, 255.5, 0.0, 711.1112738715278, 255.5, 0.0, 0.0, 1.0], "cam_R_w2c": [-0.9956682920455933, 0.015879282727837563, 0.09161347895860672, -0.07926276326179504, 0.3701287806034088, -0.9255928993225098, -0.04860654100775719, -0.9288448095321655, -0.367266982793808], "cam_t_w2c": [-129.41033935546875, 55.862037658691406, 533.4224853515625], "depth_scale": 1.0},
  "2": {"cam_K": [711.1112738715278, 0.0, 255.5, 0.0, 711.1112738715278, 255.5, 0.0, 0.0, 1.0], "cam_R_w2c": [0.2471337765455246, 0.9417204856872559, 0.22822684049606323, 0.5826582312583923, 0.04377107694745064, -0.8115377426147461, -0.7742314338684082, 0.33353665471076965, -0.5378838777542114], "cam_t_w2c": [180.88034057617188, 93.49532318115234, 710.5387573242188], "depth_scale": 1.0},
  "3": {"cam_K": [711.1112738715278, 0.0, 255.5, 0.0, 711.1112738715278, 255.5, 0.0, 0.0, 1.0], "cam_R_w2c": [0.2471337765455246, 0.9417204856872559, 0.22822684049606323, 0.5826582312583923, 0.04377107694745064, -0.8115377426147461, -0.7742314338684082, 0.33353665471076965, -0.5378838777542114], "cam_t_w2c": [180.88034057617188, 93.49532318115234, 710.5387573242188], "depth_scale": 1.0},
  "4": {"cam_K": [711.1112738715278, 0.0, 255.5, 0.0, 711.1112738715278, 255.5, 0.0, 0.0, 1.0], "cam_R_w2c": [0.989122211933136, -0.048185765743255615, -0.1389799565076828, -0.13818344473838806, -0.6282690763473511, -0.765626072883606, -0.050424523651599884, 0.7765024900436401, -0.6280933618545532], "cam_t_w2c": [123.2822494506836, -116.92730712890625, 799.9674072265625], "depth_scale": 1.0}
}