{
  "0": {"cam_K": [711.1112738715278, 0.0, 255.5, 0.0, 711.1112738715278, 255.5, 0.0, 0.0, 1.0], "cam_R_w2c": [-0.9190838932991028, -0.028830908238887787, -0.3930060565471649, 0.3146108090877533, 0.5468563437461853, -0.7758660912513733, 0.2372867912054062, -0.836729884147644, -0.49353641271591187], "cam_t_w2c": [-81.33798217773438, 44.65123748779297, 365.235595703125], "depth_scale": 1.0},
  "1": {"cam_K": [711.1112738715278, 0.0, 255.5, 0.0, 711.1112738715278, 255.5, 0.0, 0.0, 1.0], "cam_R_w2c": [-0.9190838932991028, -0.028830908238887787, -0.3930060565471649, 0.3146108090877533, 0.5468563437461853, -0.7758660912513733, 0.2372867912054062, -0.836729884147644, -0.49353641271591187], "cam_t_w2c": [-81.33798217773438, 44.65123748779297, 365.235595703125], "depth_scale": 1.0},
  "2": {"cam_K": [711.1112738715278, 0.0, 255.5, 0.0, 711.1112738715278, 255.5, 0.0, 0.0, 1.0], "cam_R_w2c": [-0.9190838932991028, -0.028830908238887787, -0.3930060565471649, 0.3146108090877533, 0.5468563437461853, -0.7758660912513733, 0.2372867912054062, -0.836729884147644, -0.49353641271591187], "cam_t_w2c": [-81.33798217773438, 44.65123748779297, 365.235595703125], "depth_scale": 1.0}
}