{
  "0": {"cam_K": [711.1112738715278, 0.0, 255.5, 0.0, 711.1112738715278, 255.5, 0.0, 0.0, 1.0], "cam_R_w2c": [-0.4651375710964203, 0.8657322525978088, -0.18481038510799408, 0.5350587368011475, 0.10862631350755692, -0.8378022313117981, -0.705237090587616, -0.48857763409614563, -0.5137438178062439], "cam_t_w2c": [-192.38076782226562, 106.58891296386719, 750.298828125], "depth_scale": 1.0},
  "1": {"cam_K": [711.1112738715278, 0.0, 255.5, 0.0, 711.1112738715278, 255.5, 0.0, 0.0, 1.0], "cam_R_w2c": [-0.4651375710964203, 0.8657322525978088, -0.18481038510799408, 0.5350587368011475, 0.10862631350755692, -0.8378022313117981, -0.705237090587616, -0.48857763409614563, -0.5137438178062439], "cam_t_w2c": [-192.38076782226562, 106.58891296386719, 750.298828125], "depth_scale": 1.0},
  "2": {"cam_K": [711.1112738715278, 0.0, 255.5, 0.0, 711.1112738715278, 255.5, 0.0, 0.0, 1.0], "cam_R_w2c": [0.9843667149543762, -0.12421398609876633, -0.12487237900495529, -0.17406471073627472, -0.5777788758277893, -0.7974165678024292, 0.026901667937636375, 0.8066861629486084, -0.5903674960136414], "cam_t_w2c": [225.10060119628906, 30.074007034301758, 549.3097534179688], "depth_scale": 1.0},
  "3": {"cam_K": [711.1112738715278, 0.0, 255.5, 0.0, 711.1112738715278, 255.5, 0.0, 0.0, 1.0], "cam_R_w2c": [0.9843667149543762, -0.12421398609876633, -0.12487237900495529, -0.17406471073627472, -0.5777788758277893, -0.7974165678024292, 0.026901667937636375, 0.8066861629486084, -0.5903674960136414], "cam_t_w2c": [225.10060119628906, 30.074007034301758, 549.3097534179688], "depth_scale": 1.0},
  "4": {"cam_K": [711.1112738715278, 0.0, 255.5, 0.0, 711.1112738715278, 255.5, 0.0, 0.0, 1.0], "cam_R_w2c": [0.7174316644668579, 0.6768471002578735, 0.16483286023139954, 0.3335622549057007, -0.12604136765003204, -0.9342643618583679, -0.6115783452987671, 0.7252528667449951, -0.3161967098712921], "cam_t_w2c": [77.83338928222656, 90.36315155029297, 564.5969848632812], "depth_scale": 1.0}
}