{
  "0": {"cam_K": [711.1112738715278, 0.0, 255.5, 0.0, 711.1112738715278, 255.5, 0.0, 0.0, 1.0], "cam_R_w2c": [0.03898674622178078, -0.9992397427558899, 2.862578867279808e-07, -0.9970254302024841, -0.038900453597307205, -0.06653673946857452, 0.0664861649274826, 0.0025937685277312994, -0.9977840781211853], "cam_t_w2c": [211.69898986816406, 158.68701171875, 1198.485595703125], "depth_scale": 1.0},
  "1": {"cam_K": [711.1112738715278, 0.0, 255.5, 0.0, 711.1112738715278, 255.5, 0.0, 0.0, 1.0], "cam_R_w2c": [-0.6798029541969299, -0.7333948612213135, 6.172781752411538e-08, -0.7303394079208374, 0.6769707798957825, -0.09118657559156418, 0.06687571853399277, -0.0619889497756958, -0.9958338737487793], "cam_t_w2c": [248.05416870117188, -24.179899215698242, 1264.978759765625], "depth_scale": 1.0}
}