{
  "0": {"cam_K": [711.1112738715278, 0.0, 255.5, 0.0, 711.1112738715278, 255.5, 0.0, 0.0, 1.0], "cam_R_w2c": [-0.20757539570331573, -0.9782190322875977, 4.97218053396864e-08, -0.5713943839073181, 0.12124823033809662, -0.8116695284843445, 0.7939905524253845, -0.16848263144493103, -0.5841169953346252], "cam_t_w2c": [-187.1161346435547, -65.58329010009766, 841.2777099609375], "depth_scale": 1.0},
  "1": {"cam_K": [711.1112738715278, 0.0, 255.5, 0.0, 711.1112738715278, 255.5, 0.0, 0.0, 1.0], "cam_R_w2c": [0.9512819051742554, -0.3083224296569824, 6.151174147817073e-08, -0.2904612421989441, -0.8961741924285889, -0.3354167938232422, 0.1034165695309639, 0.31907594203948975, -0.9420700073242188], "cam_t_w2c": [-71.90367889404297, -209.9702606201172, 999.808837890625], "depth_scale": 1.0}
}