{
  "0": {"cam_K": [711.1112738715278, 0.0, 255.5, 0.0, 711.1112738715278, 255.5, 0.0, 0.0, 1.0], "cam_R_w2c": [-0.7481995224952698, 0.6505329608917236, 0.1304014027118683, 0.26313653588294983, 0.4713759422302246, -0.841762363910675, -0.6090621948242188, -0.5954927802085876, -0.5238622426986694], "cam_t_w2c": [128.3895721435547, 90.1301040649414, 100.09229278564453], "depth_scale": 1.0}
}