{
  "0": {"cam_K": [711.1112738715278, 0.0, 255.5, 0.0, 711.1112738715278, 255.5, 0.0, 0.0, 1.0], "cam_R_w2c": [-0.4097164571285248, 0.9122128486633301, -4.0341372908869744e-08, 0.8824154138565063, 0.3963331878185272, -0.2535014748573303, -0.23124729096889496, -0.10386378318071365, -0.9673348665237427], "cam_t_w2c": [-323.5932922363281, -86.5130844116211, 701.69091796875], "depth_scale": 1.0},
  "1": {"cam_K": [711.1112738715278, 0.0, 255.5, 0.0, 711.1112738715278, 255.5, 0.0, 0.0, 1.0], "cam_R_w2c": [0.8702530860900879, 0.4926048815250397, 1.1466906357782136e-07, 0.20150195062160492, -0.35598036646842957, -0.9125103950500488, -0.4495069682598114, 0.7941150069236755, -0.40905389189720154], "cam_t_w2c": [-106.65028381347656, 85.40980529785156, 684.2540283203125], "depth_scale": 1.0}
}