{
  "0": {"cam_K": [711.1112738715278, 0.0, 255.5, 0.0, 711.1112738715278, 255.5, 0.0, 0.0, 1.0], "cam_R_w2c": [-0.6824314594268799, -0.7180753350257874, -0.1365845799446106, -0.1533813178539276, 0.3233768939971924, -0.9337567090988159, 0.7146759033203125, -0.6162753701210022, -0.3308219611644745], "cam_t_w2c": [-42.511905670166016, -19.953523635864258, 291.63116455078125], "depth_scale": 1.0},
  "1": {"cam_K": [711.1112738715278, 0.0, 255.5, 0.0, 711.1112738715278, 255.5, 0.0, 0.0, 1.0], "cam_R_w2c": [0.7682101130485535, -0.6280730366706848, -0.12400607764720917, -0.2098507583141327, -0.06404512375593185, -0.9756336212158203, 0.6048271656036377, 0.7755143642425537, -0.1810017228126526], "cam_t_w2c": [117.5873794555664, -5.686988353729248, 209.28224182128906], "depth_scale": 1.0}
}