{
  "0": {"cam_K": [711.1112738715278, 0.0, 255.5, 0.0, 711.1112738715278, 255.5, 0.0, 0.0, 1.0], "cam_R_w2c": [-0.8892676830291748, 0.4573867917060852, 1.427621327820816e-07, 0.17960287630558014, 0.34919068217277527, -0.9196785092353821, -0.4206489026546478, -0.8178405165672302, -0.3926718831062317], "cam_t_w2c": [293.4687805175781, -4125548.75, -1760167.25], "depth_scale": 1.0},
  "1": {"cam_K": [711.1112738715278, 0.0, 255.5, 0.0, 711.1112738715278, 255.5, 0.0, 0.0, 1.0], "cam_R_w2c": [-0.3609626591205597, -0.932580292224884, 2.1821186635406775e-08, -0.9098904728889465, 0.3521803915500641, -0.21924489736557007, 0.20446346700191498, -0.07913924753665924, -0.9756698608398438], "cam_t_w2c": [285.1261901855469, -983155.0625, -4375751.0], "depth_scale": 1.0}
}