{
  "0": {"cam_K": [711.1112738715278, 0.0, 255.5, 0.0, 711.1112738715278, 255.5, 0.0, 0.0, 1.0], "cam_R_w2c": [-0.5485604405403137, -0.5054887533187866, -0.6660049557685852, 0.15883442759513855, 0.7190441489219666, -0.6765701174736023, 0.8208855986595154, -0.4769240915775299, -0.3141501843929291], "cam_t_w2c": [-84.98963165283203, 173.2440948486328, 162.48915100097656], "depth_scale": 1.0}
}