{
  "0": {"cam_K": [2346.1825408935547, 0.0, 956.150695733726, 0.0, 2351.0241982895623, 613.6550906152873, 0.0, 0.0, 1.0], "cam_R_w2c": [-0.8276331424713135, -0.5612694621086121, -2.257078079992425e-09, -0.24459604918956757, 0.3606748580932617, -0.900048017501831, 0.5051694512367249, -0.7449095249176025, -0.4357907772064209], "cam_t_w2c": [-102.8390121459961, 65.67423248291016, 1237.2408447265625], "depth_scale": 1.0}
}