{
  "0": {"cam_K": [2346.1825408935547, 0.0, 956.150695733726, 0.0, 2351.0241982895623, 613.6550906152873, 0.0, 0.0, 1.0], "cam_R_w2c": [0.5207890272140503, 0.8536854386329651, 3.555898331342178e-08, 0.3718810975551605, -0.22686530649662018, -0.9001314640045166, -0.7684291005134583, 0.4687786400318146, -0.43561846017837524], "cam_t_w2c": [135.97128295898438, 565.2357177734375, 3011.9599609375], "depth_scale": 1.0}
}