{
  "0": {"cam_K": [711.1112738715278, 0.0, 255.5, 0.0, 711.1112738715278, 255.5, 0.0, 0.0, 1.0], "cam_R_w2c": [0.41129693388938904, -0.9115014672279358, 4.692432042929795e-08, -0.526381254196167, -0.23751923441886902, -0.816399097442627, 0.7441489696502686, 0.3357824683189392, -0.5774882435798645], "cam_t_w2c": [-459.04376220703125, 185.8819580078125, 1128.1331787109375], "depth_scale": 1.0},
  "1": {"cam_K": [711.1112738715278, 0.0, 255.5, 0.0, 711.1112738715278, 255.5, 0.0, 0.0, 1.0], "cam_R_w2c": [-0.5176555514335632, 0.8555890917778015, 7.893135745007385e-08, 0.8349616527557373, 0.5051754117012024, -0.21825867891311646, -0.18673978745937347, -0.11298274993896484, -0.9758909344673157], "cam_t_w2c": [454.25048828125, 117.27874755859375, 1211.06494140625], "depth_scale": 1.0}
}