{
  "0": {"cam_K": [711.1112738715278, 0.0, 255.5, 0.0, 711.1112738715278, 255.5, 0.0, 0.0, 1.0], "cam_R_w2c": [0.24941712617874146, 0.9683961868286133, -5.027853688943651e-08, 0.7476106882095337, -0.19255241751670837, -0.6356114149093628, -0.6155236959457397, 0.15853236615657806, -0.7720092535018921], "cam_t_w2c": [-162.7069549560547, -2807848.75, -3440600.75], "depth_scale": 1.0},
  "1": {"cam_K": [711.1112738715278, 0.0, 255.5, 0.0, 711.1112738715278, 255.5, 0.0, 0.0, 1.0], "cam_R_w2c": [-0.9395727515220642, -0.3423493206501007, -7.723832595729618e-08, -0.2984010577201843, 0.8189574480056763, -0.49016883969306946, 0.16780902445316315, -0.4605492651462555, -0.8716275095939636], "cam_t_w2c": [-16203.5087890625, -2186980.25, -3865029.25], "depth_scale": 1.0}
}