{
  "0": {"cam_K": [2346.1825408935547, 0.0, 956.150695733726, 0.0, 2351.0241982895623, 613.6550906152873, 0.0, 0.0, 1.0], "cam_R_w2c": [-0.9999879002571106, 0.004940164275467396, -2.5420282767640856e-08, 0.003608330385759473, 0.7303944826126099, -0.6830160021781921, -0.0033741923980414867, -0.6830076575279236, -0.7304035425186157], "cam_t_w2c": [-30.711021423339844, 40.417884826660156, 992.755859375], "depth_scale": 1.0},
  "1": {"cam_K": [2346.1825408935547, 0.0, 956.150695733726, 0.0, 2351.0241982895623, 613.6550906152873, 0.0, 0.0, 1.0], "cam_R_w2c": [0.37166157364845276, -0.928368330001831, 3.076892696185496e-08, -0.6062982082366943, -0.24272459745407104, -0.757289469242096, 0.703043520450592, 0.2814554274082184, -0.6530794501304626], "cam_t_w2c": [4.463394641876221, 22.260955810546875, 824.1441040039062], "depth_scale": 1.0}
}