{
  "0": {"cam_K": [711.1112738715278, 0.0, 255.5, 0.0, 711.1112738715278, 255.5, 0.0, 0.0, 1.0], "cam_R_w2c": [-0.3394131064414978, -0.940637469291687, 1.2086262657362568e-08, -0.8963238000869751, 0.3234231770038605, -0.3033169209957123, 0.2853112518787384, -0.10294973105192184, -0.9528898596763611], "cam_t_w2c": [-2634.989013671875, -1357614.75, -4267626.5], "depth_scale": 1.0},
  "1": {"cam_K": [711.1112738715278, 0.0, 255.5, 0.0, 711.1112738715278, 255.5, 0.0, 0.0, 1.0], "cam_R_w2c": [-0.6096442937850952, 0.792675256729126, 1.492078638420935e-07, 0.7714956998825073, 0.593355119228363, -0.22961731255054474, -0.18201203644275665, -0.13998474180698395, -0.9732810854911804], "cam_t_w2c": [2333.986328125, -1026933.125, -4359265.5], "depth_scale": 1.0}
}