{
  "0": {"cam_K": [711.1112738715278, 0.0, 255.5, 0.0, 711.1112738715278, 255.5, 0.0, 0.0, 1.0], "cam_R_w2c": [0.7955326437950134, 0.6059107184410095, 8.830060238551596e-08, 0.46510279178619385, -0.6106582880020142, -0.6409178972244263, -0.38833895325660706, 0.5098711848258972, -0.7676094174385071], "cam_t_w2c": [-5481.65673828125, -2869848.0, -3420627.25], "depth_scale": 1.0},
  "1": {"cam_K": [711.1112738715278, 0.0, 255.5, 0.0, 711.1112738715278, 255.5, 0.0, 0.0, 1.0], "cam_R_w2c": [-0.9690940380096436, 0.24669164419174194, 4.326786040564912e-08, 0.062366947531700134, 0.24500010907649994, -0.9675149917602539, -0.23867787420749664, -0.9376130104064941, -0.25281354784965515], "cam_t_w2c": [11280.751953125, -4320117.0, -1130128.625], "depth_scale": 1.0}
}