{
  "0": {"cam_K": [711.1112738715278, 0.0, 255.5, 0.0, 711.1112738715278, 255.5, 0.0, 0.0, 1.0], "cam_R_w2c": [0.9982210993766785, -0.05962073430418968, -1.746937150493011e-09, -0.04779532551765442, -0.800230085849762, -0.5977855920791626, 0.0356404110789299, 0.5967221856117249, -0.801656186580658], "cam_t_w2c": [-397.66497802734375, -2681251.5, -3595150.25], "depth_scale": 1.0},
  "1": {"cam_K": [711.1112738715278, 0.0, 255.5, 0.0, 711.1112738715278, 255.5, 0.0, 0.0, 1.0], "cam_R_w2c": [0.5292184948921204, 0.8484855890274048, -4.574975420723604e-08, 0.24723798036575317, -0.15420763194561005, -0.9566051363945007, -0.8116656541824341, 0.5062531232833862, -0.2913873791694641], "cam_t_w2c": [-284.57073974609375, -4290892.0, -1306012.625], "depth_scale": 1.0}
}