{
  "0": {"cam_K": [711.1112738715278, 0.0, 255.5, 0.0, 711.1112738715278, 255.5, 0.0, 0.0, 1.0], "cam_R_w2c": [-0.8650330901145935, 0.501714825630188, -1.8041925287093363e-08, 0.43394404649734497, 0.7481858134269714, -0.5019069314002991, -0.2518141567707062, -0.4341661334037781, -0.8649216294288635], "cam_t_w2c": [-294.1429138183594, -2251120.0, -3878725.75], "depth_scale": 1.0},
  "1": {"cam_K": [711.1112738715278, 0.0, 255.5, 0.0, 711.1112738715278, 255.5, 0.0, 0.0, 1.0], "cam_R_w2c": [-0.9736155867576599, -0.22819450497627258, 8.533689310752379e-08, -0.11800174415111542, 0.5034663677215576, -0.8559189438819885, 0.19531595706939697, -0.8333359956741333, -0.5171100497245789], "cam_t_w2c": [-306.53692626953125, -3839164.5, -2318568.25], "depth_scale": 1.0}
}