{
  "0": {"cam_K": [711.1112738715278, 0.0, 255.5, 0.0, 711.1112738715278, 255.5, 0.0, 0.0, 1.0], "cam_R_w2c": [0.7893889546394348, 0.5463880300521851, 0.27986636757850647, 0.5726384520530701, -0.4910687208175659, -0.6564579606056213, -0.22124718129634857, 0.6784629225730896, -0.700527012348175], "cam_t_w2c": [-388.5276794433594, -220.1291046142578, 409.9980163574219], "depth_scale": 1.0},
  "1": {"cam_K": [711.1112738715278, 0.0, 255.5, 0.0, 711.1112738715278, 255.5, 0.0, 0.0, 1.0], "cam_R_w2c": [0.7893889546394348, 0.5463880300521851, 0.27986636757850647, 0.5726384520530701, -0.4910687208175659, -0.6564579606056213, -0.22124718129634857, 0.6784629225730896, -0.700527012348175], "cam_t_w2c": [-388.5276794433594, -220.1291046142578, 409.9980163574219], "depth_scale": 1.0}
}