{
  "0": {"cam_K": [711.1112738715278, 0.0, 255.5, 0.0, 711.1112738715278, 255.5, 0.0, 0.0, 1.0], "cam_R_w2c": [-0.4890216290950775, 0.8722717761993408, 1.5021288390926202e-07, 0.8682344555854797, 0.4867580533027649, -0.09610195457935333, -0.08382709324359894, -0.04699579253792763, -0.9953716397285461], "cam_t_w2c": [231.4999237060547, 325.65728759765625, 1044.556396484375], "depth_scale": 1.0},
  "1": {"cam_K": [711.1112738715278, 0.0, 255.5, 0.0, 711.1112738715278, 255.5, 0.0, 0.0, 1.0], "cam_R_w2c": [0.6268740892410278, -0.7791206240653992, 1.3721503933084023e-07, -0.36918172240257263, -0.297040730714798, -0.8806086778640747, 0.686100423336029, 0.5520306825637817, -0.4738442301750183], "cam_t_w2c": [-177.02432250976562, 0.8388472199440002, 1100.8507080078125], "depth_scale": 1.0}
}