{
  "0": {"cam_K": [711.1112738715278, 0.0, 255.5, 0.0, 711.1112738715278, 255.5, 0.0, 0.0, 1.0], "cam_R_w2c": [-0.2963451147079468, 0.7302669882774353, 0.615540087223053, 0.277985543012619, 0.6825377345085144, -0.6759188175201416, -0.9137305617332458, -0.02919403277337551, -0.40527039766311646], "cam_t_w2c": [8.92885971069336, 53.30179214477539, 297.1352844238281], "depth_scale": 1.0},
  "1": {"cam_K": [711.1112738715278, 0.0, 255.5, 0.0, 711.1112738715278, 255.5, 0.0, 0.0, 1.0], "cam_R_w2c": [-0.2963451147079468, 0.7302669882774353, 0.615540087223053, 0.277985543012619, 0.6825377345085144, -0.6759188175201416, -0.9137305617332458, -0.02919403277337551, -0.40527039766311646], "cam_t_w2c": [8.92885971069336, 53.30179214477539, 297.1352844238281], "depth_scale": 1.0},
  "2": {"cam_K": [711.1112738715278, 0.0, 255.5, 0.0, 711.1112738715278, 255.5, 0.0, 0.0, 1.0], "cam_R_w2c": [-0.2963451147079468, 0.7302669882774353, 0.615540087223053, 0.277985543012619, 0.6825377345085144, -0.6759188175201416, -0.9137305617332458, -0.02919403277337551, -0.40527039766311646], "cam_t_w2c": [8.92885971069336, 53.30179214477539, 297.1352844238281], "depth_scale": 1.0}
}