{
  "0": {"cam_K": [711.1112738715278, 0.0, 255.5, 0.0, 711.1112738715278, 255.5, 0.0, 0.0, 1.0], "cam_R_w2c": [0.07227133959531784, 0.9973850846290588, 1.3949852473160718e-07, 0.901773989200592, -0.06534342467784882, -0.42724016308784485, -0.4261229336261749, 0.030877389013767242, -0.9041383862495422], "cam_t_w2c": [-264.41168212890625, -136.8056640625, 766.7686767578125], "depth_scale": 1.0},
  "1": {"cam_K": [711.1112738715278, 0.0, 255.5, 0.0, 711.1112738715278, 255.5, 0.0, 0.0, 1.0], "cam_R_w2c": [0.7689434289932251, -0.6393168568611145, 5.1298925995979516e-08, -0.17414379119873047, -0.20945292711257935, -0.9621868133544922, 0.6151422262191772, 0.7398672103881836, -0.2723905146121979], "cam_t_w2c": [84.88717651367188, -63.24332809448242, 745.2050170898438], "depth_scale": 1.0}
}