{
  "0": {"cam_K": [711.1112738715278, 0.0, 255.5, 0.0, 711.1112738715278, 255.5, 0.0, 0.0, 1.0], "cam_R_w2c": [-0.10733968764543533, 0.9942225217819214, -4.4966355972064775e-07, 0.9859206080436707, 0.1064431443810463, -0.128959521651268, -0.12821438908576965, -0.013842904008924961, -0.9916500449180603], "cam_t_w2c": [-75.23631286621094, 349.3265380859375, 1061.912841796875], "depth_scale": 1.0},
  "1": {"cam_K": [711.1112738715278, 0.0, 255.5, 0.0, 711.1112738715278, 255.5, 0.0, 0.0, 1.0], "cam_R_w2c": [0.39859333634376526, -0.917127788066864, -3.942810167245625e-08, -0.594722330570221, -0.2584724724292755, -0.7612472176551819, 0.6981609463691711, 0.3034280836582184, -0.6484617590904236], "cam_t_w2c": [175.38458251953125, -173.9972381591797, 1131.3203125], "depth_scale": 1.0}
}