{
  "cx": 956.150695733726,
  "cy": 613.6550906152873,
  "depth_scale": 1.0,
  "fx": 2346.1825408935547,
  "fy": 2351.0241982895623,
  "height": 1216,
  "width": 1936
}