{
  "0": {"cam_K": [711.1112738715278, 0.0, 255.5, 0.0, 711.1112738715278, 255.5, 0.0, 0.0, 1.0], "cam_R_w2c": [-0.47805678844451904, 0.8783255815505981, 0.002423177706077695, 0.2398269921541214, 0.13318651914596558, -0.9616363048553467, -0.8449525237083435, -0.45913559198379517, -0.2743169069290161], "cam_t_w2c": [-8.006969451904297, 26.266098022460938, 329.7420959472656], "depth_scale": 1.0}
}