{
  "0": [{"cam_R_m2c": [-0.27676936984062195, -0.8397040367126465, -0.46722131967544556, 0.8130324482917786, -0.46380382776260376, 0.35194337368011475, -0.5122273564338684, -0.28245893120765686, 0.8110734224319458], "cam_t_m2c": [0.00024419277906417847, -5.587935447692871e-05, 742.6831665039062], "obj_id": 1}]
}