{
  "0": {"cam_K": [2346.1825408935547, 0.0, 956.150695733726, 0.0, 2351.0241982895623, 613.6550906152873, 0.0, 0.0, 1.0], "cam_R_w2c": [0.32284194231033325, -0.9464529156684875, 4.8546173303520845e-08, -0.09532883018255234, -0.0325174480676651, -0.9949146509170532, 0.9416398406028748, 0.3212001919746399, -0.10072226822376251], "cam_t_w2c": [-14565.060546875, -1691.83935546875, 17950.73828125], "depth_scale": 1.0}
}