{
  "0": {"cam_K": [711.1112738715278, 0.0, 255.5, 0.0, 711.1112738715278, 255.5, 0.0, 0.0, 1.0], "cam_R_w2c": [-0.973855197429657, -0.12646067142486572, -0.18871676921844482, 0.1075727716088295, 0.4749714732170105, -0.8734015822410583, 0.20008602738380432, -0.8708673119544983, -0.44894975423812866], "cam_t_w2c": [171.5460205078125, 49.230796813964844, 457.42376708984375], "depth_scale": 1.0},
  "1": {"cam_K": [711.1112738715278, 0.0, 255.5, 0.0, 711.1112738715278, 255.5, 0.0, 0.0, 1.0], "cam_R_w2c": [-0.973855197429657, -0.12646067142486572, -0.18871676921844482, 0.1075727716088295, 0.4749714732170105, -0.8734015822410583, 0.20008602738380432, -0.8708673119544983, -0.44894975423812866], "cam_t_w2c": [171.5460205078125, 49.230796813964844, 457.42376708984375], "depth_scale": 1.0},
  "2": {"cam_K": [711.1112738715278, 0.0, 255.5, 0.0, 711.1112738715278, 255.5, 0.0, 0.0, 1.0], "cam_R_w2c": [0.20901788771152496, -0.9636702537536621, -0.16628658771514893, -0.3831090033054352, 0.07575755566358566, -0.9205912947654724, 0.899743914604187, 0.25612595677375793, -0.35335609316825867], "cam_t_w2c": [-178.4260711669922, 93.00485229492188, 484.0533142089844], "depth_scale": 1.0},
  "3": {"cam_K": [711.1112738715278, 0.0, 255.5, 0.0, 711.1112738715278, 255.5, 0.0, 0.0, 1.0], "cam_R_w2c": [0.20901788771152496, -0.9636702537536621, -0.16628658771514893, -0.3831090033054352, 0.07575755566358566, -0.9205912947654724, 0.899743914604187, 0.25612595677375793, -0.35335609316825867], "cam_t_w2c": [-178.4260711669922, 93.00485229492188, 484.0533142089844], "depth_scale": 1.0},
  "4": {"cam_K": [711.1112738715278, 0.0, 255.5, 0.0, 711.1112738715278, 255.5, 0.0, 0.0, 1.0], "cam_R_w2c": [-0.8497656583786011, 0.5079179406166077, 0.1411309689283371, 0.21913789212703705, 0.583840012550354, -0.7817349433898926, -0.4794550836086273, -0.6333642601966858, -0.6074312925338745], "cam_t_w2c": [271.36175537109375, 10.363525390625, 1019.1004028320312], "depth_scale": 1.0}
}