{
  "0": {"cam_K": [711.1112738715278, 0.0, 255.5, 0.0, 711.1112738715278, 255.5, 0.0, 0.0, 1.0], "cam_R_w2c": [0.7194854617118835, 0.6945075392723083, 2.6691230914366315e-07, 0.6906821131706238, -0.7155225276947021, -0.10481381416320801, -0.07279378920793533, 0.07541220635175705, -0.9944919943809509], "cam_t_w2c": [186.90013122558594, -469626.75, -4459789.5], "depth_scale": 1.0},
  "1": {"cam_K": [711.1112738715278, 0.0, 255.5, 0.0, 711.1112738715278, 255.5, 0.0, 0.0, 1.0], "cam_R_w2c": [-0.11133766174316406, -0.9937826991081238, 6.074266423183872e-09, -0.2951114773750305, 0.033062487840652466, -0.9548906683921814, 0.9489538073539734, -0.10631522536277771, -0.2969578504562378], "cam_t_w2c": [186.9850616455078, -4283306.0, -1330666.0], "depth_scale": 1.0}
}