{
  "0": {"cam_K": [2346.1825408935547, 0.0, 956.150695733726, 0.0, 2351.0241982895623, 613.6550906152873, 0.0, 0.0, 1.0], "cam_R_w2c": [-0.826076090335846, -0.5635586380958557, -1.9047341481837066e-10, -0.244070366024971, 0.3577634394168854, -0.9013517498970032, 0.507964551448822, -0.7445850968360901, -0.4330878257751465], "cam_t_w2c": [-97.57879638671875, 96.48715209960938, 1087.94091796875], "depth_scale": 1.0}
}