{
  "0": {"cam_K": [711.1112738715278, 0.0, 255.5, 0.0, 711.1112738715278, 255.5, 0.0, 0.0, 1.0], "cam_R_w2c": [0.6854143738746643, -0.5761972665786743, 0.4452008306980133, -0.3062621057033539, -0.7828244566917419, -0.5416541695594788, 0.6606137752532959, 0.23490941524505615, -0.7130265235900879], "cam_t_w2c": [110.69651794433594, 126.91741943359375, 356.37408447265625], "depth_scale": 1.0}
}