{
  "0": {"cam_K": [711.1112738715278, 0.0, 255.5, 0.0, 711.1112738715278, 255.5, 0.0, 0.0, 1.0], "cam_R_w2c": [0.9762388467788696, -0.21669727563858032, 1.1576172909144589e-08, -0.2096863090991974, -0.9446539282798767, -0.2523108422756195, 0.05467507988214493, 0.2463156282901764, -0.9676463007926941], "cam_t_w2c": [369.8393859863281, -1131441.75, -4339546.0], "depth_scale": 1.0},
  "1": {"cam_K": [711.1112738715278, 0.0, 255.5, 0.0, 711.1112738715278, 255.5, 0.0, 0.0, 1.0], "cam_R_w2c": [0.4076104462146759, -0.9131559133529663, -6.466835600349441e-08, -0.8461326956748962, -0.37769290804862976, -0.376041978597641, 0.34338492155075073, 0.15327869355678558, -0.9266026616096497], "cam_t_w2c": [438.7747497558594, -1686808.875, -4155194.25], "depth_scale": 1.0}
}