{
  "0": {"cam_K": [711.1112738715278, 0.0, 255.5, 0.0, 711.1112738715278, 255.5, 0.0, 0.0, 1.0], "cam_R_w2c": [0.905487596988678, -0.24263961613178253, 0.3481641113758087, 0.10437732189893723, -0.6678805947303772, -0.7369130253791809, 0.41133636236190796, 0.7036060094833374, -0.5794314742088318], "cam_t_w2c": [59.65495681762695, 225.10507202148438, 55.44929504394531], "depth_scale": 1.0}
}