{
  "0": {"cam_K": [2346.1825408935547, 0.0, 956.150695733726, 0.0, 2351.0241982895623, 613.6550906152873, 0.0, 0.0, 1.0], "cam_R_w2c": [0.03589390590786934, -0.9993556141853333, -1.317448266036081e-07, -0.5155094861984253, -0.018515504896640778, -0.8566838502883911, 0.8561317920684814, 0.030749816447496414, -0.5158419013023376], "cam_t_w2c": [-38.30159378051758, 9.366621017456055, 1036.2078857421875], "depth_scale": 1.0},
  "1": {"cam_K": [2346.1825408935547, 0.0, 956.150695733726, 0.0, 2351.0241982895623, 613.6550906152873, 0.0, 0.0, 1.0], "cam_R_w2c": [0.9890120029449463, 0.1478353887796402, -2.708319435384965e-08, 0.102055624127388, -0.6827476024627686, -0.7234917879104614, -0.10695771127939224, 0.7155420780181885, -0.6903330087661743], "cam_t_w2c": [70.26106262207031, 15.76744556427002, 804.5073852539062], "depth_scale": 1.0}
}