{
  "0": {"cam_K": [2346.1825408935547, 0.0, 956.150695733726, 0.0, 2351.0241982895623, 613.6550906152873, 0.0, 0.0, 1.0], "cam_R_w2c": [0.8490947484970093, -0.5282406210899353, -2.6003379005601346e-08, -0.2907671630382538, -0.4673795998096466, -0.834871768951416, 0.4410131573677063, 0.7088852524757385, -0.5504446029663086], "cam_t_w2c": [-96438.828125, 13561.8896484375, 95089.7890625], "depth_scale": 1.0},
  "1": {"cam_K": [2346.1825408935547, 0.0, 956.150695733726, 0.0, 2351.0241982895623, 613.6550906152873, 0.0, 0.0, 1.0], "cam_R_w2c": [0.7282247543334961, 0.6853384375572205, -3.592835184917931e-08, 0.41606050729751587, -0.44209638237953186, -0.7946348786354065, -0.5445938110351562, 0.5786727666854858, -0.6070877909660339], "cam_t_w2c": [44005.34765625, -17494.861328125, 127694.3203125], "depth_scale": 1.0}
}