{
  "0": [{"cam_R_m2c": [-0.7206560373306274, 0.6139429807662964, -0.3220697343349457, 0.4421086609363556, 0.04912123829126358, -0.8956154584884644, -0.5340363383293152, -0.7878205180168152, -0.3068290650844574], "cam_t_m2c": [199.01380920410156, 289.41937255859375, 1120.6815185546875], "obj_id": 2}, {"cam_R_m2c": [-0.3529352843761444, -0.3316051959991455, 0.8749141097068787, 0.596042811870575, 0.6411136984825134, 0.4834316670894623, -0.7212278246879578, 0.6921063661575317, -0.028620729222893715], "cam_t_m2c": [364.5649108886719, 288.1371765136719, 1155.9078369140625], "obj_id": 0}],
  "1": [{"cam_R_m2c": [-0.25286200642585754, 0.902397632598877, -0.3489113748073578, 0.5549225211143494, -0.16014260053634644, -0.8163425922393799, -0.7925412654876709, -0.400040864944458, -0.46026673913002014], "cam_t_m2c": [228.37179565429688, 235.02342224121094, 959.46484375], "obj_id": 2}, {"cam_R_m2c": [0.18467295169830322, -0.4488012194633484, 0.874341607093811, 0.6024654507637024, 0.7545820474624634, 0.26007944345474243, -0.7764864563941956, 0.4787310063838959, 0.409738153219223], "cam_t_m2c": [352.0617370605469, 197.50762939453125, 1068.752197265625], "obj_id": 0}]
}