{
  "0": {"cam_K": [711.1112738715278, 0.0, 255.5, 0.0, 711.1112738715278, 255.5, 0.0, 0.0, 1.0], "cam_R_w2c": [0.7954894304275513, 0.6059674620628357, 1.3205905702307064e-08, 0.2806743383407593, -0.3684578239917755, -0.8862622380256653, -0.5370460748672485, 0.7050122618675232, -0.46318382024765015], "cam_t_w2c": [280.471435546875, -3975074.75, -2076472.375], "depth_scale": 1.0},
  "1": {"cam_K": [711.1112738715278, 0.0, 255.5, 0.0, 711.1112738715278, 255.5, 0.0, 0.0, 1.0], "cam_R_w2c": [0.9956266283988953, 0.09342186897993088, -6.899707472030059e-10, 0.04155541583895683, -0.4428693950176239, -0.8956226706504822, -0.08367074280977249, 0.8917058110237122, -0.4448147416114807], "cam_t_w2c": [280.5262756347656, -4017131.75, -1994203.75], "depth_scale": 1.0}
}