{
  "0": {"cam_K": [711.1112738715278, 0.0, 255.5, 0.0, 711.1112738715278, 255.5, 0.0, 0.0, 1.0], "cam_R_w2c": [0.5485919713973999, -0.8360902070999146, -6.051379131122303e-08, -0.22161738574504852, -0.145411878824234, -0.9642308354377747, 0.806183934211731, 0.5289692878723145, -0.26506391167640686], "cam_t_w2c": [297.11956787109375, -4325172.0, -1188025.875], "depth_scale": 1.0},
  "1": {"cam_K": [711.1112738715278, 0.0, 255.5, 0.0, 711.1112738715278, 255.5, 0.0, 0.0, 1.0], "cam_R_w2c": [-0.7649562358856201, -0.6440823674201965, 1.3271267107484164e-07, -0.6261606812477112, 0.7436710596084595, -0.23425652086734772, 0.15088039636611938, -0.1791960448026657, -0.9721749424934387], "cam_t_w2c": [-47.364479064941406, -1051076.5, -4359995.5], "depth_scale": 1.0}
}