{
  "0": {"cam_K": [711.1112738715278, 0.0, 255.5, 0.0, 711.1112738715278, 255.5, 0.0, 0.0, 1.0], "cam_R_w2c": [0.6340409517288208, -0.7461943030357361, -0.2029435634613037, -0.22247321903705597, 0.07532750815153122, -0.9720243811607361, 0.7406063079833984, 0.6614527702331543, -0.11824753135442734], "cam_t_w2c": [-75.13912963867188, 27.587482452392578, 512.81591796875], "depth_scale": 1.0},
  "1": {"cam_K": [711.1112738715278, 0.0, 255.5, 0.0, 711.1112738715278, 255.5, 0.0, 0.0, 1.0], "cam_R_w2c": [-0.2295108139514923, -0.9613333344459534, 0.15219473838806152, -0.5982179641723633, 0.015980787575244904, -0.8011741638183594, 0.7677631378173828, -0.2749236822128296, -0.5787546634674072], "cam_t_w2c": [-73.71646118164062, 31.07453155517578, 390.4640808105469], "depth_scale": 1.0},
  "2": {"cam_K": [711.1112738715278, 0.0, 255.5, 0.0, 711.1112738715278, 255.5, 0.0, 0.0, 1.0], "cam_R_w2c": [-0.2295108139514923, -0.9613333344459534, 0.15219473838806152, -0.5982179641723633, 0.015980787575244904, -0.8011741638183594, 0.7677631378173828, -0.2749236822128296, -0.5787546634674072], "cam_t_w2c": [-73.71646118164062, 31.07453155517578, 390.4640808105469], "depth_scale": 1.0},
  "3": {"cam_K": [711.1112738715278, 0.0, 255.5, 0.0, 711.1112738715278, 255.5, 0.0, 0.0, 1.0], "cam_R_w2c": [-0.9646528959274292, 0.15121595561504364, -0.21582138538360596, 0.26141002774238586, 0.4455585181713104, -0.8562374114990234, -0.03331568464636803, -0.8823896050453186, -0.4693387448787689], "cam_t_w2c": [43.33758544921875, 42.81687545776367, 477.4911804199219], "depth_scale": 1.0},
  "4": {"cam_K": [711.1112738715278, 0.0, 255.5, 0.0, 711.1112738715278, 255.5, 0.0, 0.0, 1.0], "cam_R_w2c": [-0.9646528959274292, 0.15121595561504364, -0.21582138538360596, 0.26141002774238586, 0.4455585181713104, -0.8562374114990234, -0.03331568464636803, -0.8823896050453186, -0.4693387448787689], "cam_t_w2c": [43.33758544921875, 42.81687545776367, 477.4911804199219], "depth_scale": 1.0},
  "5": {"cam_K": [711.1112738715278, 0.0, 255.5, 0.0, 711.1112738715278, 255.5, 0.0, 0.0, 1.0], "cam_R_w2c": [0.533842921257019, 0.8052302598953247, -0.25810059905052185, 0.1674414575099945, -0.3998556137084961, -0.901154100894928, -0.8288395404815674, 0.4378580152988434, -0.34828898310661316], "cam_t_w2c": [57.92943572998047, -24.99785041809082, 662.8439331054688], "depth_scale": 1.0},
  "6": {"cam_K": [711.1112738715278, 0.0, 255.5, 0.0, 711.1112738715278, 255.5, 0.0, 0.0, 1.0], "cam_R_w2c": [0.533842921257019, 0.8052302598953247, -0.25810059905052185, 0.1674414575099945, -0.3998556137084961, -0.901154100894928, -0.8288395404815674, 0.4378580152988434, -0.34828898310661316], "cam_t_w2c": [57.92943572998047, -24.99785041809082, 662.8439331054688], "depth_scale": 1.0},
  "7": {"cam_K": [711.1112738715278, 0.0, 255.5, 0.0, 711.1112738715278, 255.5, 0.0, 0.0, 1.0], "cam_R_w2c": [-0.8959201574325562, 0.4075378477573395, -0.1767486035823822, 0.2853643000125885, 0.22308942675590515, -0.9320935606956482, -0.34043264389038086, -0.8855190873146057, -0.31616711616516113], "cam_t_w2c": [62.73274230957031, 24.993274688720703, 470.0004577636719], "depth_scale": 1.0},
  "8": {"cam_K": [711.1112738715278, 0.0, 255.5, 0.0, 711.1112738715278, 255.5, 0.0, 0.0, 1.0], "cam_R_w2c": [-0.8959201574325562, 0.4075378477573395, -0.1767486035823822, 0.2853643000125885, 0.22308942675590515, -0.9320935606956482, -0.34043264389038086, -0.8855190873146057, -0.31616711616516113], "cam_t_w2c": [62.73274230957031, 24.993274688720703, 470.0004577636719], "depth_scale": 1.0},
  "9": {"cam_K": [711.1112738715278, 0.0, 255.5, 0.0, 711.1112738715278, 255.5, 0.0, 0.0, 1.0], "cam_R_w2c": [-0.6566736698150635, -0.7376286387443542, 0.1571102887392044, -0.4918087124824524, 0.26089954376220703, -0.8306958675384521, 0.571755051612854, -0.6227643489837646, -0.5340980291366577], "cam_t_w2c": [-48.84208679199219, 49.7855110168457, 366.80743408203125], "depth_scale": 1.0}
}