{
  "0": {"cam_K": [711.1112738715278, 0.0, 255.5, 0.0, 711.1112738715278, 255.5, 0.0, 0.0, 1.0], "cam_R_w2c": [-0.5848000049591064, 0.6880544424057007, -0.42963936924934387, 0.6551008820533752, 0.0882403627038002, -0.7503708600997925, -0.47838449478149414, -0.720274031162262, -0.502348005771637], "cam_t_w2c": [-228.8238067626953, 83.83208465576172, 514.3609619140625], "depth_scale": 1.0},
  "1": {"cam_K": [711.1112738715278, 0.0, 255.5, 0.0, 711.1112738715278, 255.5, 0.0, 0.0, 1.0], "cam_R_w2c": [-0.5848000049591064, 0.6880544424057007, -0.42963936924934387, 0.6551008820533752, 0.0882403627038002, -0.7503708600997925, -0.47838449478149414, -0.720274031162262, -0.502348005771637], "cam_t_w2c": [-228.8238067626953, 83.83208465576172, 514.3609619140625], "depth_scale": 1.0},
  "2": {"cam_K": [711.1112738715278, 0.0, 255.5, 0.0, 711.1112738715278, 255.5, 0.0, 0.0, 1.0], "cam_R_w2c": [-0.5848000049591064, 0.6880544424057007, -0.42963936924934387, 0.6551008820533752, 0.0882403627038002, -0.7503708600997925, -0.47838449478149414, -0.720274031162262, -0.502348005771637], "cam_t_w2c": [-228.8238067626953, 83.83208465576172, 514.3609619140625], "depth_scale": 1.0}
}