{
  "0": {"cam_K": [2346.1825408935547, 0.0, 956.150695733726, 0.0, 2351.0241982895623, 613.6550906152873, 0.0, 0.0, 1.0], "cam_R_w2c": [0.7728357315063477, -0.634606122970581, 9.232383035850944e-08, -0.2769419848918915, -0.33726558089256287, -0.8997528553009033, 0.570988655090332, 0.6953611373901367, -0.43639999628067017], "cam_t_w2c": [23.233455657958984, 277.51885986328125, 4832.76171875], "depth_scale": 1.0}
}