{
  "0": {"cam_K": [711.1112738715278, 0.0, 255.5, 0.0, 711.1112738715278, 255.5, 0.0, 0.0, 1.0], "cam_R_w2c": [0.8570414185523987, 0.5152475237846375, 5.41560822853171e-08, 0.41860276460647583, -0.6962864995002747, -0.5830582976341248, -0.30041930079460144, 0.49970513582229614, -0.8124304413795471], "cam_t_w2c": [-151.30906677246094, -2615528.5, -3643269.0], "depth_scale": 1.0},
  "1": {"cam_K": [711.1112738715278, 0.0, 255.5, 0.0, 711.1112738715278, 255.5, 0.0, 0.0, 1.0], "cam_R_w2c": [0.7244855165481567, 0.6892900466918945, 1.0977811371049029e-07, 0.3577103912830353, -0.3759750723838806, -0.8548017144203186, -0.5892062783241272, 0.6192914843559265, -0.5189546942710876], "cam_t_w2c": [-92.1623764038086, -3834380.25, -2326756.0], "depth_scale": 1.0}
}