{
  "0": {"cam_K": [711.1112738715278, 0.0, 255.5, 0.0, 711.1112738715278, 255.5, 0.0, 0.0, 1.0], "cam_R_w2c": [-0.8618133068084717, 0.5072256922721863, -5.983466877523824e-08, 0.3343040943145752, 0.5680068135261536, -0.7520698308944702, -0.38146910071372986, -0.6481437683105469, -0.6590834856033325], "cam_t_w2c": [-195.2376708984375, -3373626.25, -2955452.75], "depth_scale": 1.0},
  "1": {"cam_K": [711.1112738715278, 0.0, 255.5, 0.0, 711.1112738715278, 255.5, 0.0, 0.0, 1.0], "cam_R_w2c": [0.8919777274131775, -0.4520793557167053, 1.2120244718971662e-07, -0.2157505601644516, -0.42568811774253845, -0.8787726163864136, 0.39727500081062317, 0.7838456034660339, -0.4772406816482544], "cam_t_w2c": [193.08810424804688, -3941949.75, -2139811.0], "depth_scale": 1.0}
}