{
  "0": {"cam_K": [711.1112738715278, 0.0, 255.5, 0.0, 711.1112738715278, 255.5, 0.0, 0.0, 1.0], "cam_R_w2c": [0.18360087275505066, 0.9807778000831604, 0.06607355177402496, 0.6161385178565979, -0.0624457523226738, -0.7851585149765015, -0.7659400105476379, 0.1848662793636322, -0.615760087966919], "cam_t_w2c": [275.94390869140625, 40.54554748535156, 804.419189453125], "depth_scale": 1.0},
  "1": {"cam_K": [711.1112738715278, 0.0, 255.5, 0.0, 711.1112738715278, 255.5, 0.0, 0.0, 1.0], "cam_R_w2c": [-0.1615322381258011, 0.9772471189498901, -0.1374606192111969, 0.12175214290618896, -0.11849139630794525, -0.9854624271392822, -0.9793282151222229, -0.17592008411884308, -0.09984174370765686], "cam_t_w2c": [-82.8042221069336, 4.729935646057129, 1084.521728515625], "depth_scale": 1.0},
  "2": {"cam_K": [711.1112738715278, 0.0, 255.5, 0.0, 711.1112738715278, 255.5, 0.0, 0.0, 1.0], "cam_R_w2c": [-0.1615322381258011, 0.9772471189498901, -0.1374606192111969, 0.12175214290618896, -0.11849139630794525, -0.9854624271392822, -0.9793282151222229, -0.17592008411884308, -0.09984174370765686], "cam_t_w2c": [-82.8042221069336, 4.729935646057129, 1084.521728515625], "depth_scale": 1.0},
  "3": {"cam_K": [711.1112738715278, 0.0, 255.5, 0.0, 711.1112738715278, 255.5, 0.0, 0.0, 1.0], "cam_R_w2c": [-0.46696361899375916, -0.8751548528671265, 0.12668456137180328, -0.3641151487827301, 0.05974182114005089, -0.9294359087944031, 0.8058319687843323, -0.4801405072212219, -0.34655439853668213], "cam_t_w2c": [156.7603302001953, 48.22043991088867, 910.322998046875], "depth_scale": 1.0},
  "4": {"cam_K": [711.1112738715278, 0.0, 255.5, 0.0, 711.1112738715278, 255.5, 0.0, 0.0, 1.0], "cam_R_w2c": [-0.46696361899375916, -0.8751548528671265, 0.12668456137180328, -0.3641151487827301, 0.05974182114005089, -0.9294359087944031, 0.8058319687843323, -0.4801405072212219, -0.34655439853668213], "cam_t_w2c": [156.7603302001953, 48.22043991088867, 910.322998046875], "depth_scale": 1.0},
  "5": {"cam_K": [711.1112738715278, 0.0, 255.5, 0.0, 711.1112738715278, 255.5, 0.0, 0.0, 1.0], "cam_R_w2c": [-0.005156025756150484, -0.9832392334938049, 0.1822471022605896, -0.3295573592185974, -0.17039719223976135, -0.9286316633224487, 0.9441214799880981, -0.06484892964363098, -0.32315513491630554], "cam_t_w2c": [107.8480224609375, 78.30007934570312, 516.6124267578125], "depth_scale": 1.0},
  "6": {"cam_K": [711.1112738715278, 0.0, 255.5, 0.0, 711.1112738715278, 255.5, 0.0, 0.0, 1.0], "cam_R_w2c": [-0.005156025756150484, -0.9832392334938049, 0.1822471022605896, -0.3295573592185974, -0.17039719223976135, -0.9286316633224487, 0.9441214799880981, -0.06484892964363098, -0.32315513491630554], "cam_t_w2c": [107.8480224609375, 78.30007934570312, 516.6124267578125], "depth_scale": 1.0},
  "7": {"cam_K": [711.1112738715278, 0.0, 255.5, 0.0, 711.1112738715278, 255.5, 0.0, 0.0, 1.0], "cam_R_w2c": [0.7179704904556274, 0.6843553185462952, 0.12718577682971954, 0.5094067454338074, -0.3920653760433197, -0.7660220265388489, -0.47436606884002686, 0.6147705316543579, -0.6301065683364868], "cam_t_w2c": [-183.217041015625, -10.971445083618164, 952.1959838867188], "depth_scale": 1.0}
}