{
  "0": {"cam_K": [2346.1825408935547, 0.0, 956.150695733726, 0.0, 2351.0241982895623, 613.6550906152873, 0.0, 0.0, 1.0], "cam_R_w2c": [0.3139713704586029, 0.9486435651779175, 0.03869551792740822, 0.6393585205078125, -0.18112626671791077, -0.7472710013389587, -0.7018851041793823, 0.25936204195022583, -0.6633918285369873], "cam_t_w2c": [-17.367830276489258, -42.4422492980957, 618.5557250976562], "depth_scale": 1.0},
  "1": {"cam_K": [2346.1825408935547, 0.0, 956.150695733726, 0.0, 2351.0241982895623, 613.6550906152873, 0.0, 0.0, 1.0], "cam_R_w2c": [0.927979052066803, 0.3678721785545349, -0.05937155708670616, 0.11829473823308945, -0.44191843271255493, -0.8892213106155396, -0.3533571660518646, 0.8181553483009338, -0.45360836386680603], "cam_t_w2c": [-82.93748474121094, 10.004769325256348, 591.6975708007812], "depth_scale": 1.0}
}