{
  "0": {"cam_K": [711.1112738715278, 0.0, 255.5, 0.0, 711.1112738715278, 255.5, 0.0, 0.0, 1.0], "cam_R_w2c": [-0.012948707677423954, 0.9999161958694458, 9.279219881364043e-08, 0.824332058429718, 0.010674971155822277, -0.5660059452056885, -0.5659584999084473, -0.007328965701162815, -0.8244011402130127], "cam_t_w2c": [-3795.50390625, -2528982.5, -3683331.75], "depth_scale": 1.0},
  "1": {"cam_K": [711.1112738715278, 0.0, 255.5, 0.0, 711.1112738715278, 255.5, 0.0, 0.0, 1.0], "cam_R_w2c": [-0.6103084683418274, 0.7921638488769531, -1.8279928326592199e-07, 0.403196781873703, 0.310635507106781, -0.8607775568962097, -0.6818767786026001, -0.5253399014472961, -0.5089814066886902], "cam_t_w2c": [-3333.085205078125, -3847633.5, -2271875.75], "depth_scale": 1.0}
}