{
  "0": {"cam_K": [2346.1825408935547, 0.0, 956.150695733726, 0.0, 2351.0241982895623, 613.6550906152873, 0.0, 0.0, 1.0], "cam_R_w2c": [-0.3795418441295624, 0.9251745939254761, 1.596966470174266e-08, 0.6670130491256714, 0.273634135723114, -0.6929776668548584, -0.6411253213882446, -0.2630139887332916, -0.7209591269493103], "cam_t_w2c": [7.3855881690979, 53.18178939819336, 965.8750610351562], "depth_scale": 1.0},
  "1": {"cam_K": [2346.1825408935547, 0.0, 956.150695733726, 0.0, 2351.0241982895623, 613.6550906152873, 0.0, 0.0, 1.0], "cam_R_w2c": [0.842850387096405, 0.5381479859352112, 3.55394220719063e-08, 0.3125334680080414, -0.48949161171913147, -0.8140767216682434, -0.43809372186660767, 0.6861448884010315, -0.5807574391365051], "cam_t_w2c": [47.061405181884766, 24.126998901367188, 897.5969848632812], "depth_scale": 1.0}
}