{
  "0": {"cam_K": [2346.1825408935547, 0.0, 956.150695733726, 0.0, 2351.0241982895623, 613.6550906152873, 0.0, 0.0, 1.0], "cam_R_w2c": [0.7784757018089294, -0.6276747584342957, -2.316178893124743e-08, -0.27038148045539856, -0.33534154295921326, -0.9024632573127747, 0.5664533972740173, 0.7025457620620728, -0.43076688051223755], "cam_t_w2c": [-60.80331039428711, 293.4462890625, 3729.381103515625], "depth_scale": 1.0}
}