{
  "0": {"cam_K": [711.1112738715278, 0.0, 255.5, 0.0, 711.1112738715278, 255.5, 0.0, 0.0, 1.0], "cam_R_w2c": [-0.49431338906288147, -0.8566141724586487, -0.147873193025589, -0.48865827918052673, 0.41451045870780945, -0.7677201628684998, 0.718934953212738, -0.30723485350608826, -0.6234896779060364], "cam_t_w2c": [84.68940734863281, 139.4469451904297, 427.26007080078125], "depth_scale": 1.0},
  "1": {"cam_K": [711.1112738715278, 0.0, 255.5, 0.0, 711.1112738715278, 255.5, 0.0, 0.0, 1.0], "cam_R_w2c": [0.9950581192970276, -0.03292611613869667, 0.09367619454860687, 0.07762722671031952, -0.3303011655807495, -0.9406780004501343, 0.06191423162817955, 0.9433010816574097, -0.32611289620399475], "cam_t_w2c": [-233.2735595703125, -18.864004135131836, 584.5792236328125], "depth_scale": 1.0},
  "2": {"cam_K": [711.1112738715278, 0.0, 255.5, 0.0, 711.1112738715278, 255.5, 0.0, 0.0, 1.0], "cam_R_w2c": [0.9950581192970276, -0.03292611613869667, 0.09367619454860687, 0.07762722671031952, -0.3303011655807495, -0.9406780004501343, 0.06191423162817955, 0.9433010816574097, -0.32611289620399475], "cam_t_w2c": [-233.2735595703125, -18.864004135131836, 584.5792236328125], "depth_scale": 1.0},
  "3": {"cam_K": [711.1112738715278, 0.0, 255.5, 0.0, 711.1112738715278, 255.5, 0.0, 0.0, 1.0], "cam_R_w2c": [0.0343659445643425, -0.9630481600761414, 0.2671276330947876, -0.26911473274230957, -0.26633012294769287, -0.9255514740943909, 0.9624947905540466, -0.040080536156892776, -0.2683231234550476], "cam_t_w2c": [-50.16447448730469, 62.45815658569336, 259.55303955078125], "depth_scale": 1.0},
  "4": {"cam_K": [711.1112738715278, 0.0, 255.5, 0.0, 711.1112738715278, 255.5, 0.0, 0.0, 1.0], "cam_R_w2c": [0.0343659445643425, -0.9630481600761414, 0.2671276330947876, -0.26911473274230957, -0.26633012294769287, -0.9255514740943909, 0.9624947905540466, -0.040080536156892776, -0.2683231234550476], "cam_t_w2c": [-50.16447448730469, 62.45815658569336, 259.55303955078125], "depth_scale": 1.0},
  "5": {"cam_K": [711.1112738715278, 0.0, 255.5, 0.0, 711.1112738715278, 255.5, 0.0, 0.0, 1.0], "cam_R_w2c": [-0.4433078467845917, -0.8802695870399475, 0.16912606358528137, -0.33188000321388245, -0.014083709567785263, -0.9432164430618286, 0.8326666951179504, -0.47426483035087585, -0.28590044379234314], "cam_t_w2c": [64.64341735839844, 89.2158432006836, 200.16419982910156], "depth_scale": 1.0},
  "6": {"cam_K": [711.1112738715278, 0.0, 255.5, 0.0, 711.1112738715278, 255.5, 0.0, 0.0, 1.0], "cam_R_w2c": [-0.4433078467845917, -0.8802695870399475, 0.16912606358528137, -0.33188000321388245, -0.014083709567785263, -0.9432164430618286, 0.8326666951179504, -0.47426483035087585, -0.28590044379234314], "cam_t_w2c": [64.64341735839844, 89.2158432006836, 200.16419982910156], "depth_scale": 1.0},
  "7": {"cam_K": [711.1112738715278, 0.0, 255.5, 0.0, 711.1112738715278, 255.5, 0.0, 0.0, 1.0], "cam_R_w2c": [-0.6427902579307556, -0.7280359864234924, 0.2382945567369461, -0.3050941824913025, -0.04203154891729355, -0.9513942003250122, 0.7026650905609131, -0.684249222278595, -0.19510206580162048], "cam_t_w2c": [115.66751098632812, 83.82749938964844, 258.7419128417969], "depth_scale": 1.0},
  "8": {"cam_K": [711.1112738715278, 0.0, 255.5, 0.0, 711.1112738715278, 255.5, 0.0, 0.0, 1.0], "cam_R_w2c": [-0.6427902579307556, -0.7280359864234924, 0.2382945567369461, -0.3050941824913025, -0.04203154891729355, -0.9513942003250122, 0.7026650905609131, -0.684249222278595, -0.19510206580162048], "cam_t_w2c": [115.66751098632812, 83.82749938964844, 258.7419128417969], "depth_scale": 1.0},
  "9": {"cam_K": [711.1112738715278, 0.0, 255.5, 0.0, 711.1112738715278, 255.5, 0.0, 0.0, 1.0], "cam_R_w2c": [0.4971727132797241, 0.8378838896751404, 0.2253216654062271, 0.43896257877349854, -0.018895551562309265, -0.898306667804718, -0.7484191060066223, 0.5455213189125061, -0.37719401717185974], "cam_t_w2c": [-82.50743103027344, -88.15840911865234, 754.4351196289062], "depth_scale": 1.0}
}