{
  "0": {"cam_K": [2346.1825408935547, 0.0, 956.150695733726, 0.0, 2351.0241982895623, 613.6550906152873, 0.0, 0.0, 1.0], "cam_R_w2c": [-0.29423028230667114, 0.9554203748703003, -0.024510281160473824, 0.6251884698867798, 0.17300815880298615, -0.7610569596290588, -0.7228887677192688, -0.23924945294857025, -0.6482220888137817], "cam_t_w2c": [132.43431091308594, 33.9991340637207, 479.18798828125], "depth_scale": 1.0},
  "1": {"cam_K": [2346.1825408935547, 0.0, 956.150695733726, 0.0, 2351.0241982895623, 613.6550906152873, 0.0, 0.0, 1.0], "cam_R_w2c": [0.9917411208152771, 0.10133765637874603, 0.07861445844173431, 0.11888900399208069, -0.49642521142959595, -0.8598996996879578, -0.048114024102687836, 0.8621442914009094, -0.5043732523918152], "cam_t_w2c": [-89.87580871582031, 5.546879291534424, 502.7332763671875], "depth_scale": 1.0}
}