{
  "0": {"cam_K": [711.1112738715278, 0.0, 255.5, 0.0, 711.1112738715278, 255.5, 0.0, 0.0, 1.0], "cam_R_w2c": [-0.20294135808944702, -0.9791908860206604, 1.50799536413615e-07, -0.45343732833862305, 0.09397660940885544, -0.8863199353218079, 0.867876410484314, -0.17987102270126343, -0.4630734622478485], "cam_t_w2c": [166.2288818359375, 24.73617172241211, 1239.546142578125], "depth_scale": 1.0},
  "1": {"cam_K": [711.1112738715278, 0.0, 255.5, 0.0, 711.1112738715278, 255.5, 0.0, 0.0, 1.0], "cam_R_w2c": [-0.17959806323051453, -0.9837400913238525, 2.233037719179265e-07, -0.6820908784866333, 0.12452679872512817, -0.7205866575241089, 0.708869993686676, -0.1294161081314087, -0.6933649182319641], "cam_t_w2c": [173.24923706054688, -71.26538848876953, 1218.159423828125], "depth_scale": 1.0}
}