{
  "0": {"cam_K": [2346.1825408935547, 0.0, 956.150695733726, 0.0, 2351.0241982895623, 613.6550906152873, 0.0, 0.0, 1.0], "cam_R_w2c": [0.13058385252952576, 0.9914373159408569, 1.6148868553500506e-07, 0.4286571443080902, -0.05645906925201416, -0.9017014503479004, -0.8939804434776306, 0.11774776130914688, -0.43235936760902405], "cam_t_w2c": [-53.8697509765625, 188.08651733398438, 718.9005737304688], "depth_scale": 1.0},
  "1": {"cam_K": [2346.1825408935547, 0.0, 956.150695733726, 0.0, 2351.0241982895623, 613.6550906152873, 0.0, 0.0, 1.0], "cam_R_w2c": [-0.3828596770763397, -0.9238066077232361, -1.1603709992868971e-07, -0.42066678404808044, 0.17433993518352509, -0.8903061747550964, 0.8224707245826721, -0.3408622443675995, -0.4553625285625458], "cam_t_w2c": [5.63413143157959, 56.92542266845703, 941.0924072265625], "depth_scale": 1.0}
}