{
  "0": {"cam_K": [711.1112738715278, 0.0, 255.5, 0.0, 711.1112738715278, 255.5, 0.0, 0.0, 1.0], "cam_R_w2c": [0.049082063138484955, -0.9846107363700867, -0.167728453874588, -0.8221286535263062, 0.05553538724780083, -0.5665867328643799, 0.567182183265686, 0.1657036542892456, -0.8067509531974792], "cam_t_w2c": [90.79915618896484, -20.85694122314453, 458.5108337402344], "depth_scale": 1.0}
}