{
  "0": {"cam_K": [711.1112738715278, 0.0, 255.5, 0.0, 711.1112738715278, 255.5, 0.0, 0.0, 1.0], "cam_R_w2c": [0.5546035766601562, 0.5509490370750427, -0.6235945224761963, -0.25646889209747314, -0.5997479557991028, -0.7579750418663025, -0.7916051149368286, 0.5803082585334778, -0.19132107496261597], "cam_t_w2c": [-302.25634765625, 156.60552978515625, 682.582275390625], "depth_scale": 1.0},
  "1": {"cam_K": [711.1112738715278, 0.0, 255.5, 0.0, 711.1112738715278, 255.5, 0.0, 0.0, 1.0], "cam_R_w2c": [0.5546035766601562, 0.5509490370750427, -0.6235945224761963, -0.25646889209747314, -0.5997479557991028, -0.7579750418663025, -0.7916051149368286, 0.5803082585334778, -0.19132107496261597], "cam_t_w2c": [-302.25634765625, 156.60552978515625, 682.582275390625], "depth_scale": 1.0},
  "2": {"cam_K": [711.1112738715278, 0.0, 255.5, 0.0, 711.1112738715278, 255.5, 0.0, 0.0, 1.0], "cam_R_w2c": [0.5546035766601562, 0.5509490370750427, -0.6235945224761963, -0.25646889209747314, -0.5997479557991028, -0.7579750418663025, -0.7916051149368286, 0.5803082585334778, -0.19132107496261597], "cam_t_w2c": [-302.25634765625, 156.60552978515625, 682.582275390625], "depth_scale": 1.0}
}