{
  "0": {"cam_K": [711.1112738715278, 0.0, 255.5, 0.0, 711.1112738715278, 255.5, 0.0, 0.0, 1.0], "cam_R_w2c": [-0.9314284920692444, 0.3639248311519623, -7.664103129911837e-09, 0.2910256087779999, 0.744850218296051, -0.6004184484481812, -0.21850715577602386, -0.5592467784881592, -0.7996861338615417], "cam_t_w2c": [-273.8659973144531, -2693100.0, -3586235.75], "depth_scale": 1.0},
  "1": {"cam_K": [711.1112738715278, 0.0, 255.5, 0.0, 711.1112738715278, 255.5, 0.0, 0.0, 1.0], "cam_R_w2c": [0.757246732711792, -0.6531289219856262, -1.8987631023037466e-08, -0.5964621901512146, -0.6915465593338013, -0.40742653608322144, 0.26610204577445984, 0.30852243304252625, -0.9132381081581116], "cam_t_w2c": [230.30262756347656, -1827660.625, -4095272.5], "depth_scale": 1.0}
}