{
  "0": {"cam_K": [711.1112738715278, 0.0, 255.5, 0.0, 711.1112738715278, 255.5, 0.0, 0.0, 1.0], "cam_R_w2c": [-0.9584717154502869, -0.28518804907798767, 8.95400518174938e-08, -0.07687210291624069, 0.2583545744419098, -0.9629868268966675, 0.2746323049068451, -0.9229955673217773, -0.269548624753952], "cam_t_w2c": [353.7000427246094, -4319279.5, -1208499.75], "depth_scale": 1.0},
  "1": {"cam_K": [711.1112738715278, 0.0, 255.5, 0.0, 711.1112738715278, 255.5, 0.0, 0.0, 1.0], "cam_R_w2c": [0.6964641213417053, 0.7175916433334351, -4.740812755699153e-07, 0.7141351103782654, -0.6931095719337463, -0.09803277254104614, -0.07034782320261002, 0.06827597320079803, -0.9951833486557007], "cam_t_w2c": [-92.15872192382812, -440276.9375, -4463037.5], "depth_scale": 1.0}
}