{
  "0": {"cam_K": [711.1112738715278, 0.0, 255.5, 0.0, 711.1112738715278, 255.5, 0.0, 0.0, 1.0], "cam_R_w2c": [-0.968816339969635, 0.24778039753437042, 1.1506019603757522e-07, 0.24763277173042297, 0.9682390093803406, -0.03451380506157875, -0.008551955223083496, -0.03343750536441803, -0.9994043707847595], "cam_t_w2c": [131.29747009277344, -155014.546875, -4481755.5], "depth_scale": 1.0},
  "1": {"cam_K": [711.1112738715278, 0.0, 255.5, 0.0, 711.1112738715278, 255.5, 0.0, 0.0, 1.0], "cam_R_w2c": [-0.6832258105278015, -0.730207085609436, 4.152973787086012e-08, -0.7146545052528381, 0.6686739325523376, -0.20529021322727203, 0.14990434050559998, -0.14025960862636566, -0.9787010550498962], "cam_t_w2c": [243.49835205078125, -920797.875, -4388939.0], "depth_scale": 1.0}
}