{
  "0": {"cam_K": [711.1112738715278, 0.0, 255.5, 0.0, 711.1112738715278, 255.5, 0.0, 0.0, 1.0], "cam_R_w2c": [0.7487915754318237, -0.6628055572509766, -4.7137174163935924e-08, -0.4283483624458313, -0.4839181900024414, -0.7631127238273621, 0.5057953000068665, 0.5714124441146851, -0.6462655067443848], "cam_t_w2c": [6904.8955078125, -3412303.25, -2885277.75], "depth_scale": 1.0},
  "1": {"cam_K": [711.1112738715278, 0.0, 255.5, 0.0, 711.1112738715278, 255.5, 0.0, 0.0, 1.0], "cam_R_w2c": [0.8799500465393066, -0.4750661849975586, -2.482704530848423e-08, -0.4306970238685608, -0.797766387462616, -0.42198190093040466, 0.20046932995319366, 0.37132301926612854, -0.9066041707992554], "cam_t_w2c": [7331.77685546875, -1886897.75, -4050716.25], "depth_scale": 1.0}
}