{
  "0": {"cam_K": [711.1112738715278, 0.0, 255.5, 0.0, 711.1112738715278, 255.5, 0.0, 0.0, 1.0], "cam_R_w2c": [-0.8963093161582947, -0.44342926144599915, 2.2596530868668196e-08, -0.17567408084869385, 0.35509228706359863, -0.9181764721870422, 0.4071463346481323, -0.8229702115058899, -0.396171510219574], "cam_t_w2c": [-145.74559020996094, -4118689.0, -1776442.625], "depth_scale": 1.0},
  "1": {"cam_K": [711.1112738715278, 0.0, 255.5, 0.0, 711.1112738715278, 255.5, 0.0, 0.0, 1.0], "cam_R_w2c": [0.36730918288230896, 0.9300989508628845, -2.312473412757754e-08, 0.4405707120895386, -0.17398770153522491, -0.8806962370872498, -0.8191345930099487, 0.3234878480434418, -0.47368165850639343], "cam_t_w2c": [205.03396606445312, -3950622.25, -2123884.5], "depth_scale": 1.0}
}