{
  "0": {"cam_K": [711.1112738715278, 0.0, 255.5, 0.0, 711.1112738715278, 255.5, 0.0, 0.0, 1.0], "cam_R_w2c": [-0.32504498958587646, -0.9345041513442993, 0.14507897198200226, -0.2864895462989807, -0.04889725521206856, -0.9568348526954651, 0.9012600183486938, -0.35257789492607117, -0.25183191895484924], "cam_t_w2c": [-3.024034023284912, -62.805606842041016, 894.49072265625], "depth_scale": 1.0},
  "1": {"cam_K": [711.1112738715278, 0.0, 255.5, 0.0, 711.1112738715278, 255.5, 0.0, 0.0, 1.0], "cam_R_w2c": [-0.32504498958587646, -0.9345041513442993, 0.14507897198200226, -0.2864895462989807, -0.04889725521206856, -0.9568348526954651, 0.9012600183486938, -0.35257789492607117, -0.25183191895484924], "cam_t_w2c": [-3.024034023284912, -62.805606842041016, 894.49072265625], "depth_scale": 1.0},
  "2": {"cam_K": [711.1112738715278, 0.0, 255.5, 0.0, 711.1112738715278, 255.5, 0.0, 0.0, 1.0], "cam_R_w2c": [-0.9689691662788391, -0.212690532207489, -0.12594351172447205, -0.011474733240902424, 0.5476725697517395, -0.8366141319274902, 0.24691568315029144, -0.8092079758644104, -0.5331184267997742], "cam_t_w2c": [-224.84439086914062, -46.83604431152344, 918.1073608398438], "depth_scale": 1.0},
  "3": {"cam_K": [711.1112738715278, 0.0, 255.5, 0.0, 711.1112738715278, 255.5, 0.0, 0.0, 1.0], "cam_R_w2c": [-0.9689691662788391, -0.212690532207489, -0.12594351172447205, -0.011474733240902424, 0.5476725697517395, -0.8366141319274902, 0.24691568315029144, -0.8092079758644104, -0.5331184267997742], "cam_t_w2c": [-224.84439086914062, -46.83604431152344, 918.1073608398438], "depth_scale": 1.0},
  "4": {"cam_K": [711.1112738715278, 0.0, 255.5, 0.0, 711.1112738715278, 255.5, 0.0, 0.0, 1.0], "cam_R_w2c": [0.9889370203018188, 0.022017385810613632, 0.1466928869485855, 0.1483212411403656, -0.16072510182857513, -0.9757910966873169, 0.002092859474942088, 0.9867536425590515, -0.16221264004707336], "cam_t_w2c": [246.27427673339844, 52.9699821472168, 848.2846069335938], "depth_scale": 1.0}
}