{
  "0": {"cam_K": [711.1112738715278, 0.0, 255.5, 0.0, 711.1112738715278, 255.5, 0.0, 0.0, 1.0], "cam_R_w2c": [0.10104167461395264, -0.9670199751853943, 0.23380102217197418, -0.16686585545539856, -0.2481471449136734, -0.954242467880249, 0.9807886481285095, 0.05740482732653618, -0.1864357888698578], "cam_t_w2c": [-42.631954193115234, 29.223918914794922, 9.19920825958252], "depth_scale": 1.0},
  "1": {"cam_K": [711.1112738715278, 0.0, 255.5, 0.0, 711.1112738715278, 255.5, 0.0, 0.0, 1.0], "cam_R_w2c": [0.21305905282497406, -0.8393325209617615, 0.5001267194747925, -0.10133189707994461, -0.5281019806861877, -0.8431133031845093, 0.9717703461647034, 0.12895411252975464, -0.19756801426410675], "cam_t_w2c": [-58.52870559692383, 9.311758041381836, 9.716031074523926], "depth_scale": 1.0}
}