{
  "0": {"cam_K": [711.1112738715278, 0.0, 255.5, 0.0, 711.1112738715278, 255.5, 0.0, 0.0, 1.0], "cam_R_w2c": [0.629841685295105, 0.5305719375610352, -0.5672679543495178, -0.19182170927524567, -0.6014595031738281, -0.7755326628684998, -0.7526645660400391, 0.5972771048545837, -0.2770490348339081], "cam_t_w2c": [190.56533813476562, -65.48653411865234, 748.2103271484375], "depth_scale": 1.0},
  "1": {"cam_K": [711.1112738715278, 0.0, 255.5, 0.0, 711.1112738715278, 255.5, 0.0, 0.0, 1.0], "cam_R_w2c": [0.629841685295105, 0.5305719375610352, -0.5672679543495178, -0.19182170927524567, -0.6014595031738281, -0.7755326628684998, -0.7526645660400391, 0.5972771048545837, -0.2770490348339081], "cam_t_w2c": [190.56533813476562, -65.48653411865234, 748.2103271484375], "depth_scale": 1.0},
  "2": {"cam_K": [711.1112738715278, 0.0, 255.5, 0.0, 711.1112738715278, 255.5, 0.0, 0.0, 1.0], "cam_R_w2c": [0.629841685295105, 0.5305719375610352, -0.5672679543495178, -0.19182170927524567, -0.6014595031738281, -0.7755326628684998, -0.7526645660400391, 0.5972771048545837, -0.2770490348339081], "cam_t_w2c": [190.56533813476562, -65.48653411865234, 748.2103271484375], "depth_scale": 1.0},
  "3": {"cam_K": [711.1112738715278, 0.0, 255.5, 0.0, 711.1112738715278, 255.5, 0.0, 0.0, 1.0], "cam_R_w2c": [0.629841685295105, 0.5305719375610352, -0.5672679543495178, -0.19182170927524567, -0.6014595031738281, -0.7755326628684998, -0.7526645660400391, 0.5972771048545837, -0.2770490348339081], "cam_t_w2c": [190.56533813476562, -65.48653411865234, 748.2103271484375], "depth_scale": 1.0},
  "4": {"cam_K": [711.1112738715278, 0.0, 255.5, 0.0, 711.1112738715278, 255.5, 0.0, 0.0, 1.0], "cam_R_w2c": [0.629841685295105, 0.5305719375610352, -0.5672679543495178, -0.19182170927524567, -0.6014595031738281, -0.7755326628684998, -0.7526645660400391, 0.5972771048545837, -0.2770490348339081], "cam_t_w2c": [190.56533813476562, -65.48653411865234, 748.2103271484375], "depth_scale": 1.0}
}