{
  "0": {"cam_K": [711.1112738715278, 0.0, 255.5, 0.0, 711.1112738715278, 255.5, 0.0, 0.0, 1.0], "cam_R_w2c": [0.7731270790100098, -0.6338943839073181, -0.021270109340548515, -0.11191759258508682, -0.1033368781208992, -0.9883299469947815, 0.6242988109588623, 0.7664851546287537, -0.15083648264408112], "cam_t_w2c": [96.76314544677734, 14.398919105529785, 545.5719604492188], "depth_scale": 1.0},
  "1": {"cam_K": [711.1112738715278, 0.0, 255.5, 0.0, 711.1112738715278, 255.5, 0.0, 0.0, 1.0], "cam_R_w2c": [0.7731270790100098, -0.6338943839073181, -0.021270109340548515, -0.11191759258508682, -0.1033368781208992, -0.9883299469947815, 0.6242988109588623, 0.7664851546287537, -0.15083648264408112], "cam_t_w2c": [96.76314544677734, 14.398919105529785, 545.5719604492188], "depth_scale": 1.0},
  "2": {"cam_K": [711.1112738715278, 0.0, 255.5, 0.0, 711.1112738715278, 255.5, 0.0, 0.0, 1.0], "cam_R_w2c": [0.7731270790100098, -0.6338943839073181, -0.021270109340548515, -0.11191759258508682, -0.1033368781208992, -0.9883299469947815, 0.6242988109588623, 0.7664851546287537, -0.15083648264408112], "cam_t_w2c": [96.76314544677734, 14.398919105529785, 545.5719604492188], "depth_scale": 1.0},
  "3": {"cam_K": [711.1112738715278, 0.0, 255.5, 0.0, 711.1112738715278, 255.5, 0.0, 0.0, 1.0], "cam_R_w2c": [0.5546035766601562, 0.5509490370750427, -0.6235945224761963, -0.25646889209747314, -0.5997479557991028, -0.7579750418663025, -0.7916051149368286, 0.5803082585334778, -0.19132107496261597], "cam_t_w2c": [-302.25634765625, 156.60552978515625, 682.582275390625], "depth_scale": 1.0},
  "4": {"cam_K": [711.1112738715278, 0.0, 255.5, 0.0, 711.1112738715278, 255.5, 0.0, 0.0, 1.0], "cam_R_w2c": [0.5546035766601562, 0.5509490370750427, -0.6235945224761963, -0.25646889209747314, -0.5997479557991028, -0.7579750418663025, -0.7916051149368286, 0.5803082585334778, -0.19132107496261597], "cam_t_w2c": [-302.25634765625, 156.60552978515625, 682.582275390625], "depth_scale": 1.0}
}