{
  "0": {"cam_K": [711.1112738715278, 0.0, 255.5, 0.0, 711.1112738715278, 255.5, 0.0, 0.0, 1.0], "cam_R_w2c": [0.40095752477645874, -0.9160966873168945, 1.7774048899354966e-08, -0.5775563716888428, -0.2527851462364197, -0.7762270569801331, 0.7110989689826965, 0.3112340569496155, -0.6304535865783691], "cam_t_w2c": [-194.0401153564453, 131.0436248779297, 722.6761474609375], "depth_scale": 1.0},
  "1": {"cam_K": [711.1112738715278, 0.0, 255.5, 0.0, 711.1112738715278, 255.5, 0.0, 0.0, 1.0], "cam_R_w2c": [-0.9412422776222229, -0.33773234486579895, -9.517315646689894e-08, -0.15415059030056, 0.4296097457408905, -0.8897601366043091, 0.3005008101463318, -0.8374797701835632, -0.45642852783203125], "cam_t_w2c": [199.28756713867188, 97.98692321777344, 617.3978881835938], "depth_scale": 1.0}
}