{
  "0": {"cam_K": [711.1112738715278, 0.0, 255.5, 0.0, 711.1112738715278, 255.5, 0.0, 0.0, 1.0], "cam_R_w2c": [-0.5318652987480164, -0.8468290567398071, 1.358233845394352e-07, -0.7803689241409302, 0.4901237487792969, -0.38833367824554443, 0.32885217666625977, -0.2065412849187851, -0.9215189218521118], "cam_t_w2c": [390.76702880859375, -1715778.125, -4090754.0], "depth_scale": 1.0},
  "1": {"cam_K": [711.1112738715278, 0.0, 255.5, 0.0, 711.1112738715278, 255.5, 0.0, 0.0, 1.0], "cam_R_w2c": [-0.18494382500648499, -0.9827491044998169, -8.821752572885089e-08, -0.6580894589424133, 0.12384607642889023, -0.7426846027374268, 0.7298726439476013, -0.13735486567020416, -0.6696414351463318], "cam_t_w2c": [-2477.572021484375, -3290153.5, -2975380.75], "depth_scale": 1.0}
}