{
  "0": {"cam_K": [2346.1825408935547, 0.0, 956.150695733726, 0.0, 2351.0241982895623, 613.6550906152873, 0.0, 0.0, 1.0], "cam_R_w2c": [0.5053161382675171, -0.8629342913627625, -9.165074033035125e-08, -0.37208595871925354, -0.21788561344146729, -0.9022626876831055, 0.7785933613777161, 0.45592793822288513, -0.43118685483932495], "cam_t_w2c": [58.93502426147461, 389.4671936035156, 3141.49658203125], "depth_scale": 1.0}
}