{
  "0": {"cam_K": [711.1112738715278, 0.0, 255.5, 0.0, 711.1112738715278, 255.5, 0.0, 0.0, 1.0], "cam_R_w2c": [-0.3181150257587433, -0.9036244750022888, -0.2868199348449707, -0.6126761436462402, 0.4268207252025604, -0.6651706695556641, 0.7234851717948914, -0.035873036831617355, -0.6894072890281677], "cam_t_w2c": [175.03726196289062, 177.73431396484375, 488.6296691894531], "depth_scale": 1.0},
  "1": {"cam_K": [711.1112738715278, 0.0, 255.5, 0.0, 711.1112738715278, 255.5, 0.0, 0.0, 1.0], "cam_R_w2c": [-0.3630349934101105, 0.9300917983055115, -0.05599072575569153, 0.6529744267463684, 0.21108293533325195, -0.7273709177970886, -0.6647029519081116, -0.30062156915664673, -0.6839566826820374], "cam_t_w2c": [120.76934814453125, 83.87306213378906, 689.5847778320312], "depth_scale": 1.0},
  "2": {"cam_K": [711.1112738715278, 0.0, 255.5, 0.0, 711.1112738715278, 255.5, 0.0, 0.0, 1.0], "cam_R_w2c": [-0.3630349934101105, 0.9300917983055115, -0.05599072575569153, 0.6529744267463684, 0.21108293533325195, -0.7273709177970886, -0.6647029519081116, -0.30062156915664673, -0.6839566826820374], "cam_t_w2c": [120.76934814453125, 83.87306213378906, 689.5847778320312], "depth_scale": 1.0},
  "3": {"cam_K": [711.1112738715278, 0.0, 255.5, 0.0, 711.1112738715278, 255.5, 0.0, 0.0, 1.0], "cam_R_w2c": [0.8892353177070618, 0.44739285111427307, 0.09539484232664108, 0.23738175630569458, -0.27303948998451233, -0.9322549104690552, -0.39103764295578003, 0.8516390323638916, -0.3489992618560791], "cam_t_w2c": [-172.70559692382812, 168.0035858154297, 570.3119506835938], "depth_scale": 1.0},
  "4": {"cam_K": [711.1112738715278, 0.0, 255.5, 0.0, 711.1112738715278, 255.5, 0.0, 0.0, 1.0], "cam_R_w2c": [0.8892353177070618, 0.44739285111427307, 0.09539484232664108, 0.23738175630569458, -0.27303948998451233, -0.9322549104690552, -0.39103764295578003, 0.8516390323638916, -0.3489992618560791], "cam_t_w2c": [-172.70559692382812, 168.0035858154297, 570.3119506835938], "depth_scale": 1.0}
}