{
  "0": {"cam_K": [711.1112738715278, 0.0, 255.5, 0.0, 711.1112738715278, 255.5, 0.0, 0.0, 1.0], "cam_R_w2c": [0.9997893571853638, -0.020522914826869965, -1.0777079229029596e-10, -0.01238932367414236, -0.6035553812980652, -0.7972249388694763, 0.016361378133296967, 0.797057032585144, -0.6036825180053711], "cam_t_w2c": [103.9356918334961, 159.68667602539062, 1027.0716552734375], "depth_scale": 1.0},
  "1": {"cam_K": [711.1112738715278, 0.0, 255.5, 0.0, 711.1112738715278, 255.5, 0.0, 0.0, 1.0], "cam_R_w2c": [0.967714250087738, -0.2520498037338257, -2.771770013509922e-08, -0.23404119908809662, -0.8985723853111267, -0.37120378017425537, 0.0935618132352829, 0.35921919345855713, -0.9285513758659363], "cam_t_w2c": [129.44764709472656, 127.92771911621094, 1064.771728515625], "depth_scale": 1.0}
}