{
  "0": {"cam_K": [711.1112738715278, 0.0, 255.5, 0.0, 711.1112738715278, 255.5, 0.0, 0.0, 1.0], "cam_R_w2c": [-0.49649912118911743, 0.8680372834205627, -1.938998650530266e-08, 0.8553236126899719, 0.4892270863056183, -0.17052391171455383, -0.14802108705043793, -0.0846649780869484, -0.9853535890579224], "cam_t_w2c": [216.44732666015625, -197.45567321777344, 984.4186401367188], "depth_scale": 1.0},
  "1": {"cam_K": [711.1112738715278, 0.0, 255.5, 0.0, 711.1112738715278, 255.5, 0.0, 0.0, 1.0], "cam_R_w2c": [-0.6810208559036255, 0.7322639226913452, 1.3397304599038762e-07, 0.7114549279212952, 0.6616681218147278, -0.23670069873332977, -0.1733274906873703, -0.16119803488254547, -0.9715825319290161], "cam_t_w2c": [262.7276611328125, -129.95301818847656, 1097.0906982421875], "depth_scale": 1.0}
}