{
  "0": {"cam_K": [711.1112738715278, 0.0, 255.5, 0.0, 711.1112738715278, 255.5, 0.0, 0.0, 1.0], "cam_R_w2c": [0.31249508261680603, -0.9342018365859985, -0.1720866858959198, -0.18972471356391907, 0.11612805724143982, -0.974945604801178, 0.9307799935340881, 0.3373148441314697, -0.1409517526626587], "cam_t_w2c": [248.24986267089844, -22.272785186767578, 603.889404296875], "depth_scale": 1.0},
  "1": {"cam_K": [711.1112738715278, 0.0, 255.5, 0.0, 711.1112738715278, 255.5, 0.0, 0.0, 1.0], "cam_R_w2c": [0.8448893427848816, -0.4631635546684265, 0.2676593065261841, 0.1086922287940979, -0.3412807285785675, -0.9336559772491455, 0.5237823724746704, 0.8179284930229187, -0.23800219595432281], "cam_t_w2c": [295.88507080078125, 131.6711883544922, 518.559326171875], "depth_scale": 1.0},
  "2": {"cam_K": [711.1112738715278, 0.0, 255.5, 0.0, 711.1112738715278, 255.5, 0.0, 0.0, 1.0], "cam_R_w2c": [0.8448893427848816, -0.4631635546684265, 0.2676593065261841, 0.1086922287940979, -0.3412807285785675, -0.9336559772491455, 0.5237823724746704, 0.8179284930229187, -0.23800219595432281], "cam_t_w2c": [295.88507080078125, 131.6711883544922, 518.559326171875], "depth_scale": 1.0},
  "3": {"cam_K": [711.1112738715278, 0.0, 255.5, 0.0, 711.1112738715278, 255.5, 0.0, 0.0, 1.0], "cam_R_w2c": [-0.7640973925590515, -0.6114418506622314, -0.20565597712993622, 0.010272121988236904, 0.307223916053772, -0.9515818953514099, 0.6450193524360657, -0.7292135953903198, -0.22846829891204834], "cam_t_w2c": [-62.80399703979492, -7.797261714935303, 831.1402587890625], "depth_scale": 1.0},
  "4": {"cam_K": [711.1112738715278, 0.0, 255.5, 0.0, 711.1112738715278, 255.5, 0.0, 0.0, 1.0], "cam_R_w2c": [-0.7640973925590515, -0.6114418506622314, -0.20565597712993622, 0.010272121988236904, 0.307223916053772, -0.9515818953514099, 0.6450193524360657, -0.7292135953903198, -0.22846829891204834], "cam_t_w2c": [-62.80399703979492, -7.797261714935303, 831.1402587890625], "depth_scale": 1.0},
  "5": {"cam_K": [711.1112738715278, 0.0, 255.5, 0.0, 711.1112738715278, 255.5, 0.0, 0.0, 1.0], "cam_R_w2c": [0.7191551923751831, 0.6792896389961243, 0.14622384309768677, 0.3387835621833801, -0.15905019640922546, -0.9273234009742737, -0.60666424036026, 0.7164276838302612, -0.3445139229297638], "cam_t_w2c": [62.696533203125, 161.36572265625, 250.8355712890625], "depth_scale": 1.0},
  "6": {"cam_K": [711.1112738715278, 0.0, 255.5, 0.0, 711.1112738715278, 255.5, 0.0, 0.0, 1.0], "cam_R_w2c": [0.7191551923751831, 0.6792896389961243, 0.14622384309768677, 0.3387835621833801, -0.15905019640922546, -0.9273234009742737, -0.60666424036026, 0.7164276838302612, -0.3445139229297638], "cam_t_w2c": [62.696533203125, 161.36572265625, 250.8355712890625], "depth_scale": 1.0},
  "7": {"cam_K": [711.1112738715278, 0.0, 255.5, 0.0, 711.1112738715278, 255.5, 0.0, 0.0, 1.0], "cam_R_w2c": [0.522980809211731, -0.8223220109939575, -0.22422689199447632, -0.5197699069976807, -0.09919091314077377, -0.8485285043716431, 0.6755223274230957, 0.5603104829788208, -0.47929316759109497], "cam_t_w2c": [295.9645080566406, -60.00119400024414, 715.8019409179688], "depth_scale": 1.0},
  "8": {"cam_K": [711.1112738715278, 0.0, 255.5, 0.0, 711.1112738715278, 255.5, 0.0, 0.0, 1.0], "cam_R_w2c": [0.522980809211731, -0.8223220109939575, -0.22422689199447632, -0.5197699069976807, -0.09919091314077377, -0.8485285043716431, 0.6755223274230957, 0.5603104829788208, -0.47929316759109497], "cam_t_w2c": [295.9645080566406, -60.00119400024414, 715.8019409179688], "depth_scale": 1.0},
  "9": {"cam_K": [711.1112738715278, 0.0, 255.5, 0.0, 711.1112738715278, 255.5, 0.0, 0.0, 1.0], "cam_R_w2c": [-0.43907809257507324, 0.8524445295333862, -0.28381165862083435, 0.261444091796875, -0.18099340796470642, -0.9480973482131958, -0.8595683574676514, -0.49048951268196106, -0.1433964967727661], "cam_t_w2c": [-226.0136260986328, 194.3123016357422, 361.471435546875], "depth_scale": 1.0}
}