{
  "0": {"cam_K": [711.1112738715278, 0.0, 255.5, 0.0, 711.1112738715278, 255.5, 0.0, 0.0, 1.0], "cam_R_w2c": [-0.8260342478752136, 0.5636200308799744, 7.364196363823794e-08, 0.503537654876709, 0.7379783391952515, -0.4492636024951935, -0.2532140016555786, -0.3711070716381073, -0.8933992981910706], "cam_t_w2c": [41.97292709350586, -2015298.75, -4006697.75], "depth_scale": 1.0},
  "1": {"cam_K": [711.1112738715278, 0.0, 255.5, 0.0, 711.1112738715278, 255.5, 0.0, 0.0, 1.0], "cam_R_w2c": [0.22432558238506317, -0.9745143055915833, 4.545064058447679e-08, -0.36847007274627686, -0.08481908589601517, -0.9257622361183167, 0.9021684527397156, 0.20767219364643097, -0.3781065046787262], "cam_t_w2c": [-57.392948150634766, -4152841.25, -1695066.25], "depth_scale": 1.0}
}