{
  "0": {"cam_K": [711.1112738715278, 0.0, 255.5, 0.0, 711.1112738715278, 255.5, 0.0, 0.0, 1.0], "cam_R_w2c": [-0.08890199661254883, -0.996040403842926, 3.352748834117847e-08, -0.9404832124710083, 0.08394312113523483, -0.32930988073349, 0.32800593972206116, -0.029276322573423386, -0.9442219734191895], "cam_t_w2c": [-181.58673095703125, 87.17813110351562, 1362.295166015625], "depth_scale": 1.0},
  "1": {"cam_K": [711.1112738715278, 0.0, 255.5, 0.0, 711.1112738715278, 255.5, 0.0, 0.0, 1.0], "cam_R_w2c": [0.05895531177520752, -0.9982606172561646, 4.873722332376929e-07, -0.9948903918266296, -0.0587562620639801, -0.08210223913192749, 0.08195946365594864, 0.00483987620100379, -0.9966238737106323], "cam_t_w2c": [-163.43165588378906, -87.22734069824219, 1441.6129150390625], "depth_scale": 1.0}
}