{
  "0": {"cam_K": [711.1112738715278, 0.0, 255.5, 0.0, 711.1112738715278, 255.5, 0.0, 0.0, 1.0], "cam_R_w2c": [0.9997815489768982, 0.020900409668684006, -8.168766996163868e-09, 0.02084602601826191, -0.9971802830696106, -0.07209154963493347, -0.0015067508211359382, 0.07207579910755157, -0.9973981976509094], "cam_t_w2c": [-4.176196098327637, -323457.6875, -4473034.0], "depth_scale": 1.0},
  "1": {"cam_K": [711.1112738715278, 0.0, 255.5, 0.0, 711.1112738715278, 255.5, 0.0, 0.0, 1.0], "cam_R_w2c": [0.8104305863380432, 0.5858346819877625, -3.54840352656538e-08, 0.4321642220020294, -0.5978462100028992, -0.675139844417572, -0.3955203890800476, 0.5471539497375488, -0.7376896142959595], "cam_t_w2c": [41.203453063964844, -3028506.5, -3307988.5], "depth_scale": 1.0}
}