{
  "0": [{"cam_R_m2c": [-0.09519784152507782, 0.045420657843351364, -0.9944214224815369, -0.8652553558349609, -0.49771562218666077, 0.06009925529360771, -0.4922095537185669, 0.8661499619483948, 0.08668215572834015], "cam_t_m2c": [-921.6755981445312, 27723.904296875, 9281.7470703125], "obj_id": 2}, {"cam_R_m2c": [0.20380768179893494, -0.9159970879554749, 0.34556010365486145, 0.9674627184867859, 0.13438600301742554, -0.2143741101026535, 0.14992761611938477, 0.37800759077072144, 0.9135819673538208], "cam_t_m2c": [61.784053802490234, -83.89789581298828, 1338.502685546875], "obj_id": 0}],
  "1": [{"cam_R_m2c": [0.019512368366122246, -0.3570716977119446, -0.9338731169700623, -0.33361390233039856, -0.8828431963920593, 0.33058962225914, -0.942507803440094, 0.30510249733924866, -0.1363503783941269], "cam_t_m2c": [-1294.7706298828125, 16243.3642578125, 24711.205078125], "obj_id": 2}, {"cam_R_m2c": [0.22694392502307892, -0.9711633324623108, -0.07306379824876785, 0.5691679120063782, 0.19313231110572815, -0.7992170453071594, 0.7902812361717224, 0.13979192078113556, 0.5965851545333862], "cam_t_m2c": [-135.07504272460938, -344.4474792480469, 1029.3153076171875], "obj_id": 0}]
}