{
  "0": {"cam_K": [711.1112738715278, 0.0, 255.5, 0.0, 711.1112738715278, 255.5, 0.0, 0.0, 1.0], "cam_R_w2c": [0.9469459652900696, 0.3213927745819092, -2.807090737633189e-08, 0.08142374455928802, -0.23990562558174133, -0.967375636100769, -0.3109075427055359, 0.9160524606704712, -0.25334668159484863], "cam_t_w2c": [-989.9994506835938, -4311654.0, -1127141.625], "depth_scale": 1.0},
  "1": {"cam_K": [711.1112738715278, 0.0, 255.5, 0.0, 711.1112738715278, 255.5, 0.0, 0.0, 1.0], "cam_R_w2c": [0.9951140880584717, -0.09873154759407043, -5.232778654828962e-09, -0.08052186667919159, -0.8115788698196411, -0.5786672830581665, 0.05713271349668503, 0.5758399367332458, -0.8155636191368103], "cam_t_w2c": [-1364.521728515625, -2579484.5, -3633683.25], "depth_scale": 1.0}
}