{
  "0": {"cam_K": [711.1112738715278, 0.0, 255.5, 0.0, 711.1112738715278, 255.5, 0.0, 0.0, 1.0], "cam_R_w2c": [-0.6078099608421326, 0.794082760810852, -1.823910764642278e-07, 0.14567877352237701, 0.1115056648850441, -0.9830281734466553, -0.7806056141853333, -0.5974941849708557, -0.18345540761947632], "cam_t_w2c": [140.45693969726562, -4409435.5, -822034.6875], "depth_scale": 1.0},
  "1": {"cam_K": [711.1112738715278, 0.0, 255.5, 0.0, 711.1112738715278, 255.5, 0.0, 0.0, 1.0], "cam_R_w2c": [0.7266842722892761, 0.6869715452194214, 6.17903140209819e-07, 0.683939516544342, -0.7234768867492676, -0.09385038912296295, -0.06447210162878036, 0.06820002943277359, -0.9955862760543823], "cam_t_w2c": [107.474365234375, -421103.8125, -4465027.5], "depth_scale": 1.0}
}