{
  "0": {"cam_K": [711.1112738715278, 0.0, 255.5, 0.0, 711.1112738715278, 255.5, 0.0, 0.0, 1.0], "cam_R_w2c": [-0.06359437853097916, -0.767372190952301, 0.6380406022071838, -0.5181364417076111, -0.5210262537002563, -0.6782820820808411, 0.8529305458068848, -0.3737269341945648, -0.3644692897796631], "cam_t_w2c": [-157.04917907714844, -90.15125274658203, 125.63532257080078], "depth_scale": 1.0}
}