{
  "0": {"cam_K": [711.1112738715278, 0.0, 255.5, 0.0, 711.1112738715278, 255.5, 0.0, 0.0, 1.0], "cam_R_w2c": [0.5543826818466187, -0.832261860370636, 7.82554465672547e-08, -0.36955565214157104, -0.2461668998003006, -0.8960080742835999, 0.7457133531570435, 0.49673134088516235, -0.4440377354621887], "cam_t_w2c": [18.038789749145508, -4019064.5, -1991243.875], "depth_scale": 1.0},
  "1": {"cam_K": [711.1112738715278, 0.0, 255.5, 0.0, 711.1112738715278, 255.5, 0.0, 0.0, 1.0], "cam_R_w2c": [0.8570858836174011, 0.515173614025116, 4.6696634115050983e-08, 0.4397817850112915, -0.7316577434539795, -0.5208349227905273, -0.26832035183906555, 0.4464002549648285, -0.8536574840545654], "cam_t_w2c": [-451.22857666015625, -2336300.5, -3828349.5], "depth_scale": 1.0}
}