{
  "0": [{"cam_R_m2c": [-0.41106030344963074, 0.7669128179550171, 0.4928224980831146, 0.49537625908851624, 0.6417418718338013, -0.5854653120040894, -0.765265703201294, 0.0034709733445197344, -0.6437050104141235], "cam_t_m2c": [9.493887901306152, 143.61000061035156, 705.3287963867188], "obj_id": 2}, {"cam_R_m2c": [-0.3751680254936218, -0.8390152454376221, 0.39408403635025024, -0.926926851272583, 0.3429783880710602, -0.15222463011741638, -0.007443503942340612, -0.4223969280719757, -0.906380295753479], "cam_t_m2c": [130.1845245361328, -88.09392547607422, 606.4723510742188], "obj_id": 2}],
  "1": [{"cam_R_m2c": [-0.9237456917762756, -0.24596375226974487, -0.2935909628868103, -0.260463684797287, 0.9654242992401123, 0.010704848915338516, 0.28080683946609497, 0.08635834604501724, -0.9558711647987366], "cam_t_m2c": [-329.5873107910156, 19.698579788208008, 946.1615600585938], "obj_id": 2}, {"cam_R_m2c": [0.38707950711250305, -0.5691203474998474, -0.7254457473754883, -0.770249605178833, -0.632068932056427, 0.08487946540117264, -0.506838321685791, 0.5259191393852234, -0.6830256581306458], "cam_t_m2c": [-309.6754150390625, -9.054884910583496, 669.115966796875], "obj_id": 2}]
}