{
  "0": {"cam_K": [711.1112738715278, 0.0, 255.5, 0.0, 711.1112738715278, 255.5, 0.0, 0.0, 1.0], "cam_R_w2c": [0.43231201171875, 0.901724100112915, 9.202030071264744e-08, 0.7710714340209961, -0.369673490524292, -0.5184500813484192, -0.46749886870384216, 0.22413228452205658, -0.8551080226898193], "cam_t_w2c": [-25.960893630981445, -2325692.75, -3834923.5], "depth_scale": 1.0},
  "1": {"cam_K": [711.1112738715278, 0.0, 255.5, 0.0, 711.1112738715278, 255.5, 0.0, 0.0, 1.0], "cam_R_w2c": [-0.978837788105011, -0.20463809370994568, -2.9586614047616422e-08, -0.1727026402950287, 0.8260820508003235, -0.5364347696304321, 0.10977500677108765, -0.525082528591156, -0.8439419269561768], "cam_t_w2c": [2.5674874782562256, -2406409.5, -3784984.5], "depth_scale": 1.0}
}