{
  "0": [{"cam_R_m2c": [-0.3864949345588684, -0.4706508219242096, -0.7931643128395081, 0.5082074999809265, -0.8263328075408936, 0.24269191920757294, -0.7696407437324524, -0.30929285287857056, 0.5585616230964661], "cam_t_m2c": [738.7875366210938, -876.2350463867188, 2424.225341796875], "obj_id": 3}]
}