{
  "0": {"cam_K": [2346.1825408935547, 0.0, 956.150695733726, 0.0, 2351.0241982895623, 613.6550906152873, 0.0, 0.0, 1.0], "cam_R_w2c": [0.03971235454082489, 0.9992111325263977, -7.625691722523698e-08, 0.4246867895126343, -0.016878675669431686, -0.905182957649231, -0.9044688940048218, 0.03594690188765526, -0.42502206563949585], "cam_t_w2c": [1001.5586547851562, -763.9918823242188, 2302.818359375], "depth_scale": 1.0}
}