{
  "0": {"cam_K": [711.1112738715278, 0.0, 255.5, 0.0, 711.1112738715278, 255.5, 0.0, 0.0, 1.0], "cam_R_w2c": [0.9097877144813538, 0.41507384181022644, -1.2594409959376662e-08, 0.14773310720920563, -0.323811799287796, -0.934516429901123, -0.38789331912994385, 0.8502115607261658, -0.35592013597488403], "cam_t_w2c": [85.63943481445312, -4191825.75, -1595761.5], "depth_scale": 1.0},
  "1": {"cam_K": [711.1112738715278, 0.0, 255.5, 0.0, 711.1112738715278, 255.5, 0.0, 0.0, 1.0], "cam_R_w2c": [0.8854010105133057, 0.4648279845714569, 6.89408139464831e-08, 0.42497995495796204, -0.8094987273216248, -0.40509742498397827, -0.18830056488513947, 0.35867372155189514, -0.9142735600471497], "cam_t_w2c": [81.85342407226562, -1817025.875, -4100227.0], "depth_scale": 1.0}
}