{
  "0": {"cam_K": [711.1112738715278, 0.0, 255.5, 0.0, 711.1112738715278, 255.5, 0.0, 0.0, 1.0], "cam_R_w2c": [0.9951551556587219, 0.09831677377223969, 4.707931822167666e-09, 0.08723713457584381, -0.8830080032348633, -0.4611800014972687, -0.045341722667217255, 0.4589456617832184, -0.8873068690299988], "cam_t_w2c": [-11276.34375, -2050906.0, -3954529.75], "depth_scale": 1.0},
  "1": {"cam_K": [711.1112738715278, 0.0, 255.5, 0.0, 711.1112738715278, 255.5, 0.0, 0.0, 1.0], "cam_R_w2c": [-0.20414507389068604, -0.9789407253265381, 1.0996392774131891e-07, -0.7558242678642273, 0.15761692821979523, -0.6355208158493042, 0.6221371293067932, -0.1297384798526764, -0.7720838785171509], "cam_t_w2c": [7567.0966796875, -2824293.0, -3445165.5], "depth_scale": 1.0}
}