{
  "0": [{"cam_R_m2c": [-0.9111713767051697, 0.04773969575762749, -0.4092525243759155, -0.2721109986305237, 0.6761170029640198, 0.6847053170204163, 0.30939021706581116, 0.7352460026741028, -0.6030679941177368], "cam_t_m2c": [-11269.0224609375, 17539.681640625, 25523.88671875], "obj_id": 0}, {"cam_R_m2c": [-0.8639410138130188, -0.5006222724914551, -0.05461932346224785, 0.36532795429229736, -0.5483919978141785, -0.7521979212760925, 0.3466142416000366, -0.669808566570282, 0.6566696763038635], "cam_t_m2c": [-67.78099822998047, -321.2805480957031, 1192.320556640625], "obj_id": 2}],
  "1": [{"cam_R_m2c": [-0.09370248764753342, 0.23458325862884521, 0.9675694108009338, 0.8547388315200806, 0.5173037648200989, -0.042642608284950256, -0.5105305910110474, 0.8230234384536743, -0.2489800900220871], "cam_t_m2c": [7396.953125, 26341.111328125, 17951.736328125], "obj_id": 0}, {"cam_R_m2c": [0.41543498635292053, -0.019650978967547417, -0.9094105958938599, 0.9009844660758972, -0.12856732308864594, 0.4143639802932739, -0.12506309151649475, -0.9915060997009277, -0.03570617362856865], "cam_t_m2c": [-371.2306823730469, 203.50802612304688, 834.6332397460938], "obj_id": 2}]
}