{
  "0": {"cam_K": [711.1112738715278, 0.0, 255.5, 0.0, 711.1112738715278, 255.5, 0.0, 0.0, 1.0], "cam_R_w2c": [-0.7250244617462158, -0.6887233257293701, 1.7840665833546154e-08, -0.5945801138877869, 0.6259190440177917, -0.5046780109405518, 0.34758347272872925, -0.3659038543701172, -0.8633078336715698], "cam_t_w2c": [-6816.36767578125, -2231773.75, -3780963.5], "depth_scale": 1.0},
  "1": {"cam_K": [711.1112738715278, 0.0, 255.5, 0.0, 711.1112738715278, 255.5, 0.0, 0.0, 1.0], "cam_R_w2c": [-0.9993805289268494, -0.03519324213266373, 9.312945792316896e-08, -0.0206151120364666, 0.5854040384292603, -0.8104795813560486, 0.02852335013449192, -0.8099775314331055, -0.5857669115066528], "cam_t_w2c": [-17121.08203125, -3564250.5, -2563909.0], "depth_scale": 1.0}
}