{
  "0": [{"cam_R_m2c": [-0.10167298465967178, -0.9612394571304321, 0.2562835216522217, 0.9649342894554138, -0.03262148052453995, 0.2604564428329468, -0.24200065433979034, 0.27377817034721375, 0.9308497309684753], "cam_t_m2c": [-6978.74755859375, 31960.087890625, 91436.9609375], "obj_id": 3}, {"cam_R_m2c": [0.19796697795391083, 0.9206029772758484, -0.3365994393825531, -0.4302765727043152, 0.39015868306159973, 0.8140259385108948, 0.880721926689148, -0.016319384798407555, 0.47335246205329895], "cam_t_m2c": [-109.9089126586914, 340.7883605957031, 1037.055908203125], "obj_id": 2}],
  "1": [{"cam_R_m2c": [0.5569324493408203, -0.8300309777259827, 0.02957676537334919, 0.683800458908081, 0.4784458875656128, 0.5509141683578491, -0.47142672538757324, -0.286597341299057, 0.8340376615524292], "cam_t_m2c": [-17254.08984375, 71235.515625, 63488.765625], "obj_id": 3}, {"cam_R_m2c": [-0.39255037903785706, 0.9180610179901123, 0.05538991093635559, 0.005483974702656269, -0.057886578142642975, 0.9983080625534058, 0.919714093208313, 0.39219003915786743, 0.017688851803541183], "cam_t_m2c": [35.25625228881836, 421.416748046875, 994.4638061523438], "obj_id": 2}]
}