{
  "0": {"cam_K": [711.1112738715278, 0.0, 255.5, 0.0, 711.1112738715278, 255.5, 0.0, 0.0, 1.0], "cam_R_w2c": [-0.31926167011260986, -0.9359529614448547, -0.14853933453559875, -0.1872466653585434, 0.21595434844493866, -0.9582809209823608, 0.9289836287498474, -0.2781289219856262, -0.24420000612735748], "cam_t_w2c": [25.364349365234375, 325.5630187988281, 602.7453002929688], "depth_scale": 1.0},
  "1": {"cam_K": [711.1112738715278, 0.0, 255.5, 0.0, 711.1112738715278, 255.5, 0.0, 0.0, 1.0], "cam_R_w2c": [-0.8860365748405457, -0.13480189442634583, 0.44358503818511963, -0.4310283362865448, 0.5918958187103271, -0.6810829043388367, -0.1707448661327362, -0.7946620583534241, -0.5825448036193848], "cam_t_w2c": [-197.55029296875, 233.74649047851562, 633.1941528320312], "depth_scale": 1.0},
  "2": {"cam_K": [711.1112738715278, 0.0, 255.5, 0.0, 711.1112738715278, 255.5, 0.0, 0.0, 1.0], "cam_R_w2c": [-0.8860365748405457, -0.13480189442634583, 0.44358503818511963, -0.4310283362865448, 0.5918958187103271, -0.6810829043388367, -0.1707448661327362, -0.7946620583534241, -0.5825448036193848], "cam_t_w2c": [-197.55029296875, 233.74649047851562, 633.1941528320312], "depth_scale": 1.0},
  "3": {"cam_K": [711.1112738715278, 0.0, 255.5, 0.0, 711.1112738715278, 255.5, 0.0, 0.0, 1.0], "cam_R_w2c": [0.8893808126449585, 0.4154873490333557, -0.1907145082950592, 0.009400058537721634, -0.43369752168655396, -0.9010095596313477, -0.4570704400539398, 0.7995479106903076, -0.3896278738975525], "cam_t_w2c": [105.02511596679688, 284.96600341796875, 503.97796630859375], "depth_scale": 1.0},
  "4": {"cam_K": [711.1112738715278, 0.0, 255.5, 0.0, 711.1112738715278, 255.5, 0.0, 0.0, 1.0], "cam_R_w2c": [0.8893808126449585, 0.4154873490333557, -0.1907145082950592, 0.009400058537721634, -0.43369752168655396, -0.9010095596313477, -0.4570704400539398, 0.7995479106903076, -0.3896278738975525], "cam_t_w2c": [105.02511596679688, 284.96600341796875, 503.97796630859375], "depth_scale": 1.0}
}