{
  "0": {"cam_K": [2346.1825408935547, 0.0, 956.150695733726, 0.0, 2351.0241982895623, 613.6550906152873, 0.0, 0.0, 1.0], "cam_R_w2c": [-0.8925635814666748, -0.45092207193374634, -1.3380777375004982e-07, -0.049410995095968246, 0.0978052094578743, -0.9939783215522766, 0.44820675253868103, -0.8871886134147644, -0.10957806557416916], "cam_t_w2c": [-60355.78515625, -2877.528076171875, 27506.33984375], "depth_scale": 1.0}
}