{
  "0": [{"cam_R_m2c": [0.9972794651985168, 0.05669770762324333, 0.04710610210895538, -0.06821517646312714, 0.9520330429077148, 0.2982948422431946, -0.027933930978178978, -0.3006966710090637, 0.9533106684684753], "cam_t_m2c": [-1.4706906080245972, 0.1132674515247345, 946.999267578125], "obj_id": 3}]
}