{
  "0": {"cam_K": [711.1112738715278, 0.0, 255.5, 0.0, 711.1112738715278, 255.5, 0.0, 0.0, 1.0], "cam_R_w2c": [-0.835276186466217, -0.5498307347297668, -1.950999717337254e-07, -0.12375693023204803, 0.18800580501556396, -0.9743398427963257, 0.535722017288208, -0.8138427138328552, -0.2250821888446808], "cam_t_w2c": [-156.62612915039062, 299.4412536621094, 1379.732421875], "depth_scale": 1.0},
  "1": {"cam_K": [711.1112738715278, 0.0, 255.5, 0.0, 711.1112738715278, 255.5, 0.0, 0.0, 1.0], "cam_R_w2c": [0.435573935508728, 0.9001529216766357, 2.7634771981865924e-07, 0.41600269079208374, -0.2012987732887268, -0.8868035674095154, -0.7982587814331055, 0.38626864552497864, -0.4621465504169464], "cam_t_w2c": [-5.8077569007873535, 474.4053955078125, 665.1631469726562], "depth_scale": 1.0}
}