{
  "0": {"cam_K": [711.1112738715278, 0.0, 255.5, 0.0, 711.1112738715278, 255.5, 0.0, 0.0, 1.0], "cam_R_w2c": [0.3002765476703644, -0.9532678723335266, -0.03338421881198883, -0.2865671217441559, -0.05677483603358269, -0.9563765525817871, 0.9097875356674194, 0.29674434661865234, -0.29022344946861267], "cam_t_w2c": [-67.66541290283203, 49.10121536254883, 23.353261947631836], "depth_scale": 1.0},
  "1": {"cam_K": [711.1112738715278, 0.0, 255.5, 0.0, 711.1112738715278, 255.5, 0.0, 0.0, 1.0], "cam_R_w2c": [0.24622099101543427, -0.962618887424469, -0.11287200450897217, -0.2470807284116745, 0.05026772990822792, -0.9676901698112488, 0.9371906518936157, 0.26615414023399353, -0.22546760737895966], "cam_t_w2c": [-57.239219665527344, 42.802703857421875, 28.304306030273438], "depth_scale": 1.0}
}