{
  "0": {"cam_K": [2346.1825408935547, 0.0, 956.150695733726, 0.0, 2351.0241982895623, 613.6550906152873, 0.0, 0.0, 1.0], "cam_R_w2c": [0.9000812768936157, 0.43572208285331726, -5.1936883238568043e-08, 0.18995778262615204, -0.392400324344635, -0.8999655842781067, -0.3921349048614502, 0.810042142868042, -0.435960978269577], "cam_t_w2c": [24.127058029174805, 565.5776977539062, 2994.48681640625], "depth_scale": 1.0}
}