{
  "0": {"cam_K": [711.1112738715278, 0.0, 255.5, 0.0, 711.1112738715278, 255.5, 0.0, 0.0, 1.0], "cam_R_w2c": [-0.9463306069374084, 0.0661713182926178, 0.31635424494743347, -0.2609117925167084, 0.4212646186351776, -0.8685972690582275, -0.19074510037899017, -0.9045206308364868, -0.38139083981513977], "cam_t_w2c": [332.89739990234375, 60.142215728759766, 693.1201782226562], "depth_scale": 1.0},
  "1": {"cam_K": [711.1112738715278, 0.0, 255.5, 0.0, 711.1112738715278, 255.5, 0.0, 0.0, 1.0], "cam_R_w2c": [-0.9463306069374084, 0.0661713182926178, 0.31635424494743347, -0.2609117925167084, 0.4212646186351776, -0.8685972690582275, -0.19074510037899017, -0.9045206308364868, -0.38139083981513977], "cam_t_w2c": [332.89739990234375, 60.142215728759766, 693.1201782226562], "depth_scale": 1.0},
  "2": {"cam_K": [711.1112738715278, 0.0, 255.5, 0.0, 711.1112738715278, 255.5, 0.0, 0.0, 1.0], "cam_R_w2c": [-0.9463306069374084, 0.0661713182926178, 0.31635424494743347, -0.2609117925167084, 0.4212646186351776, -0.8685972690582275, -0.19074510037899017, -0.9045206308364868, -0.38139083981513977], "cam_t_w2c": [332.89739990234375, 60.142215728759766, 693.1201782226562], "depth_scale": 1.0}
}