{
  "0": [{"cam_R_m2c": [0.6203137040138245, -0.7833529114723206, 0.03961159661412239, 0.7685487866401672, 0.6171256899833679, 0.1687854826450348, -0.1566639393568039, -0.07425649464130402, 0.9848565459251404], "cam_t_m2c": [2.9336661100387573e-06, -8.044298738241196e-05, 877.9764404296875], "obj_id": 1}]
}