{
  "0": {"cam_K": [2346.1825408935547, 0.0, 956.150695733726, 0.0, 2351.0241982895623, 613.6550906152873, 0.0, 0.0, 1.0], "cam_R_w2c": [0.7941082119941711, -0.607776403427124, -3.415672011897186e-08, -0.3852463960647583, -0.5033550262451172, -0.7734462022781372, 0.4700823426246643, 0.6141999959945679, -0.6338620185852051], "cam_t_w2c": [-6.278680324554443, 29.063274383544922, 921.3944702148438], "depth_scale": 1.0}
}