{
  "0": {"cam_K": [711.1112738715278, 0.0, 255.5, 0.0, 711.1112738715278, 255.5, 0.0, 0.0, 1.0], "cam_R_w2c": [0.9946420192718506, 0.10337936133146286, -1.2814425076612679e-09, 0.10059645771980286, -0.967866837978363, -0.23046493530273438, -0.02382531948387623, 0.2292301058769226, -0.973080575466156], "cam_t_w2c": [-128.33872985839844, 110.70370483398438, 976.1148681640625], "depth_scale": 1.0},
  "1": {"cam_K": [711.1112738715278, 0.0, 255.5, 0.0, 711.1112738715278, 255.5, 0.0, 0.0, 1.0], "cam_R_w2c": [-0.10125795006752014, 0.9948602318763733, 1.0691844209986812e-07, 0.3900720477104187, 0.039702050387859344, -0.9199280142784119, -0.9151997566223145, -0.09314998239278793, -0.39208731055259705], "cam_t_w2c": [-91.9244155883789, 35.65593338012695, 878.5064086914062], "depth_scale": 1.0}
}