{
  "0": {"cam_K": [711.1112738715278, 0.0, 255.5, 0.0, 711.1112738715278, 255.5, 0.0, 0.0, 1.0], "cam_R_w2c": [0.8503932952880859, 0.5261475443840027, -7.16171442149971e-08, 0.19455626606941223, -0.31445446610450745, -0.9291212558746338, -0.48885488510131836, 0.7901185154914856, -0.36977529525756836], "cam_t_w2c": [45.94817352294922, -4167857.5, -1657271.0], "depth_scale": 1.0},
  "1": {"cam_K": [711.1112738715278, 0.0, 255.5, 0.0, 711.1112738715278, 255.5, 0.0, 0.0, 1.0], "cam_R_w2c": [-0.6688816547393799, 0.743368923664093, 6.101625871224314e-10, 0.6114629507064819, 0.5501929521560669, -0.5686834454536438, -0.4227415919303894, -0.38038191199302673, -0.8225564956665039], "cam_t_w2c": [566.1754150390625, -2550748.75, -3688724.5], "depth_scale": 1.0}
}