{
  "0": {"cam_K": [711.1112738715278, 0.0, 255.5, 0.0, 711.1112738715278, 255.5, 0.0, 0.0, 1.0], "cam_R_w2c": [-0.5493982434272766, 0.8355607986450195, -2.666525134031872e-08, 0.4055289924144745, 0.2666434347629547, -0.8743269443511963, -0.7305532693862915, -0.48035359382629395, -0.48533761501312256], "cam_t_w2c": [82.36503601074219, -3921941.0, -2175978.0], "depth_scale": 1.0},
  "1": {"cam_K": [711.1112738715278, 0.0, 255.5, 0.0, 711.1112738715278, 255.5, 0.0, 0.0, 1.0], "cam_R_w2c": [0.41624215245246887, -0.9092537760734558, -4.448824597602652e-08, -0.8116211891174316, -0.3715474009513855, -0.45080316066741943, 0.4098944664001465, 0.18764330446720123, -0.8926233649253845], "cam_t_w2c": [-81.27542114257812, -2022141.75, -4003027.5], "depth_scale": 1.0}
}