{
  "0": {"cam_K": [2346.1825408935547, 0.0, 956.150695733726, 0.0, 2351.0241982895623, 613.6550906152873, 0.0, 0.0, 1.0], "cam_R_w2c": [0.2516275942325592, 0.9678241610527039, 5.184337936725569e-08, 0.1005033403635025, -0.0261301938444376, -0.994593620300293, -0.9625916481018066, 0.25026723742485046, -0.10384468734264374], "cam_t_w2c": [2089.119384765625, 341.2940368652344, 269.50762939453125], "depth_scale": 1.0}
}