{
  "0": [{"cam_R_m2c": [-0.9573827981948853, 0.24538441002368927, -0.15233027935028076, -0.09676472842693329, 0.2244236171245575, 0.9696754813194275, 0.27212977409362793, 0.9430909156799316, -0.19111469388008118], "cam_t_m2c": [1725.9715576171875, 277.6533508300781, 397.55108642578125], "obj_id": 3}]
}