{
  "0": {"cam_K": [453.09803602430554, 0.0, 255.5, 0.0, 453.09803602430554, 255.5, 0.0, 0.0, 1.0], "cam_R_w2c": [0.45739051699638367, 0.7327394485473633, 0.5038717985153198, 0.8016791343688965, -0.09454981982707977, -0.5902295708656311, -0.38484349846839905, 0.6739088892936707, -0.6306681036949158], "cam_t_w2c": [-95.06878662109375, -134.1236572265625, 433.3024597167969], "depth_scale": 1.0},
  "1": {"cam_K": [453.09803602430554, 0.0, 255.5, 0.0, 453.09803602430554, 255.5, 0.0, 0.0, 1.0], "cam_R_w2c": [0.45739051699638367, 0.7327394485473633, 0.5038717985153198, 0.8016791343688965, -0.09454981982707977, -0.5902295708656311, -0.38484349846839905, 0.6739088892936707, -0.6306681036949158], "cam_t_w2c": [-95.06878662109375, -134.1236572265625, 433.3024597167969], "depth_scale": 1.0},
  "2": {"cam_K": [453.09803602430554, 0.0, 255.5, 0.0, 453.09803602430554, 255.5, 0.0, 0.0, 1.0], "cam_R_w2c": [0.45739051699638367, 0.7327394485473633, 0.5038717985153198, 0.8016791343688965, -0.09454981982707977, -0.5902295708656311, -0.38484349846839905, 0.6739088892936707, -0.6306681036949158], "cam_t_w2c": [-95.06878662109375, -134.1236572265625, 433.3024597167969], "depth_scale": 1.0}
}