{
  "0": {"cam_K": [711.1112738715278, 0.0, 255.5, 0.0, 711.1112738715278, 255.5, 0.0, 0.0, 1.0], "cam_R_w2c": [0.9826995730400085, 0.1852068156003952, -4.2777830167040065e-09, 0.15194125473499298, -0.806194007396698, -0.5718087553977966, -0.10590288043022156, 0.5619162321090698, -0.820387065410614], "cam_t_w2c": [6398.728515625, -2566069.5, -3669675.25], "depth_scale": 1.0},
  "1": {"cam_K": [711.1112738715278, 0.0, 255.5, 0.0, 711.1112738715278, 255.5, 0.0, 0.0, 1.0], "cam_R_w2c": [-0.8751798868179321, 0.48379766941070557, 5.0017256114642805e-08, 0.2646540105342865, 0.4787536561489105, -0.8371100425720215, -0.40499192476272583, -0.7326218485832214, -0.5470345616340637], "cam_t_w2c": [-982.111328125, -3744369.0, -2456733.25], "depth_scale": 1.0}
}