{
  "0": {"cam_K": [711.1112738715278, 0.0, 255.5, 0.0, 711.1112738715278, 255.5, 0.0, 0.0, 1.0], "cam_R_w2c": [0.05216240510344505, 0.8348017930984497, 0.5480740070343018, 0.7259039282798767, 0.3452070653438568, -0.5948912501335144, -0.6858153343200684, 0.4288800358772278, -0.5879790782928467], "cam_t_w2c": [-147.47088623046875, -6.358727931976318, 267.4963073730469], "depth_scale": 1.0},
  "1": {"cam_K": [711.1112738715278, 0.0, 255.5, 0.0, 711.1112738715278, 255.5, 0.0, 0.0, 1.0], "cam_R_w2c": [-0.07950366288423538, -0.815183162689209, -0.5737208127975464, -0.18174026906490326, 0.5777499079704285, -0.7957232594490051, 0.9801273941993713, 0.04100527614355087, -0.19408485293388367], "cam_t_w2c": [36.02351379394531, -41.818145751953125, 285.1006774902344], "depth_scale": 1.0}
}