{
  "0": {"cam_K": [711.1112738715278, 0.0, 255.5, 0.0, 711.1112738715278, 255.5, 0.0, 0.0, 1.0], "cam_R_w2c": [-0.5715119242668152, -0.8108371496200562, 0.12616325914859772, -0.34887608885765076, 0.10093063116073608, -0.9317179918289185, 0.7427378296852112, -0.576503336429596, -0.3405647277832031], "cam_t_w2c": [81.85057067871094, 225.18093872070312, 537.344970703125], "depth_scale": 1.0},
  "1": {"cam_K": [711.1112738715278, 0.0, 255.5, 0.0, 711.1112738715278, 255.5, 0.0, 0.0, 1.0], "cam_R_w2c": [-0.5715119242668152, -0.8108371496200562, 0.12616325914859772, -0.34887608885765076, 0.10093063116073608, -0.9317179918289185, 0.7427378296852112, -0.576503336429596, -0.3405647277832031], "cam_t_w2c": [81.85057067871094, 225.18093872070312, 537.344970703125], "depth_scale": 1.0},
  "2": {"cam_K": [711.1112738715278, 0.0, 255.5, 0.0, 711.1112738715278, 255.5, 0.0, 0.0, 1.0], "cam_R_w2c": [-0.875084400177002, 0.4334329664707184, 0.21532118320465088, -0.10752230137586594, 0.25967320799827576, -0.9596920609474182, -0.47187528014183044, -0.8629633188247681, -0.1806323081254959], "cam_t_w2c": [-24.44881820678711, 201.75662231445312, 511.4014892578125], "depth_scale": 1.0},
  "3": {"cam_K": [711.1112738715278, 0.0, 255.5, 0.0, 711.1112738715278, 255.5, 0.0, 0.0, 1.0], "cam_R_w2c": [-0.875084400177002, 0.4334329664707184, 0.21532118320465088, -0.10752230137586594, 0.25967320799827576, -0.9596920609474182, -0.47187528014183044, -0.8629633188247681, -0.1806323081254959], "cam_t_w2c": [-24.44881820678711, 201.75662231445312, 511.4014892578125], "depth_scale": 1.0},
  "4": {"cam_K": [711.1112738715278, 0.0, 255.5, 0.0, 711.1112738715278, 255.5, 0.0, 0.0, 1.0], "cam_R_w2c": [-0.3181150257587433, -0.9036244750022888, -0.2868199348449707, -0.6126761436462402, 0.4268207252025604, -0.6651706695556641, 0.7234851717948914, -0.035873036831617355, -0.6894072890281677], "cam_t_w2c": [175.03726196289062, 177.73431396484375, 488.6296691894531], "depth_scale": 1.0}
}