{
  "0": {"cam_K": [711.1112738715278, 0.0, 255.5, 0.0, 711.1112738715278, 255.5, 0.0, 0.0, 1.0], "cam_R_w2c": [0.3168295621871948, 0.9484825134277344, -9.21135168141518e-09, 0.48048698902130127, -0.160501167178154, -0.8621900677680969, -0.8177721500396729, 0.27316731214523315, -0.5065850615501404], "cam_t_w2c": [38.78013229370117, 576.8480224609375, 842.6852416992188], "depth_scale": 1.0},
  "1": {"cam_K": [711.1112738715278, 0.0, 255.5, 0.0, 711.1112738715278, 255.5, 0.0, 0.0, 1.0], "cam_R_w2c": [0.7871995568275452, 0.6166983842849731, -1.8783065769412133e-08, 0.2579314708709717, -0.3292429447174072, -0.9083338975906372, -0.5601680278778076, 0.7150400280952454, -0.4182458519935608], "cam_t_w2c": [137.32191467285156, 563.6024169921875, 958.2379150390625], "depth_scale": 1.0}
}