{
  "0": {"cam_K": [711.1112738715278, 0.0, 255.5, 0.0, 711.1112738715278, 255.5, 0.0, 0.0, 1.0], "cam_R_w2c": [0.45055556297302246, 0.7712146043777466, -0.4496974050998688, 0.5066324472427368, -0.6356337070465088, -0.5824891328811646, -0.7350668907165527, 0.03461245447397232, -0.6771106719970703], "cam_t_w2c": [143.40869140625, -112.62564086914062, 266.61376953125], "depth_scale": 1.0}
}