{
  "0": {"cam_K": [711.1112738715278, 0.0, 255.5, 0.0, 711.1112738715278, 255.5, 0.0, 0.0, 1.0], "cam_R_w2c": [0.07810534536838531, 0.9969450831413269, -6.58985470636253e-08, 0.6323570609092712, -0.04954183101654053, -0.7730912566184998, -0.7707295417785645, 0.060382504016160965, -0.6342947483062744], "cam_t_w2c": [540.8145751953125, -3466686.5, -2844776.0], "depth_scale": 1.0},
  "1": {"cam_K": [711.1112738715278, 0.0, 255.5, 0.0, 711.1112738715278, 255.5, 0.0, 0.0, 1.0], "cam_R_w2c": [-0.9008587598800659, -0.4341126084327698, -6.748635428266425e-07, -0.4338891804218292, 0.9003950357437134, -0.03207709267735481, 0.013925677165389061, -0.02889663353562355, -0.9994854927062988], "cam_t_w2c": [-1109.9530029296875, -143884.078125, -4481608.0], "depth_scale": 1.0}
}