{
  "0": [{"cam_R_m2c": [0.0786149725317955, 0.3532937467098236, 0.9322033524513245, -0.7837904095649719, 0.5997404456138611, -0.16119542717933655, -0.6160293817520142, -0.7179797291755676, 0.32405686378479004], "cam_t_m2c": [688.228759765625, 1276.7437744140625, 492.29052734375], "obj_id": 2}, {"cam_R_m2c": [0.4008806049823761, 0.4851292073726654, -0.7771385908126831, 0.47494637966156006, -0.8354395031929016, -0.2765263617038727, -0.7834032773971558, -0.2582451105117798, -0.5653218626976013], "cam_t_m2c": [-301.5816345214844, -123.65741729736328, 497.24114990234375], "obj_id": 2}],
  "1": [{"cam_R_m2c": [-0.021487371996045113, -0.9861976504325867, -0.1641717255115509, 0.046447206288576126, -0.16501697897911072, 0.9851963520050049, -0.9986895322799683, 0.013544036075472832, 0.049351997673511505], "cam_t_m2c": [-1232.9681396484375, 104.48875427246094, 1872.8494873046875], "obj_id": 2}, {"cam_R_m2c": [-0.9854440689086914, 0.04132504388689995, 0.16490095853805542, -0.11396811157464981, 0.5591492652893066, -0.8211963176727295, -0.12614022195339203, -0.8280364871025085, -0.5463005900382996], "cam_t_m2c": [36.106510162353516, -336.40142822265625, 806.78564453125], "obj_id": 2}]
}