{
  "0": {"cam_K": [711.1112738715278, 0.0, 255.5, 0.0, 711.1112738715278, 255.5, 0.0, 0.0, 1.0], "cam_R_w2c": [0.9106584191322327, 0.4131600558757782, 6.030288091096736e-08, 0.0831836462020874, -0.1833474338054657, -0.9795224666595459, -0.40469953417778015, 0.8920103907585144, -0.20133504271507263], "cam_t_w2c": [54.52544403076172, -4393529.5, -902436.3125], "depth_scale": 1.0},
  "1": {"cam_K": [711.1112738715278, 0.0, 255.5, 0.0, 711.1112738715278, 255.5, 0.0, 0.0, 1.0], "cam_R_w2c": [0.21874624490737915, 0.9757818579673767, 1.1870577054651221e-07, 0.7610184550285339, -0.17060165107250214, -0.6258962750434875, -0.6107381582260132, 0.13691258430480957, -0.7799064517021179], "cam_t_w2c": [-210.35289001464844, -2807243.5, -3497402.5], "depth_scale": 1.0}
}