{
  "0": {"cam_K": [711.1112738715278, 0.0, 255.5, 0.0, 711.1112738715278, 255.5, 0.0, 0.0, 1.0], "cam_R_w2c": [-0.8233910202980042, -0.5674743056297302, 7.56983524752286e-08, -0.48948460817337036, 0.7102299332618713, -0.5059428811073303, 0.2871095538139343, -0.4165889024734497, -0.8625668883323669], "cam_t_w2c": [73.41195678710938, 462.2640686035156, 815.5396118164062], "depth_scale": 1.0},
  "1": {"cam_K": [711.1112738715278, 0.0, 255.5, 0.0, 711.1112738715278, 255.5, 0.0, 0.0, 1.0], "cam_R_w2c": [0.3698502480983734, -0.9290913939476013, -1.4860354724532954e-07, -0.17642882466316223, -0.07023218274116516, -0.981804609298706, 0.9121862053871155, 0.3631207346916199, -0.189893901348114], "cam_t_w2c": [-371.0428161621094, 262.2999267578125, 746.0078125], "depth_scale": 1.0}
}