{
  "0": {"cam_K": [711.1112738715278, 0.0, 255.5, 0.0, 711.1112738715278, 255.5, 0.0, 0.0, 1.0], "cam_R_w2c": [0.9731709957122803, 0.21986284852027893, -0.06781243532896042, 0.07143373787403107, -0.5688846707344055, -0.8193091750144958, -0.21871310472488403, 0.7924838662147522, -0.5693276524543762], "cam_t_w2c": [-77.84838104248047, 83.31806945800781, 292.41558837890625], "depth_scale": 1.0}
}