{
  "0": {"cam_K": [711.1112738715278, 0.0, 255.5, 0.0, 711.1112738715278, 255.5, 0.0, 0.0, 1.0], "cam_R_w2c": [-0.2382579892873764, -0.811046838760376, -0.5342625379562378, -0.2968674302101135, 0.5845935940742493, -0.755062997341156, 0.9247178435325623, -0.02129456028342247, -0.38005751371383667], "cam_t_w2c": [55.22379684448242, 48.83133316040039, 1075.11181640625], "depth_scale": 1.0},
  "1": {"cam_K": [711.1112738715278, 0.0, 255.5, 0.0, 711.1112738715278, 255.5, 0.0, 0.0, 1.0], "cam_R_w2c": [-0.2382579892873764, -0.811046838760376, -0.5342625379562378, -0.2968674302101135, 0.5845935940742493, -0.755062997341156, 0.9247178435325623, -0.02129456028342247, -0.38005751371383667], "cam_t_w2c": [55.22379684448242, 48.83133316040039, 1075.11181640625], "depth_scale": 1.0},
  "2": {"cam_K": [711.1112738715278, 0.0, 255.5, 0.0, 711.1112738715278, 255.5, 0.0, 0.0, 1.0], "cam_R_w2c": [-0.2382579892873764, -0.811046838760376, -0.5342625379562378, -0.2968674302101135, 0.5845935940742493, -0.755062997341156, 0.9247178435325623, -0.02129456028342247, -0.38005751371383667], "cam_t_w2c": [55.22379684448242, 48.83133316040039, 1075.11181640625], "depth_scale": 1.0},
  "3": {"cam_K": [711.1112738715278, 0.0, 255.5, 0.0, 711.1112738715278, 255.5, 0.0, 0.0, 1.0], "cam_R_w2c": [-0.2382579892873764, -0.811046838760376, -0.5342625379562378, -0.2968674302101135, 0.5845935940742493, -0.755062997341156, 0.9247178435325623, -0.02129456028342247, -0.38005751371383667], "cam_t_w2c": [55.22379684448242, 48.83133316040039, 1075.11181640625], "depth_scale": 1.0},
  "4": {"cam_K": [711.1112738715278, 0.0, 255.5, 0.0, 711.1112738715278, 255.5, 0.0, 0.0, 1.0], "cam_R_w2c": [-0.2382579892873764, -0.811046838760376, -0.5342625379562378, -0.2968674302101135, 0.5845935940742493, -0.755062997341156, 0.9247178435325623, -0.02129456028342247, -0.38005751371383667], "cam_t_w2c": [55.22379684448242, 48.83133316040039, 1075.11181640625], "depth_scale": 1.0}
}