{
  "0": {"cam_K": [711.1112738715278, 0.0, 255.5, 0.0, 711.1112738715278, 255.5, 0.0, 0.0, 1.0], "cam_R_w2c": [-0.7382155656814575, 0.674564778804779, -5.654106871588738e-08, 0.6552029848098755, 0.717026948928833, -0.23786839842796326, -0.16045761108398438, -0.17559821903705597, -0.9712972640991211], "cam_t_w2c": [47.695823669433594, -1066545.0, -4356286.5], "depth_scale": 1.0},
  "1": {"cam_K": [711.1112738715278, 0.0, 255.5, 0.0, 711.1112738715278, 255.5, 0.0, 0.0, 1.0], "cam_R_w2c": [0.9863397479057312, 0.16472363471984863, 1.634104052072871e-08, 0.1441975235939026, -0.8634325861930847, -0.48341628909111023, -0.07963006943464279, 0.4768126904964447, -0.8753906488418579], "cam_t_w2c": [363.3409423828125, -2168811.25, -3925952.25], "depth_scale": 1.0}
}