{
  "0": [{"cam_R_m2c": [0.24368475377559662, -0.9070925712585449, -0.34322109818458557, -0.48984429240226746, -0.4205472469329834, 0.7636703848838806, -0.8370604515075684, -0.017969876527786255, -0.546815037727356], "cam_t_m2c": [-29.659608840942383, 474.21923828125, 716.8923950195312], "obj_id": 0}, {"cam_R_m2c": [-0.8610665202140808, 0.2215852290391922, 0.4576728045940399, 0.5079242587089539, 0.4173380434513092, 0.7535528540611267, -0.024028100073337555, 0.8813222646713257, -0.47190433740615845], "cam_t_m2c": [232.09384155273438, 387.6519470214844, 754.644287109375], "obj_id": 0}],
  "1": [{"cam_R_m2c": [-0.36808642745018005, 0.24160198867321014, 0.897853434085846, -0.4677932560443878, 0.786412239074707, -0.4033922255039215, -0.8035432696342468, -0.5684930086135864, -0.17644788324832916], "cam_t_m2c": [410.8318176269531, -270.0629577636719, 807.27734375], "obj_id": 0}, {"cam_R_m2c": [0.9240276217460632, 0.0173014048486948, 0.3819340169429779, 0.3707466125488281, 0.2034439742565155, -0.9061774611473083, -0.09338032454252243, 0.9789337515830994, 0.18157342076301575], "cam_t_m2c": [176.12269592285156, -392.3262634277344, 893.2691040039062], "obj_id": 0}]
}