{
  "0": {"cam_K": [2346.1825408935547, 0.0, 956.150695733726, 0.0, 2351.0241982895623, 613.6550906152873, 0.0, 0.0, 1.0], "cam_R_w2c": [0.9614427089691162, 0.2718012034893036, -0.04185660183429718, 0.12464988976716995, -0.566379964351654, -0.8146631717681885, -0.245133176445961, 0.7780345678329468, -0.5784218907356262], "cam_t_w2c": [-80.50650024414062, 2.0038044452667236, 607.6643676757812], "depth_scale": 1.0},
  "1": {"cam_K": [2346.1825408935547, 0.0, 956.150695733726, 0.0, 2351.0241982895623, 613.6550906152873, 0.0, 0.0, 1.0], "cam_R_w2c": [-0.8529470562934875, 0.5174832344055176, -0.06850194931030273, 0.31826984882354736, 0.4115414321422577, -0.8540128469467163, -0.4137459397315979, -0.7502298355102539, -0.515722393989563], "cam_t_w2c": [84.84391784667969, -3.3081376552581787, 532.1924438476562], "depth_scale": 1.0}
}