{
  "0": {"cam_K": [711.1112738715278, 0.0, 255.5, 0.0, 711.1112738715278, 255.5, 0.0, 0.0, 1.0], "cam_R_w2c": [0.7174316644668579, 0.6768471002578735, 0.16483286023139954, 0.3335622549057007, -0.12604136765003204, -0.9342643618583679, -0.6115783452987671, 0.7252528667449951, -0.3161967098712921], "cam_t_w2c": [77.83338928222656, 90.36315155029297, 564.5969848632812], "depth_scale": 1.0},
  "1": {"cam_K": [711.1112738715278, 0.0, 255.5, 0.0, 711.1112738715278, 255.5, 0.0, 0.0, 1.0], "cam_R_w2c": [-0.28848469257354736, 0.9361274838447571, -0.20110243558883667, 0.6859086155891418, 0.05550583451986313, -0.7255678176879883, -0.6680614948272705, -0.3472529947757721, -0.6581105589866638], "cam_t_w2c": [-183.84471130371094, 127.38871765136719, 832.7631225585938], "depth_scale": 1.0},
  "2": {"cam_K": [711.1112738715278, 0.0, 255.5, 0.0, 711.1112738715278, 255.5, 0.0, 0.0, 1.0], "cam_R_w2c": [-0.28848469257354736, 0.9361274838447571, -0.20110243558883667, 0.6859086155891418, 0.05550583451986313, -0.7255678176879883, -0.6680614948272705, -0.3472529947757721, -0.6581105589866638], "cam_t_w2c": [-183.84471130371094, 127.38871765136719, 832.7631225585938], "depth_scale": 1.0},
  "3": {"cam_K": [711.1112738715278, 0.0, 255.5, 0.0, 711.1112738715278, 255.5, 0.0, 0.0, 1.0], "cam_R_w2c": [0.7545373439788818, -0.6525599360466003, 0.06956308335065842, -0.007996050640940666, -0.11513374000787735, -0.9933179616928101, 0.6562084555625916, 0.7489392757415771, -0.09209064394235611], "cam_t_w2c": [282.3148193359375, 27.455835342407227, 539.6444091796875], "depth_scale": 1.0},
  "4": {"cam_K": [711.1112738715278, 0.0, 255.5, 0.0, 711.1112738715278, 255.5, 0.0, 0.0, 1.0], "cam_R_w2c": [0.7545373439788818, -0.6525599360466003, 0.06956308335065842, -0.007996050640940666, -0.11513374000787735, -0.9933179616928101, 0.6562084555625916, 0.7489392757415771, -0.09209064394235611], "cam_t_w2c": [282.3148193359375, 27.455835342407227, 539.6444091796875], "depth_scale": 1.0}
}