{
  "0": {"cam_K": [711.1112738715278, 0.0, 255.5, 0.0, 711.1112738715278, 255.5, 0.0, 0.0, 1.0], "cam_R_w2c": [0.5530163645744324, -0.7647567391395569, 0.3306358754634857, -0.40100064873695374, -0.5921627879142761, -0.6989576816558838, 0.7303228378295898, 0.2539498507976532, -0.6341436505317688], "cam_t_w2c": [-97.36822509765625, 53.378196716308594, 60.30459213256836], "depth_scale": 1.0},
  "1": {"cam_K": [711.1112738715278, 0.0, 255.5, 0.0, 711.1112738715278, 255.5, 0.0, 0.0, 1.0], "cam_R_w2c": [0.4115857481956482, -0.9101297855377197, 0.04754987731575966, -0.5063241124153137, -0.2717318534851074, -0.8184117674827576, 0.7577817440032959, 0.3127710223197937, -0.5726616382598877], "cam_t_w2c": [-75.70550537109375, 74.7593002319336, 63.738250732421875], "depth_scale": 1.0}
}