{
  "0": {"cam_K": [711.1112738715278, 0.0, 255.5, 0.0, 711.1112738715278, 255.5, 0.0, 0.0, 1.0], "cam_R_w2c": [0.18270964920520782, 0.9831668734550476, -5.2602192823769656e-08, 0.9498946666717529, -0.17652636766433716, -0.25795063376426697, -0.2536085247993469, 0.04713001102209091, -0.9661580324172974], "cam_t_w2c": [-212.46942138671875, -1157104.125, -4332953.5], "depth_scale": 1.0},
  "1": {"cam_K": [711.1112738715278, 0.0, 255.5, 0.0, 711.1112738715278, 255.5, 0.0, 0.0, 1.0], "cam_R_w2c": [-0.08749586343765259, -0.9961647987365723, 1.465124626065517e-07, -0.6199212074279785, 0.05444933474063873, -0.7827725410461426, 0.77977055311203, -0.06848949939012527, -0.6223077774047852], "cam_t_w2c": [207.6693115234375, -3511154.5, -2790446.75], "depth_scale": 1.0}
}