{
  "0": {"cam_K": [711.1112738715278, 0.0, 255.5, 0.0, 711.1112738715278, 255.5, 0.0, 0.0, 1.0], "cam_R_w2c": [-0.964335024356842, -0.2646843194961548, -1.402787432880359e-07, -0.22899839282035828, 0.8343194127082825, -0.5014686584472656, 0.13273100554943085, -0.48358380794525146, -0.8651756644248962], "cam_t_w2c": [346.6144104003906, -2249619.0, -3879860.5], "depth_scale": 1.0},
  "1": {"cam_K": [711.1112738715278, 0.0, 255.5, 0.0, 711.1112738715278, 255.5, 0.0, 0.0, 1.0], "cam_R_w2c": [-0.7886894941329956, -0.6147918105125427, -9.047421656305232e-08, -0.4218240976333618, 0.5411397218704224, -0.7274834513664246, 0.44725093245506287, -0.5737584829330444, -0.6861252188682556], "cam_t_w2c": [379.043701171875, -3263348.75, -3076927.0], "depth_scale": 1.0}
}