{
  "0": [{"cam_R_m2c": [-0.48476094007492065, -0.8457340598106384, -0.22302661836147308, -0.4095432758331299, 0.4447905123233795, -0.7965147495269775, 0.7728397846221924, -0.2947801351547241, -0.5619817972183228], "cam_t_m2c": [248.7423095703125, -732.614990234375, 1197.3077392578125], "obj_id": 2}, {"cam_R_m2c": [0.15002234280109406, 0.8612000346183777, 0.4856209456920624, -0.5392006635665894, 0.482972115278244, -0.6899279356002808, -0.8287073373794556, -0.15834257006645203, 0.5368162989616394], "cam_t_m2c": [235.21092224121094, -297.4580993652344, 1259.5386962890625], "obj_id": 2}],
  "1": [{"cam_R_m2c": [-0.16260792315006256, -0.985450029373169, -0.04946541041135788, -0.2607123851776123, 0.09126266837120056, -0.9610931873321533, 0.9516236782073975, -0.1433851569890976, -0.271759033203125], "cam_t_m2c": [498.49237060546875, -562.5242919921875, 1112.31201171875], "obj_id": 2}, {"cam_R_m2c": [0.15807747840881348, 0.6041314005851746, 0.781048595905304, -0.7110223174095154, 0.6185094714164734, -0.3345046043395996, -0.6851706504821777, -0.5024653077125549, 0.5273232460021973], "cam_t_m2c": [353.3931884765625, -149.63844299316406, 1070.7357177734375], "obj_id": 2}]
}