{
  "0": {"cam_K": [711.1112738715278, 0.0, 255.5, 0.0, 711.1112738715278, 255.5, 0.0, 0.0, 1.0], "cam_R_w2c": [0.14897650480270386, -0.9888408184051514, -2.6653279405763897e-07, -0.2692175805568695, -0.04055960476398468, -0.962225079536438, 0.9514873027801514, 0.14334909617900848, -0.2722558379173279], "cam_t_w2c": [-184.94915771484375, -1.503645896911621, 1159.050537109375], "depth_scale": 1.0},
  "1": {"cam_K": [711.1112738715278, 0.0, 255.5, 0.0, 711.1112738715278, 255.5, 0.0, 0.0, 1.0], "cam_R_w2c": [0.1335352063179016, 0.9910441637039185, 2.6492736537875317e-07, 0.6177607178688049, -0.08323825895786285, -0.781948447227478, -0.7749453186988831, 0.10441789776086807, -0.6233434081077576], "cam_t_w2c": [201.59324645996094, 36.94792938232422, 767.0725708007812], "depth_scale": 1.0}
}