{
  "0": {"cam_K": [711.1112738715278, 0.0, 255.5, 0.0, 711.1112738715278, 255.5, 0.0, 0.0, 1.0], "cam_R_w2c": [-0.6742364168167114, 0.7370406985282898, 0.04664982110261917, 0.26389309763908386, 0.29943981766700745, -0.9168949127197266, -0.6897577047348022, -0.6058933734893799, -0.39639317989349365], "cam_t_w2c": [261.7413330078125, 94.59635925292969, 190.45738220214844], "depth_scale": 1.0}
}