{
  "0": {"cam_K": [711.1112738715278, 0.0, 255.5, 0.0, 711.1112738715278, 255.5, 0.0, 0.0, 1.0], "cam_R_w2c": [0.91246098279953, 0.4091637432575226, 8.026667330796045e-08, 0.40447983145713806, -0.9020156860351562, -0.15087763965129852, -0.061733584851026535, 0.13766999542713165, -0.9885526299476624], "cam_t_w2c": [54.21882247924805, -676844.9375, -4433259.0], "depth_scale": 1.0},
  "1": {"cam_K": [711.1112738715278, 0.0, 255.5, 0.0, 711.1112738715278, 255.5, 0.0, 0.0, 1.0], "cam_R_w2c": [-0.9899500012397766, 0.14141879975795746, 4.7420261495290106e-08, 0.10086411982774734, 0.7060620188713074, -0.7009299993515015, -0.09912470728158951, -0.6938855648040771, -0.7132302522659302], "cam_t_w2c": [-13.4910306930542, -3144077.75, -3198463.25], "depth_scale": 1.0}
}