{
  "0": [{"cam_R_m2c": [0.37200990319252014, -0.21691420674324036, 0.9025280475616455, 0.6071231365203857, -0.6786327362060547, -0.41335102915763855, 0.7021468281745911, 0.7017163038253784, -0.12076445668935776], "cam_t_m2c": [172.82955932617188, -193.59207153320312, 1131.2274169921875], "obj_id": 3}, {"cam_R_m2c": [-0.9299099445343018, -0.1573171764612198, 0.33244362473487854, -0.3441951870918274, 0.05372064188122749, -0.9373599886894226, 0.12960374355316162, -0.9860858917236328, -0.10410313308238983], "cam_t_m2c": [159.54934692382812, 213.15481567382812, 1175.0760498046875], "obj_id": 0}],
  "1": [{"cam_R_m2c": [-0.5784734487533569, 0.5982333421707153, -0.5545135140419006, 0.39442178606987, 0.8001862168312073, 0.4518113136291504, 0.7140026688575745, 0.042648639529943466, -0.6988427639007568], "cam_t_m2c": [-36.8713264465332, 229.0974884033203, 756.1004638671875], "obj_id": 3}, {"cam_R_m2c": [0.9783419370651245, 0.02517593279480934, 0.20545849204063416, -0.0838678777217865, -0.8592433929443359, 0.5046455264091492, 0.18924376368522644, -0.5109472870826721, -0.8385224342346191], "cam_t_m2c": [-236.85853576660156, 58.82125473022461, 1069.8822021484375], "obj_id": 0}]
}