{
  "0": [{"cam_R_m2c": [0.0020192472729831934, 0.9996806979179382, 0.025187842547893524, 0.2557360529899597, 0.023834077641367912, -0.9664527773857117, -0.9667445421218872, 0.008392946794629097, -0.2556062638759613], "cam_t_m2c": [4549.7412109375, 50463.80859375, 59821.37109375], "obj_id": 0}, {"cam_R_m2c": [0.845720648765564, 0.20510470867156982, 0.4926343858242035, -0.39007794857025146, 0.8675825595855713, 0.3084472715854645, -0.3641369938850403, -0.45302602648735046, 0.8137392997741699], "cam_t_m2c": [244.5172119140625, 141.0453338623047, 1149.565185546875], "obj_id": 2}],
  "1": [{"cam_R_m2c": [0.4290102422237396, 0.8610437512397766, -0.27304500341415405, -0.2824442684650421, -0.15925027430057526, -0.9459725618362427, -0.8580065369606018, 0.4829517900943756, 0.1748770922422409], "cam_t_m2c": [3855.102783203125, 71756.5625, 30779.28515625], "obj_id": 0}, {"cam_R_m2c": [0.692126452922821, 0.6702451109886169, 0.267829030752182, -0.6692282557487488, 0.45692673325538635, 0.5859619975090027, 0.27035993337631226, -0.5847985744476318, 0.764798104763031], "cam_t_m2c": [156.82366943359375, 237.46524047851562, 1375.2308349609375], "obj_id": 2}]
}