{
  "0": {"cam_K": [711.1112738715278, 0.0, 255.5, 0.0, 711.1112738715278, 255.5, 0.0, 0.0, 1.0], "cam_R_w2c": [-0.7852747440338135, -0.6191474795341492, 1.0560096797007645e-08, -0.47014695405960083, 0.5962949991226196, -0.6506873965263367, 0.4028714597225189, -0.5109683871269226, -0.7593457102775574], "cam_t_w2c": [4554.4052734375, -2868354.5, -3346157.75], "depth_scale": 1.0},
  "1": {"cam_K": [711.1112738715278, 0.0, 255.5, 0.0, 711.1112738715278, 255.5, 0.0, 0.0, 1.0], "cam_R_w2c": [-0.9925739169120789, -0.1216423287987709, 1.2700449758540344e-07, -0.04302912950515747, 0.35110703110694885, -0.9353460669517517, 0.11377763748168945, -0.9284002184867859, -0.3537338376045227], "cam_t_w2c": [3774.373046875, -4123839.75, -1555778.75], "depth_scale": 1.0}
}