{
  "0": {"cam_K": [711.1112738715278, 0.0, 255.5, 0.0, 711.1112738715278, 255.5, 0.0, 0.0, 1.0], "cam_R_w2c": [-0.35864177346229553, -0.8571171164512634, -0.36976537108421326, -0.2531984746456146, 0.47058844566345215, -0.8452438116073608, 0.898480236530304, -0.20951569080352783, -0.38579344749450684], "cam_t_w2c": [-35.52433395385742, -63.89766311645508, 635.2659912109375], "depth_scale": 1.0},
  "1": {"cam_K": [711.1112738715278, 0.0, 255.5, 0.0, 711.1112738715278, 255.5, 0.0, 0.0, 1.0], "cam_R_w2c": [-0.35864177346229553, -0.8571171164512634, -0.36976537108421326, -0.2531984746456146, 0.47058844566345215, -0.8452438116073608, 0.898480236530304, -0.20951569080352783, -0.38579344749450684], "cam_t_w2c": [-35.52433395385742, -63.89766311645508, 635.2659912109375], "depth_scale": 1.0},
  "2": {"cam_K": [711.1112738715278, 0.0, 255.5, 0.0, 711.1112738715278, 255.5, 0.0, 0.0, 1.0], "cam_R_w2c": [-0.35864177346229553, -0.8571171164512634, -0.36976537108421326, -0.2531984746456146, 0.47058844566345215, -0.8452438116073608, 0.898480236530304, -0.20951569080352783, -0.38579344749450684], "cam_t_w2c": [-35.52433395385742, -63.89766311645508, 635.2659912109375], "depth_scale": 1.0},
  "3": {"cam_K": [711.1112738715278, 0.0, 255.5, 0.0, 711.1112738715278, 255.5, 0.0, 0.0, 1.0], "cam_R_w2c": [-0.7029565572738647, 0.6770520210266113, 0.21783609688282013, 0.42410486936569214, 0.6448957920074463, -0.6358022093772888, -0.5709527730941772, -0.35455599427223206, -0.7404747605323792], "cam_t_w2c": [-156.7332000732422, 75.69901275634766, 376.6076354980469], "depth_scale": 1.0},
  "4": {"cam_K": [711.1112738715278, 0.0, 255.5, 0.0, 711.1112738715278, 255.5, 0.0, 0.0, 1.0], "cam_R_w2c": [-0.7029565572738647, 0.6770520210266113, 0.21783609688282013, 0.42410486936569214, 0.6448957920074463, -0.6358022093772888, -0.5709527730941772, -0.35455599427223206, -0.7404747605323792], "cam_t_w2c": [-156.7332000732422, 75.69901275634766, 376.6076354980469], "depth_scale": 1.0}
}