{
  "0": {"cam_K": [453.09803602430554, 0.0, 255.5, 0.0, 453.09803602430554, 255.5, 0.0, 0.0, 1.0], "cam_R_w2c": [0.3398287296295166, -0.9354658126831055, 0.09705758094787598, -0.7357476949691772, -0.3287125527858734, -0.5921345949172974, 0.5858257412910461, 0.12981446087360382, -0.7999727725982666], "cam_t_w2c": [24.04839324951172, 160.03616333007812, 288.61358642578125], "depth_scale": 1.0},
  "1": {"cam_K": [453.09803602430554, 0.0, 255.5, 0.0, 453.09803602430554, 255.5, 0.0, 0.0, 1.0], "cam_R_w2c": [0.3398287296295166, -0.9354658126831055, 0.09705758094787598, -0.7357476949691772, -0.3287125527858734, -0.5921345949172974, 0.5858257412910461, 0.12981446087360382, -0.7999727725982666], "cam_t_w2c": [24.04839324951172, 160.03616333007812, 288.61358642578125], "depth_scale": 1.0},
  "2": {"cam_K": [453.09803602430554, 0.0, 255.5, 0.0, 453.09803602430554, 255.5, 0.0, 0.0, 1.0], "cam_R_w2c": [0.3398287296295166, -0.9354658126831055, 0.09705758094787598, -0.7357476949691772, -0.3287125527858734, -0.5921345949172974, 0.5858257412910461, 0.12981446087360382, -0.7999727725982666], "cam_t_w2c": [24.04839324951172, 160.03616333007812, 288.61358642578125], "depth_scale": 1.0}
}