{
  "0": {"cam_K": [711.1112738715278, 0.0, 255.5, 0.0, 711.1112738715278, 255.5, 0.0, 0.0, 1.0], "cam_R_w2c": [-0.017237510532140732, -0.9133684635162354, -0.406768798828125, -0.7942504286766052, 0.2596313953399658, -0.5493248105049133, 0.6073459386825562, 0.3136073052883148, -0.7299187183380127], "cam_t_w2c": [-68.0396499633789, -18.0631046295166, 1097.53369140625], "depth_scale": 1.0},
  "1": {"cam_K": [711.1112738715278, 0.0, 255.5, 0.0, 711.1112738715278, 255.5, 0.0, 0.0, 1.0], "cam_R_w2c": [-0.017237510532140732, -0.9133684635162354, -0.406768798828125, -0.7942504286766052, 0.2596313953399658, -0.5493248105049133, 0.6073459386825562, 0.3136073052883148, -0.7299187183380127], "cam_t_w2c": [-68.0396499633789, -18.0631046295166, 1097.53369140625], "depth_scale": 1.0},
  "2": {"cam_K": [711.1112738715278, 0.0, 255.5, 0.0, 711.1112738715278, 255.5, 0.0, 0.0, 1.0], "cam_R_w2c": [-0.017237510532140732, -0.9133684635162354, -0.406768798828125, -0.7942504286766052, 0.2596313953399658, -0.5493248105049133, 0.6073459386825562, 0.3136073052883148, -0.7299187183380127], "cam_t_w2c": [-68.0396499633789, -18.0631046295166, 1097.53369140625], "depth_scale": 1.0},
  "3": {"cam_K": [711.1112738715278, 0.0, 255.5, 0.0, 711.1112738715278, 255.5, 0.0, 0.0, 1.0], "cam_R_w2c": [-0.017237510532140732, -0.9133684635162354, -0.406768798828125, -0.7942504286766052, 0.2596313953399658, -0.5493248105049133, 0.6073459386825562, 0.3136073052883148, -0.7299187183380127], "cam_t_w2c": [-68.0396499633789, -18.0631046295166, 1097.53369140625], "depth_scale": 1.0},
  "4": {"cam_K": [711.1112738715278, 0.0, 255.5, 0.0, 711.1112738715278, 255.5, 0.0, 0.0, 1.0], "cam_R_w2c": [-0.017237510532140732, -0.9133684635162354, -0.406768798828125, -0.7942504286766052, 0.2596313953399658, -0.5493248105049133, 0.6073459386825562, 0.3136073052883148, -0.7299187183380127], "cam_t_w2c": [-68.0396499633789, -18.0631046295166, 1097.53369140625], "depth_scale": 1.0}
}