{
  "0": {"cam_K": [711.1112738715278, 0.0, 255.5, 0.0, 711.1112738715278, 255.5, 0.0, 0.0, 1.0], "cam_R_w2c": [0.2492889016866684, 0.9684292078018188, 8.16484018173469e-08, 0.33226099610328674, -0.08552917093038559, -0.939301609992981, -0.9096470475196838, 0.2341575026512146, -0.34309273958206177], "cam_t_w2c": [-415.1793212890625, -4213292.5, -1538231.25], "depth_scale": 1.0},
  "1": {"cam_K": [711.1112738715278, 0.0, 255.5, 0.0, 711.1112738715278, 255.5, 0.0, 0.0, 1.0], "cam_R_w2c": [-0.5903564691543579, 0.8071426153182983, 1.1256800291903346e-07, 0.30970415472984314, 0.2265225052833557, -0.9234559535980225, -0.7453606724739075, -0.5451681613922119, -0.38370442390441895], "cam_t_w2c": [-272.86785888671875, -4142340.25, -1719763.25], "depth_scale": 1.0}
}