{
  "0": {"cam_K": [711.1112738715278, 0.0, 255.5, 0.0, 711.1112738715278, 255.5, 0.0, 0.0, 1.0], "cam_R_w2c": [0.06629376113414764, 0.9978001713752747, -3.2908707225942635e-07, 0.9968832731246948, -0.06623288989067078, -0.0428599938750267, -0.04276572912931442, 0.002841022564098239, -0.9990811347961426], "cam_t_w2c": [1088.3560791015625, -179422.03125, -4443250.5], "depth_scale": 1.0},
  "1": {"cam_K": [711.1112738715278, 0.0, 255.5, 0.0, 711.1112738715278, 255.5, 0.0, 0.0, 1.0], "cam_R_w2c": [-0.5078773498535156, 0.8614294528961182, -8.306244581035571e-09, 0.23316670954227448, 0.13746923208236694, -0.9626710414886475, -0.8292731642723083, -0.4889187514781952, -0.2706742286682129], "cam_t_w2c": [-5428.66064453125, -4279164.0, -1212507.25], "depth_scale": 1.0}
}