{
  "0": {"cam_K": [711.1112738715278, 0.0, 255.5, 0.0, 711.1112738715278, 255.5, 0.0, 0.0, 1.0], "cam_R_w2c": [0.48947814106941223, 0.8720155954360962, 2.95203967937141e-08, 0.5442004203796387, -0.3054695725440979, -0.7813669443130493, -0.681364119052887, 0.3824620842933655, -0.6240718960762024], "cam_t_w2c": [-127.34100341796875, -3505349.0, -2798372.75], "depth_scale": 1.0},
  "1": {"cam_K": [711.1112738715278, 0.0, 255.5, 0.0, 711.1112738715278, 255.5, 0.0, 0.0, 1.0], "cam_R_w2c": [-0.874946117401123, -0.48422056436538696, 2.2013761480366156e-08, -0.3810884654521942, 0.6885948777198792, -0.6169349551200867, 0.29873254895210266, -0.5397847890853882, -0.7870143055915833], "cam_t_w2c": [264.4418640136719, -2767387.5, -3529805.0], "depth_scale": 1.0}
}