{
  "0": [{"cam_R_m2c": [0.08401523530483246, 0.3325352072715759, -0.9393410682678223, 0.8413684964179993, -0.528744637966156, -0.11192799359560013, -0.5338916778564453, -0.780928373336792, -0.3242071270942688], "cam_t_m2c": [-165.505126953125, -219.27255249023438, 1030.686767578125], "obj_id": 0}, {"cam_R_m2c": [0.9199950695037842, -0.04501777142286301, -0.3893359899520874, -0.3750285804271698, 0.18745729327201843, -0.9078618884086609, 0.11385377496480942, 0.9812405705451965, 0.15557684004306793], "cam_t_m2c": [-182.43519592285156, -394.7624206542969, 1119.0516357421875], "obj_id": 0}],
  "1": [{"cam_R_m2c": [-0.5670281648635864, -0.4302065670490265, 0.7024253606796265, -0.3958986699581146, -0.6054708957672119, -0.6904124617576599, 0.7223180532455444, -0.6695725321769714, 0.17300079762935638], "cam_t_m2c": [247.81005859375, -5.1833038330078125, 660.565185546875], "obj_id": 0}, {"cam_R_m2c": [-0.6125839948654175, 0.3800102174282074, 0.6930607557296753, 0.4600757360458374, 0.8844219446182251, -0.07828231900930405, -0.6427062153816223, 0.2709059417247772, -0.7166162133216858], "cam_t_m2c": [356.19964599609375, 56.89122772216797, 507.8365783691406], "obj_id": 0}]
}