{
  "0": {"cam_K": [711.1112738715278, 0.0, 255.5, 0.0, 711.1112738715278, 255.5, 0.0, 0.0, 1.0], "cam_R_w2c": [0.8857667446136475, 0.4600287973880768, -0.061569713056087494, 0.17280806601047516, -0.44999781250953674, -0.8761503100395203, -0.43076059222221375, 0.7654250264167786, -0.4780897796154022], "cam_t_w2c": [84.94763946533203, -125.19287872314453, 1057.7828369140625], "depth_scale": 1.0},
  "1": {"cam_K": [711.1112738715278, 0.0, 255.5, 0.0, 711.1112738715278, 255.5, 0.0, 0.0, 1.0], "cam_R_w2c": [0.8858991265296936, 0.4584622383117676, -0.07067621499300003, 0.17589551210403442, -0.47297918796539307, -0.8633373975753784, -0.4292359948158264, 0.7523981928825378, -0.49965327978134155], "cam_t_w2c": [-46.880027770996094, -22.707530975341797, 893.4931030273438], "depth_scale": 1.0},
  "2": {"cam_K": [711.1112738715278, 0.0, 255.5, 0.0, 711.1112738715278, 255.5, 0.0, 0.0, 1.0], "cam_R_w2c": [0.8858991265296936, 0.4584622383117676, -0.07067621499300003, 0.17589551210403442, -0.47297918796539307, -0.8633373975753784, -0.4292359948158264, 0.7523981928825378, -0.49965327978134155], "cam_t_w2c": [-46.880027770996094, -22.707530975341797, 893.4931030273438], "depth_scale": 1.0},
  "3": {"cam_K": [711.1112738715278, 0.0, 255.5, 0.0, 711.1112738715278, 255.5, 0.0, 0.0, 1.0], "cam_R_w2c": [0.4901667833328247, -0.8702429533004761, -0.049129873514175415, -0.4833306074142456, -0.2244664430618286, -0.8461716175079346, 0.7253468632698059, 0.4385112226009369, -0.5306410789489746], "cam_t_w2c": [-68.83003997802734, 36.10724639892578, 671.1160888671875], "depth_scale": 1.0},
  "4": {"cam_K": [711.1112738715278, 0.0, 255.5, 0.0, 711.1112738715278, 255.5, 0.0, 0.0, 1.0], "cam_R_w2c": [0.4901667833328247, -0.8702429533004761, -0.049129873514175415, -0.4833306074142456, -0.2244664430618286, -0.8461716175079346, 0.7253468632698059, 0.4385112226009369, -0.5306410789489746], "cam_t_w2c": [-68.83003997802734, 36.10724639892578, 671.1160888671875], "depth_scale": 1.0}
}