{
  "0": {"cam_K": [711.1112738715278, 0.0, 255.5, 0.0, 711.1112738715278, 255.5, 0.0, 0.0, 1.0], "cam_R_w2c": [0.5495718717575073, 0.8354464173316956, 4.875520431824043e-08, 0.5599039793014526, -0.36831504106521606, -0.7421937584877014, -0.6200631260871887, 0.40788885951042175, -0.670185387134552], "cam_t_w2c": [-1.0888546705245972, 67.40798950195312, 1377.6640625], "depth_scale": 1.0},
  "1": {"cam_K": [711.1112738715278, 0.0, 255.5, 0.0, 711.1112738715278, 255.5, 0.0, 0.0, 1.0], "cam_R_w2c": [-0.32097622752189636, -0.947087287902832, 2.568723118656635e-07, -0.625393807888031, 0.21195124089717865, -0.7509722709655762, 0.7112361788749695, -0.24104438722133636, -0.6603338122367859], "cam_t_w2c": [-73.012939453125, 454.98272705078125, 852.09228515625], "depth_scale": 1.0}
}