{
  "0": {"cam_K": [711.1112738715278, 0.0, 255.5, 0.0, 711.1112738715278, 255.5, 0.0, 0.0, 1.0], "cam_R_w2c": [0.9929718971252441, -0.11835022270679474, 1.7105705296671658e-08, -0.09644713997840881, -0.8092026114463806, -0.579559326171875, 0.06859098374843597, 0.5754861235618591, -0.8149300217628479], "cam_t_w2c": [-341.1196594238281, -2599606.25, -3654771.0], "depth_scale": 1.0},
  "1": {"cam_K": [711.1112738715278, 0.0, 255.5, 0.0, 711.1112738715278, 255.5, 0.0, 0.0, 1.0], "cam_R_w2c": [-0.5834193229675293, 0.8121710419654846, -1.1130617849630653e-07, 0.5506636500358582, 0.3955666124820709, -0.7350487112998962, -0.5969852209091187, -0.4288417100906372, -0.6780142784118652], "cam_t_w2c": [13.5191068649292, -3297661.75, -3040392.5], "depth_scale": 1.0}
}