{
  "0": {"cam_K": [711.1112738715278, 0.0, 255.5, 0.0, 711.1112738715278, 255.5, 0.0, 0.0, 1.0], "cam_R_w2c": [-0.714993417263031, 0.6061992645263672, 0.3482913672924042, -0.005472123157233, 0.49330973625183105, -0.8698365092277527, -0.6991097927093506, -0.6238332390785217, -0.3493960201740265], "cam_t_w2c": [-143.19540405273438, 66.29029846191406, 325.9430847167969], "depth_scale": 1.0}
}