{
  "0": {"cam_K": [711.1112738715278, 0.0, 255.5, 0.0, 711.1112738715278, 255.5, 0.0, 0.0, 1.0], "cam_R_w2c": [-0.8499873280525208, 0.44542884826660156, -0.28127381205558777, 0.5188397765159607, 0.8003131747245789, -0.3005064129829407, 0.09125292301177979, -0.4013626277446747, -0.9113622903823853], "cam_t_w2c": [92.64241790771484, -244.4849853515625, 1101.2625732421875], "depth_scale": 1.0},
  "1": {"cam_K": [711.1112738715278, 0.0, 255.5, 0.0, 711.1112738715278, 255.5, 0.0, 0.0, 1.0], "cam_R_w2c": [-0.8499873280525208, 0.44542884826660156, -0.28127381205558777, 0.5188397765159607, 0.8003131747245789, -0.3005064129829407, 0.09125292301177979, -0.4013626277446747, -0.9113622903823853], "cam_t_w2c": [92.64241790771484, -244.4849853515625, 1101.2625732421875], "depth_scale": 1.0}
}