{
  "0": {"cam_K": [711.1112738715278, 0.0, 255.5, 0.0, 711.1112738715278, 255.5, 0.0, 0.0, 1.0], "cam_R_w2c": [0.5928070545196533, 0.5399842262268066, -0.5974921584129333, 0.10979069769382477, -0.7891693711280823, -0.6042829155921936, -0.7978256940841675, 0.2926240861415863, -0.5271104574203491], "cam_t_w2c": [7.705769062042236, -23.018842697143555, 351.7579040527344], "depth_scale": 1.0}
}