{
  "0": {"cam_K": [711.1112738715278, 0.0, 255.5, 0.0, 711.1112738715278, 255.5, 0.0, 0.0, 1.0], "cam_R_w2c": [-0.8288804888725281, 0.0014131403295323253, -0.5594239234924316, 0.42084795236587524, 0.6604100465774536, -0.6218886971473694, 0.36857032775878906, -0.750903844833374, -0.5479956865310669], "cam_t_w2c": [-2.5792198181152344, -268.8598937988281, 611.298095703125], "depth_scale": 1.0}
}