{
  "0": {"cam_K": [711.1112738715278, 0.0, 255.5, 0.0, 711.1112738715278, 255.5, 0.0, 0.0, 1.0], "cam_R_w2c": [-0.7454928755760193, -0.5469902157783508, -0.380843847990036, -0.35746732354164124, 0.8103925585746765, -0.46419933438301086, 0.5625455379486084, -0.2099180668592453, -0.7996730208396912], "cam_t_w2c": [0.39824146032333374, -39.77981185913086, 446.97723388671875], "depth_scale": 1.0}
}