{
  "0": {"cam_K": [711.1112738715278, 0.0, 255.5, 0.0, 711.1112738715278, 255.5, 0.0, 0.0, 1.0], "cam_R_w2c": [-0.9541261196136475, 0.2994047701358795, 1.3595381176401133e-07, 0.17696712911128998, 0.5639492273330688, -0.8066250085830688, -0.24150744080543518, -0.7696220278739929, -0.5910634398460388], "cam_t_w2c": [8.878189086914062, 73.77127075195312, 830.1846923828125], "depth_scale": 1.0},
  "1": {"cam_K": [711.1112738715278, 0.0, 255.5, 0.0, 711.1112738715278, 255.5, 0.0, 0.0, 1.0], "cam_R_w2c": [-0.37389183044433594, -0.9274723529815674, 7.097406751199742e-08, -0.3337153494358063, 0.13453055918216705, -0.9330250024795532, 0.8653548359870911, -0.34885042905807495, -0.3598116338253021], "cam_t_w2c": [-60.79644012451172, 48.09345245361328, 918.2734375], "depth_scale": 1.0}
}