{
  "0": {"cam_K": [711.1112738715278, 0.0, 255.5, 0.0, 711.1112738715278, 255.5, 0.0, 0.0, 1.0], "cam_R_w2c": [-0.2957247495651245, -0.9552732110023499, -2.829836631690341e-08, -0.1692236065864563, 0.05238668620586395, -0.9841844439506531, 0.9401650428771973, -0.2910476624965668, -0.17714686691761017], "cam_t_w2c": [-17.253150939941406, -96.04816436767578, 507.75701904296875], "depth_scale": 1.0},
  "1": {"cam_K": [711.1112738715278, 0.0, 255.5, 0.0, 711.1112738715278, 255.5, 0.0, 0.0, 1.0], "cam_R_w2c": [0.8112426400184631, 0.5847095847129822, -1.8929318912341841e-07, 0.5781363248825073, -0.8021227121353149, -0.1495240479707718, -0.08742829412221909, 0.12130017578601837, -0.9887580275535583], "cam_t_w2c": [-108.46694946289062, -190.6293182373047, 910.2781982421875], "depth_scale": 1.0}
}