{
  "0": {"cam_K": [711.1112738715278, 0.0, 255.5, 0.0, 711.1112738715278, 255.5, 0.0, 0.0, 1.0], "cam_R_w2c": [0.9287585020065308, -0.36940139532089233, -0.03082672879099846, -0.25923120975494385, -0.5878145694732666, -0.7663375735282898, 0.2649657726287842, 0.7197337746620178, -0.6416981220245361], "cam_t_w2c": [-71.48809051513672, -103.16410064697266, 396.34381103515625], "depth_scale": 1.0}
}