{
  "0": {"cam_K": [711.1112738715278, 0.0, 255.5, 0.0, 711.1112738715278, 255.5, 0.0, 0.0, 1.0], "cam_R_w2c": [-0.6093215942382812, -0.7631285786628723, 0.21531838178634644, -0.6058676242828369, 0.2729058861732483, -0.7472929954528809, 0.5115190148353577, -0.5857961773872375, -0.6286423206329346], "cam_t_w2c": [-15.027139663696289, 27.947528839111328, 316.4979248046875], "depth_scale": 1.0}
}