{
  "0": {"cam_K": [711.1112738715278, 0.0, 255.5, 0.0, 711.1112738715278, 255.5, 0.0, 0.0, 1.0], "cam_R_w2c": [0.37727946043014526, -0.9260995388031006, -1.8197894746663223e-07, -0.30335283279418945, -0.12358152866363525, -0.9448306560516357, 0.8750070929527283, 0.35646533966064453, -0.3275597393512726], "cam_t_w2c": [202.4866943359375, -4238205.5, -1468216.625], "depth_scale": 1.0},
  "1": {"cam_K": [711.1112738715278, 0.0, 255.5, 0.0, 711.1112738715278, 255.5, 0.0, 0.0, 1.0], "cam_R_w2c": [-0.06031198054552078, 0.99817955493927, 3.280594995658248e-08, 0.8800222277641296, 0.05317278578877449, -0.47194647789001465, -0.47108733654022217, -0.028464021161198616, -0.881627082824707], "cam_t_w2c": [-159.58892822265625, -2116841.75, -3953808.0], "depth_scale": 1.0}
}