{
  "0": {"cam_K": [711.1112738715278, 0.0, 255.5, 0.0, 711.1112738715278, 255.5, 0.0, 0.0, 1.0], "cam_R_w2c": [0.9376119375228882, -0.3476836085319519, -4.2691432611263735e-08, -0.2858196496963501, -0.7707809805870056, -0.5693891048431396, 0.19796721637248993, 0.5338660478591919, -0.8220682740211487], "cam_t_w2c": [-172.40296936035156, -2554119.75, -3686767.25], "depth_scale": 1.0},
  "1": {"cam_K": [711.1112738715278, 0.0, 255.5, 0.0, 711.1112738715278, 255.5, 0.0, 0.0, 1.0], "cam_R_w2c": [0.8784356713294983, -0.47786062955856323, -2.07210888447662e-08, -0.21134084463119507, -0.3885009288787842, -0.896884560585022, 0.42858582735061646, 0.7878553867340088, -0.44226452708244324], "cam_t_w2c": [-161.771240234375, -4023216.25, -1983153.625], "depth_scale": 1.0}
}