{
  "0": {"cam_K": [711.1112738715278, 0.0, 255.5, 0.0, 711.1112738715278, 255.5, 0.0, 0.0, 1.0], "cam_R_w2c": [0.9162152409553528, -0.2985162138938904, 0.2672783136367798, 0.0633055716753006, -0.5508285760879517, -0.8322141170501709, 0.3956539034843445, 0.7794074416160583, -0.4857797920703888], "cam_t_w2c": [-89.88443756103516, -112.26506805419922, 751.5029296875], "depth_scale": 1.0},
  "1": {"cam_K": [711.1112738715278, 0.0, 255.5, 0.0, 711.1112738715278, 255.5, 0.0, 0.0, 1.0], "cam_R_w2c": [0.9162152409553528, -0.2985162138938904, 0.2672783136367798, 0.0633055716753006, -0.5508285760879517, -0.8322141170501709, 0.3956539034843445, 0.7794074416160583, -0.4857797920703888], "cam_t_w2c": [-89.88443756103516, -112.26506805419922, 751.5029296875], "depth_scale": 1.0},
  "2": {"cam_K": [711.1112738715278, 0.0, 255.5, 0.0, 711.1112738715278, 255.5, 0.0, 0.0, 1.0], "cam_R_w2c": [0.9162152409553528, -0.2985162138938904, 0.2672783136367798, 0.0633055716753006, -0.5508285760879517, -0.8322141170501709, 0.3956539034843445, 0.7794074416160583, -0.4857797920703888], "cam_t_w2c": [-89.88443756103516, -112.26506805419922, 751.5029296875], "depth_scale": 1.0},
  "3": {"cam_K": [711.1112738715278, 0.0, 255.5, 0.0, 711.1112738715278, 255.5, 0.0, 0.0, 1.0], "cam_R_w2c": [0.9162152409553528, -0.2985162138938904, 0.2672783136367798, 0.0633055716753006, -0.5508285760879517, -0.8322141170501709, 0.3956539034843445, 0.7794074416160583, -0.4857797920703888], "cam_t_w2c": [-89.88443756103516, -112.26506805419922, 751.5029296875], "depth_scale": 1.0},
  "4": {"cam_K": [711.1112738715278, 0.0, 255.5, 0.0, 711.1112738715278, 255.5, 0.0, 0.0, 1.0], "cam_R_w2c": [0.9162152409553528, -0.2985162138938904, 0.2672783136367798, 0.0633055716753006, -0.5508285760879517, -0.8322141170501709, 0.3956539034843445, 0.7794074416160583, -0.4857797920703888], "cam_t_w2c": [-89.88443756103516, -112.26506805419922, 751.5029296875], "depth_scale": 1.0}
}