{
  "0": {"cam_K": [711.1112738715278, 0.0, 255.5, 0.0, 711.1112738715278, 255.5, 0.0, 0.0, 1.0], "cam_R_w2c": [0.46230486035346985, -0.8867210745811462, 6.363450211210875e-08, -0.6391465663909912, -0.3332284092903137, -0.6931453943252563, 0.6146266460418701, 0.3204444646835327, -0.7207978367805481], "cam_t_w2c": [275.88555908203125, -175.57000732421875, 1349.7186279296875], "depth_scale": 1.0},
  "1": {"cam_K": [711.1112738715278, 0.0, 255.5, 0.0, 711.1112738715278, 255.5, 0.0, 0.0, 1.0], "cam_R_w2c": [0.4608204662799835, 0.887493371963501, -5.642593592369849e-08, 0.7085866332054138, -0.3679253160953522, -0.6021095514297485, -0.5343682765960693, 0.277464359998703, -0.7984134554862976], "cam_t_w2c": [128.27076721191406, 407.379150390625, 609.8077392578125], "depth_scale": 1.0}
}