{
  "0": {"cam_K": [2346.1825408935547, 0.0, 956.150695733726, 0.0, 2351.0241982895623, 613.6550906152873, 0.0, 0.0, 1.0], "cam_R_w2c": [-0.45214346051216125, 0.8919453024864197, 2.5739510078892636e-07, 0.3828456401824951, 0.1940716803073883, -0.9031973481178284, -0.8056026697158813, -0.4083746075630188, -0.4292256534099579], "cam_t_w2c": [-180.41769409179688, 516.3569946289062, 2990.094482421875], "depth_scale": 1.0}
}