{
  "0": {"cam_K": [711.1112738715278, 0.0, 255.5, 0.0, 711.1112738715278, 255.5, 0.0, 0.0, 1.0], "cam_R_w2c": [-0.640741229057312, -0.5166846513748169, 0.5678799748420715, -0.6839807033538818, 0.0481732115149498, -0.7279077768325806, 0.34874215722084045, -0.8548194766044617, -0.38426893949508667], "cam_t_w2c": [183.2782745361328, 105.29947662353516, 1032.1309814453125], "depth_scale": 1.0},
  "1": {"cam_K": [711.1112738715278, 0.0, 255.5, 0.0, 711.1112738715278, 255.5, 0.0, 0.0, 1.0], "cam_R_w2c": [-0.640741229057312, -0.5166846513748169, 0.5678799748420715, -0.6839807033538818, 0.0481732115149498, -0.7279077768325806, 0.34874215722084045, -0.8548194766044617, -0.38426893949508667], "cam_t_w2c": [183.2782745361328, 105.29947662353516, 1032.1309814453125], "depth_scale": 1.0},
  "2": {"cam_K": [711.1112738715278, 0.0, 255.5, 0.0, 711.1112738715278, 255.5, 0.0, 0.0, 1.0], "cam_R_w2c": [-0.640741229057312, -0.5166846513748169, 0.5678799748420715, -0.6839807033538818, 0.0481732115149498, -0.7279077768325806, 0.34874215722084045, -0.8548194766044617, -0.38426893949508667], "cam_t_w2c": [183.2782745361328, 105.29947662353516, 1032.1309814453125], "depth_scale": 1.0},
  "3": {"cam_K": [711.1112738715278, 0.0, 255.5, 0.0, 711.1112738715278, 255.5, 0.0, 0.0, 1.0], "cam_R_w2c": [0.3972497880458832, 0.8845963478088379, 0.2442990094423294, 0.45074641704559326, 0.043807849287986755, -0.8915764689445496, -0.7993874549865723, 0.46429550647735596, -0.38132598996162415], "cam_t_w2c": [-54.615901947021484, -115.24455261230469, 805.182861328125], "depth_scale": 1.0},
  "4": {"cam_K": [711.1112738715278, 0.0, 255.5, 0.0, 711.1112738715278, 255.5, 0.0, 0.0, 1.0], "cam_R_w2c": [0.3972497880458832, 0.8845963478088379, 0.2442990094423294, 0.45074641704559326, 0.043807849287986755, -0.8915764689445496, -0.7993874549865723, 0.46429550647735596, -0.38132598996162415], "cam_t_w2c": [-54.615901947021484, -115.24455261230469, 805.182861328125], "depth_scale": 1.0}
}