{
  "0": {"cam_K": [711.1112738715278, 0.0, 255.5, 0.0, 711.1112738715278, 255.5, 0.0, 0.0, 1.0], "cam_R_w2c": [0.28648537397384644, -0.9580846428871155, -2.1906423341988557e-08, -0.28621482849121094, -0.08558367937803268, -0.9543356895446777, 0.9143343567848206, 0.27340325713157654, -0.2987365424633026], "cam_t_w2c": [-38.621246337890625, -4280510.5, -1339025.625], "depth_scale": 1.0},
  "1": {"cam_K": [711.1112738715278, 0.0, 255.5, 0.0, 711.1112738715278, 255.5, 0.0, 0.0, 1.0], "cam_R_w2c": [-0.5736953616142273, -0.8190687298774719, 5.587983764598903e-08, -0.8108838200569153, 0.5679624676704407, -0.1410178691148758, 0.11550329625606537, -0.08090134710073471, -0.9900069832801819], "cam_t_w2c": [-4.705844402313232, -632467.625, -4439767.0], "depth_scale": 1.0}
}