{
  "0": {"cam_K": [711.1112738715278, 0.0, 255.5, 0.0, 711.1112738715278, 255.5, 0.0, 0.0, 1.0], "cam_R_w2c": [0.49273762106895447, -0.8701779246330261, 9.518107901840267e-08, -0.8021513819694519, -0.45421767234802246, -0.3876073658466339, 0.33728742599487305, 0.1909886598587036, -0.92182457447052], "cam_t_w2c": [408.849853515625, -1738676.75, -4133737.25], "depth_scale": 1.0},
  "1": {"cam_K": [711.1112738715278, 0.0, 255.5, 0.0, 711.1112738715278, 255.5, 0.0, 0.0, 1.0], "cam_R_w2c": [-0.19453845918178558, -0.980894923210144, 2.1801605498694698e-07, -0.30231910943984985, 0.059957947582006454, -0.9513192176818848, 0.9331441521644592, -0.18506820499897003, -0.3082074522972107], "cam_t_w2c": [227.06497192382812, -4267121.0, -1381374.25], "depth_scale": 1.0}
}