{
  "0": {"cam_K": [711.1112738715278, 0.0, 255.5, 0.0, 711.1112738715278, 255.5, 0.0, 0.0, 1.0], "cam_R_w2c": [0.8952306509017944, -0.19559346139431, -0.4003813862800598, -0.40630412101745605, -0.7272448539733887, -0.5532014966011047, -0.182972714304924, 0.6579195261001587, -0.7305223345756531], "cam_t_w2c": [-28.675273895263672, 35.68878173828125, 664.3846435546875], "depth_scale": 1.0},
  "1": {"cam_K": [711.1112738715278, 0.0, 255.5, 0.0, 711.1112738715278, 255.5, 0.0, 0.0, 1.0], "cam_R_w2c": [0.8952306509017944, -0.19559346139431, -0.4003813862800598, -0.40630412101745605, -0.7272448539733887, -0.5532014966011047, -0.182972714304924, 0.6579195261001587, -0.7305223345756531], "cam_t_w2c": [-28.675273895263672, 35.68878173828125, 664.3846435546875], "depth_scale": 1.0},
  "2": {"cam_K": [711.1112738715278, 0.0, 255.5, 0.0, 711.1112738715278, 255.5, 0.0, 0.0, 1.0], "cam_R_w2c": [0.8952306509017944, -0.19559346139431, -0.4003813862800598, -0.40630412101745605, -0.7272448539733887, -0.5532014966011047, -0.182972714304924, 0.6579195261001587, -0.7305223345756531], "cam_t_w2c": [-28.675273895263672, 35.68878173828125, 664.3846435546875], "depth_scale": 1.0},
  "3": {"cam_K": [711.1112738715278, 0.0, 255.5, 0.0, 711.1112738715278, 255.5, 0.0, 0.0, 1.0], "cam_R_w2c": [0.8952306509017944, -0.19559346139431, -0.4003813862800598, -0.40630412101745605, -0.7272448539733887, -0.5532014966011047, -0.182972714304924, 0.6579195261001587, -0.7305223345756531], "cam_t_w2c": [-28.675273895263672, 35.68878173828125, 664.3846435546875], "depth_scale": 1.0},
  "4": {"cam_K": [711.1112738715278, 0.0, 255.5, 0.0, 711.1112738715278, 255.5, 0.0, 0.0, 1.0], "cam_R_w2c": [0.8952306509017944, -0.19559346139431, -0.4003813862800598, -0.40630412101745605, -0.7272448539733887, -0.5532014966011047, -0.182972714304924, 0.6579195261001587, -0.7305223345756531], "cam_t_w2c": [-28.675273895263672, 35.68878173828125, 664.3846435546875], "depth_scale": 1.0}
}