{
  "0": {"cam_K": [711.1112738715278, 0.0, 255.5, 0.0, 711.1112738715278, 255.5, 0.0, 0.0, 1.0], "cam_R_w2c": [0.3801041543483734, -0.924702525138855, 0.021121643483638763, -0.7926375269889832, -0.3374174237251282, -0.5078141689300537, 0.47670385241508484, 0.17628048360347748, -0.8612077236175537], "cam_t_w2c": [-172.3058319091797, -100.56925964355469, 347.57476806640625], "depth_scale": 1.0},
  "1": {"cam_K": [711.1112738715278, 0.0, 255.5, 0.0, 711.1112738715278, 255.5, 0.0, 0.0, 1.0], "cam_R_w2c": [-0.9992355108261108, 0.035988662391901016, -0.015281613916158676, 0.038784921169281006, 0.8629491329193115, -0.503800094127655, -0.004943836480379105, -0.5040075778961182, -0.8636852502822876], "cam_t_w2c": [-133.7506561279297, 153.79611206054688, 200.88526916503906], "depth_scale": 1.0}
}