{
  "0": {"cam_K": [711.1112738715278, 0.0, 255.5, 0.0, 711.1112738715278, 255.5, 0.0, 0.0, 1.0], "cam_R_w2c": [0.12570102512836456, 0.9920681715011597, 1.280496491062877e-07, 0.2699230909347534, -0.034200772643089294, -0.9622743129730225, -0.9546416997909546, 0.12095890939235687, -0.272081196308136], "cam_t_w2c": [-232.04388427734375, -4316366.5, -1219066.375], "depth_scale": 1.0},
  "1": {"cam_K": [711.1112738715278, 0.0, 255.5, 0.0, 711.1112738715278, 255.5, 0.0, 0.0, 1.0], "cam_R_w2c": [0.6898751854896545, 0.7239282727241516, -9.03554120412764e-10, 0.7056348323822021, -0.6724421381950378, -0.22338514029979706, -0.1617148369550705, 0.15410786867141724, -0.9747301936149597], "cam_t_w2c": [-462.2792053222656, -1002213.875, -4371357.5], "depth_scale": 1.0}
}