{
  "0": [{"cam_R_m2c": [-0.47264763712882996, 0.8572266697883606, -0.2043686956167221, -0.8808178305625916, -0.45226162672042847, 0.1400691270828247, 0.02764287032186985, 0.24621494114398956, 0.9688209891319275], "cam_t_m2c": [-79.36185455322266, 16.24639129638672, 1314.5576171875], "obj_id": 2}, {"cam_R_m2c": [0.5131469964981079, -0.684719979763031, 0.5175313949584961, -0.030763139948248863, -0.6172572374343872, -0.7861597537994385, 0.8577492833137512, 0.38749462366104126, -0.33780786395072937], "cam_t_m2c": [-377.2537536621094, 148.81011962890625, 1519.0594482421875], "obj_id": 2}],
  "1": [{"cam_R_m2c": [-0.5384324193000793, 0.4763726592063904, -0.6950967311859131, -0.123167984187603, -0.8605065941810608, -0.49432572722435, -0.8336186408996582, -0.18054737150669098, 0.5219986438751221], "cam_t_m2c": [-300.29962158203125, -237.88723754882812, 888.492919921875], "obj_id": 2}, {"cam_R_m2c": [-0.08172277361154556, -0.8720592260360718, 0.4825287461280823, -0.9054275155067444, -0.13739259541034698, -0.40165188908576965, 0.41656017303466797, -0.46971893310546875, -0.7783582806587219], "cam_t_m2c": [-635.3956298828125, -150.59671020507812, 1056.5987548828125], "obj_id": 2}]
}