{
  "0": {"cam_K": [711.1112738715278, 0.0, 255.5, 0.0, 711.1112738715278, 255.5, 0.0, 0.0, 1.0], "cam_R_w2c": [0.5772858262062073, 0.8080410957336426, -0.11751874536275864, 0.1820148229598999, -0.26764389872550964, -0.9461698532104492, -0.7959972620010376, 0.5248202681541443, -0.3015824854373932], "cam_t_w2c": [-99.87161254882812, 74.34660339355469, 532.83056640625], "depth_scale": 1.0},
  "1": {"cam_K": [711.1112738715278, 0.0, 255.5, 0.0, 711.1112738715278, 255.5, 0.0, 0.0, 1.0], "cam_R_w2c": [-0.6222695112228394, -0.7780545949935913, -0.08609332889318466, -0.4548870623111725, 0.44891300797462463, -0.7691261172294617, 0.6370704770088196, -0.43944084644317627, -0.6332719326019287], "cam_t_w2c": [-56.709163665771484, -53.707279205322266, 743.9223022460938], "depth_scale": 1.0},
  "2": {"cam_K": [711.1112738715278, 0.0, 255.5, 0.0, 711.1112738715278, 255.5, 0.0, 0.0, 1.0], "cam_R_w2c": [-0.6222695112228394, -0.7780545949935913, -0.08609332889318466, -0.4548870623111725, 0.44891300797462463, -0.7691261172294617, 0.6370704770088196, -0.43944084644317627, -0.6332719326019287], "cam_t_w2c": [-56.709163665771484, -53.707279205322266, 743.9223022460938], "depth_scale": 1.0},
  "3": {"cam_K": [711.1112738715278, 0.0, 255.5, 0.0, 711.1112738715278, 255.5, 0.0, 0.0, 1.0], "cam_R_w2c": [0.5196182727813721, 0.8161922693252563, 0.25264015793800354, 0.49563464522361755, -0.047094039618968964, -0.8672534227371216, -0.6959476470947266, 0.575857937335968, -0.42900410294532776], "cam_t_w2c": [43.54807662963867, 66.06352996826172, 753.0944213867188], "depth_scale": 1.0},
  "4": {"cam_K": [711.1112738715278, 0.0, 255.5, 0.0, 711.1112738715278, 255.5, 0.0, 0.0, 1.0], "cam_R_w2c": [0.5196182727813721, 0.8161922693252563, 0.25264015793800354, 0.49563464522361755, -0.047094039618968964, -0.8672534227371216, -0.6959476470947266, 0.575857937335968, -0.42900410294532776], "cam_t_w2c": [43.54807662963867, 66.06352996826172, 753.0944213867188], "depth_scale": 1.0}
}