{
  "0": {"cam_K": [711.1112738715278, 0.0, 255.5, 0.0, 711.1112738715278, 255.5, 0.0, 0.0, 1.0], "cam_R_w2c": [-0.7395575642585754, -0.6730934977531433, -2.3313329933216664e-08, -0.14099380373954773, 0.15491604804992676, -0.9778148531913757, 0.6581608057022095, -0.7231502532958984, -0.20947147905826569], "cam_t_w2c": [3480.827880859375, -4348637.0, -933762.3125], "depth_scale": 1.0},
  "1": {"cam_K": [711.1112738715278, 0.0, 255.5, 0.0, 711.1112738715278, 255.5, 0.0, 0.0, 1.0], "cam_R_w2c": [-0.3032730519771576, 0.952903687953949, -1.3469644954966498e-08, 0.23450176417827606, 0.07463300228118896, -0.969246506690979, -0.92359858751297, -0.29394635558128357, -0.24609176814556122], "cam_t_w2c": [1447.4110107421875, -4312300.5, -1089289.0], "depth_scale": 1.0}
}