{
  "0": {"cam_K": [711.1112738715278, 0.0, 255.5, 0.0, 711.1112738715278, 255.5, 0.0, 0.0, 1.0], "cam_R_w2c": [-0.9350409507751465, -0.3545398712158203, -3.533968850888414e-08, -0.1864602118730545, 0.49175840616226196, -0.8505329489707947, 0.3015478253364563, -0.7952830791473389, -0.5259218215942383], "cam_t_w2c": [-318.7119140625, -3815001.0, -2357750.5], "depth_scale": 1.0},
  "1": {"cam_K": [711.1112738715278, 0.0, 255.5, 0.0, 711.1112738715278, 255.5, 0.0, 0.0, 1.0], "cam_R_w2c": [-0.871487557888031, 0.4904177784919739, 1.485314271576499e-07, 0.3866589367389679, 0.6871049404144287, -0.6151273250579834, -0.30166947841644287, -0.5360757112503052, -0.7884278893470764], "cam_t_w2c": [-493.7999267578125, -2758962.25, -3535397.25], "depth_scale": 1.0}
}