{
  "0": {"cam_K": [711.1112738715278, 0.0, 255.5, 0.0, 711.1112738715278, 255.5, 0.0, 0.0, 1.0], "cam_R_w2c": [-0.07950366288423538, -0.815183162689209, -0.5737208127975464, -0.18174026906490326, 0.5777499079704285, -0.7957232594490051, 0.9801273941993713, 0.04100527614355087, -0.19408485293388367], "cam_t_w2c": [36.02351379394531, -41.818145751953125, 285.1006774902344], "depth_scale": 1.0},
  "1": {"cam_K": [711.1112738715278, 0.0, 255.5, 0.0, 711.1112738715278, 255.5, 0.0, 0.0, 1.0], "cam_R_w2c": [0.37902000546455383, -0.770176351070404, 0.5130032300949097, -0.026165127754211426, -0.5630629062652588, -0.8259998559951782, 0.9250185489654541, 0.299647718667984, -0.23356394469738007], "cam_t_w2c": [73.67521667480469, 32.68023681640625, 255.62083435058594], "depth_scale": 1.0}
}