{
  "0": {"cam_K": [711.1112738715278, 0.0, 255.5, 0.0, 711.1112738715278, 255.5, 0.0, 0.0, 1.0], "cam_R_w2c": [-0.995596170425415, 0.09374699741601944, 4.8314348077838076e-08, 0.09369714558124542, 0.9950667023658752, -0.03260571137070656, -0.003056735498830676, -0.03246211260557175, -0.9994683861732483], "cam_t_w2c": [136.3513641357422, -146101.890625, -4482676.5], "depth_scale": 1.0},
  "1": {"cam_K": [711.1112738715278, 0.0, 255.5, 0.0, 711.1112738715278, 255.5, 0.0, 0.0, 1.0], "cam_R_w2c": [0.6912078857421875, -0.7226560115814209, 2.655097475212642e-09, -0.6178402900695801, -0.5909535884857178, -0.5186977386474609, 0.37484002113342285, 0.3585279881954193, -0.8549577593803406], "cam_t_w2c": [-212.12010192871094, -2326896.5, -3834390.5], "depth_scale": 1.0}
}