{
  "0": {"cam_K": [711.1112738715278, 0.0, 255.5, 0.0, 711.1112738715278, 255.5, 0.0, 0.0, 1.0], "cam_R_w2c": [-0.02186780981719494, 0.9841322898864746, 0.17608410120010376, 0.524668276309967, 0.16122037172317505, -0.8359015583992004, -0.8510259985923767, 0.07410647720098495, -0.5198685526847839], "cam_t_w2c": [-364.46026611328125, 52.927085876464844, 452.3305358886719], "depth_scale": 1.0},
  "1": {"cam_K": [711.1112738715278, 0.0, 255.5, 0.0, 711.1112738715278, 255.5, 0.0, 0.0, 1.0], "cam_R_w2c": [0.30768150091171265, 0.9449669122695923, -0.11121902614831924, 0.5521467924118042, -0.2725181579589844, -0.7879517078399658, -0.7748974561691284, 0.18102897703647614, -0.6056092381477356], "cam_t_w2c": [-316.1176452636719, 188.85809326171875, 409.1884460449219], "depth_scale": 1.0},
  "2": {"cam_K": [711.1112738715278, 0.0, 255.5, 0.0, 711.1112738715278, 255.5, 0.0, 0.0, 1.0], "cam_R_w2c": [0.30768150091171265, 0.9449669122695923, -0.11121902614831924, 0.5521467924118042, -0.2725181579589844, -0.7879517078399658, -0.7748974561691284, 0.18102897703647614, -0.6056092381477356], "cam_t_w2c": [-316.1176452636719, 188.85809326171875, 409.1884460449219], "depth_scale": 1.0},
  "3": {"cam_K": [711.1112738715278, 0.0, 255.5, 0.0, 711.1112738715278, 255.5, 0.0, 0.0, 1.0], "cam_R_w2c": [-0.5932515859603882, 0.7958269715309143, 0.12129345536231995, 0.06338422000408173, 0.1963813453912735, -0.9784768223762512, -0.8025180101394653, -0.5727947950363159, -0.16694650053977966], "cam_t_w2c": [-360.07183837890625, -14.657282829284668, 591.9976806640625], "depth_scale": 1.0},
  "4": {"cam_K": [711.1112738715278, 0.0, 255.5, 0.0, 711.1112738715278, 255.5, 0.0, 0.0, 1.0], "cam_R_w2c": [-0.5932515859603882, 0.7958269715309143, 0.12129345536231995, 0.06338422000408173, 0.1963813453912735, -0.9784768223762512, -0.8025180101394653, -0.5727947950363159, -0.16694650053977966], "cam_t_w2c": [-360.07183837890625, -14.657282829284668, 591.9976806640625], "depth_scale": 1.0},
  "5": {"cam_K": [711.1112738715278, 0.0, 255.5, 0.0, 711.1112738715278, 255.5, 0.0, 0.0, 1.0], "cam_R_w2c": [0.6399381756782532, -0.7683801651000977, -0.00843204464763403, -0.4865959584712982, -0.39671528339385986, -0.7783581018447876, 0.5947297811508179, 0.5022040009498596, -0.6277639269828796], "cam_t_w2c": [343.8969421386719, 131.5714569091797, 408.8236999511719], "depth_scale": 1.0},
  "6": {"cam_K": [711.1112738715278, 0.0, 255.5, 0.0, 711.1112738715278, 255.5, 0.0, 0.0, 1.0], "cam_R_w2c": [0.6399381756782532, -0.7683801651000977, -0.00843204464763403, -0.4865959584712982, -0.39671528339385986, -0.7783581018447876, 0.5947297811508179, 0.5022040009498596, -0.6277639269828796], "cam_t_w2c": [343.8969421386719, 131.5714569091797, 408.8236999511719], "depth_scale": 1.0},
  "7": {"cam_K": [711.1112738715278, 0.0, 255.5, 0.0, 711.1112738715278, 255.5, 0.0, 0.0, 1.0], "cam_R_w2c": [-0.03279394656419754, -0.9878028035163879, 0.15221776068210602, -0.5794212222099304, -0.10530491173267365, -0.8081967830657959, 0.8143683075904846, -0.11470210552215576, -0.5689005851745605], "cam_t_w2c": [76.38566589355469, -29.576858520507812, 664.5347900390625], "depth_scale": 1.0}
}