{
  "0": [{"cam_R_m2c": [0.94227135181427, -0.28625747561454773, 0.17372769117355347, 0.29457002878189087, 0.46192288398742676, -0.8365737795829773, 0.15922671556472778, 0.8394544720649719, 0.5195795893669128], "cam_t_m2c": [99.04830932617188, -330.7303161621094, 966.1284790039062], "obj_id": 2}, {"cam_R_m2c": [0.6031827330589294, 0.33379286527633667, 0.7243983149528503, 0.6116350889205933, -0.7765012383460999, -0.151487335562706, 0.5119307637214661, 0.5344419479370117, -0.6725315451622009], "cam_t_m2c": [9652.0283203125, -1932.4486083984375, 10468.65234375], "obj_id": 2}],
  "1": [{"cam_R_m2c": [-0.19669319689273834, 0.16864511370658875, -0.9658523201942444, -0.2273682951927185, 0.9503966569900513, 0.21224938333034515, 0.9537376761436462, 0.26135218143463135, -0.148592010140419], "cam_t_m2c": [-411.6967468261719, 108.6544418334961, 808.5980834960938], "obj_id": 2}, {"cam_R_m2c": [0.06382592767477036, -0.9861856698989868, -0.1528530865907669, 0.29420754313468933, 0.16495254635810852, -0.9413992762565613, 0.953607976436615, 0.015115166082978249, 0.3006714880466461], "cam_t_m2c": [-9293.5517578125, 3788.90087890625, 10384.10546875], "obj_id": 2}]
}