{
  "0": {"cam_K": [711.1112738715278, 0.0, 255.5, 0.0, 711.1112738715278, 255.5, 0.0, 0.0, 1.0], "cam_R_w2c": [0.8946710824966431, -0.4467255175113678, -2.8198058998896158e-08, -0.403837651014328, -0.8087783455848694, -0.427543044090271, 0.19099433720111847, 0.38251039385795593, -0.903995156288147], "cam_t_w2c": [9721.048828125, -1919636.0, -4044579.5], "depth_scale": 1.0},
  "1": {"cam_K": [711.1112738715278, 0.0, 255.5, 0.0, 711.1112738715278, 255.5, 0.0, 0.0, 1.0], "cam_R_w2c": [-0.768284797668457, -0.6401082277297974, -4.2594610505375385e-08, -0.3140981197357178, 0.3769938051700592, -0.8713312149047852, 0.5577462315559387, -0.6694304943084717, -0.49069541692733765], "cam_t_w2c": [-9218.0302734375, -3904745.5, -2190606.25], "depth_scale": 1.0}
}