{
  "0": {"cam_K": [2346.1825408935547, 0.0, 956.150695733726, 0.0, 2351.0241982895623, 613.6550906152873, 0.0, 0.0, 1.0], "cam_R_w2c": [-0.3494536578655243, 0.9369537234306335, 6.94506567811004e-08, 0.4039997160434723, 0.15067890286445618, -0.9022639393806458, -0.8453795313835144, -0.3152993321418762, -0.4311843812465668], "cam_t_w2c": [7675.0078125, -20028.50390625, 43077.79296875], "depth_scale": 1.0}
}