{
  "0": [{"cam_R_m2c": [-0.9675284624099731, -0.11422491818666458, -0.22547991573810577, -0.24709248542785645, 0.2395503669977188, 0.9389147162437439, -0.05323367193341255, 0.9641411900520325, -0.25999584794044495], "cam_t_m2c": [-1.062387228012085, -15.773036003112793, 1084.7022705078125], "obj_id": 2}]
}