{
  "0": {"cam_K": [711.1112738715278, 0.0, 255.5, 0.0, 711.1112738715278, 255.5, 0.0, 0.0, 1.0], "cam_R_w2c": [-0.8971361517906189, -0.43804869055747986, -0.05709821358323097, -0.15509001910686493, 0.4333481192588806, -0.8877817988395691, 0.4136350452899933, -0.7876057028770447, -0.4567092955112457], "cam_t_w2c": [-198.14500427246094, 52.81238555908203, 221.26321411132812], "depth_scale": 1.0},
  "1": {"cam_K": [711.1112738715278, 0.0, 255.5, 0.0, 711.1112738715278, 255.5, 0.0, 0.0, 1.0], "cam_R_w2c": [-0.9386367201805115, -0.34133151173591614, 0.04953882843255997, -0.28515344858169556, 0.6871737241744995, -0.6681914329528809, 0.19403301179409027, -0.6413151621818542, -0.7423383593559265], "cam_t_w2c": [-185.6433563232422, 72.96051788330078, 220.51409912109375], "depth_scale": 1.0}
}