{
  "0": {"cam_K": [711.1112738715278, 0.0, 255.5, 0.0, 711.1112738715278, 255.5, 0.0, 0.0, 1.0], "cam_R_w2c": [0.6236283779144287, -0.7808060050010681, -0.03780961036682129, -0.5475674271583557, -0.40179893374443054, -0.7339805364608765, 0.5579046010971069, 0.47843441367149353, -0.6781171560287476], "cam_t_w2c": [10.9046630859375, 159.62681579589844, 506.5550842285156], "depth_scale": 1.0},
  "1": {"cam_K": [711.1112738715278, 0.0, 255.5, 0.0, 711.1112738715278, 255.5, 0.0, 0.0, 1.0], "cam_R_w2c": [-0.9352607727050781, -0.3501036763191223, -0.052103184163570404, -0.1627447009086609, 0.556052029132843, -0.8150584697723389, 0.31432706117630005, -0.7538126707077026, -0.5770311951637268], "cam_t_w2c": [208.718994140625, -43.11079788208008, 790.9512329101562], "depth_scale": 1.0},
  "2": {"cam_K": [711.1112738715278, 0.0, 255.5, 0.0, 711.1112738715278, 255.5, 0.0, 0.0, 1.0], "cam_R_w2c": [-0.9352607727050781, -0.3501036763191223, -0.052103184163570404, -0.1627447009086609, 0.556052029132843, -0.8150584697723389, 0.31432706117630005, -0.7538126707077026, -0.5770311951637268], "cam_t_w2c": [208.718994140625, -43.11079788208008, 790.9512329101562], "depth_scale": 1.0},
  "3": {"cam_K": [711.1112738715278, 0.0, 255.5, 0.0, 711.1112738715278, 255.5, 0.0, 0.0, 1.0], "cam_R_w2c": [-0.9928025007247925, -0.09880666434764862, 0.0676800087094307, -0.10788901150226593, 0.49252960085868835, -0.86358243227005, 0.05199328809976578, -0.8646686673164368, -0.49964481592178345], "cam_t_w2c": [182.92710876464844, -45.077972412109375, 744.2792358398438], "depth_scale": 1.0},
  "4": {"cam_K": [711.1112738715278, 0.0, 255.5, 0.0, 711.1112738715278, 255.5, 0.0, 0.0, 1.0], "cam_R_w2c": [-0.9928025007247925, -0.09880666434764862, 0.0676800087094307, -0.10788901150226593, 0.49252960085868835, -0.86358243227005, 0.05199328809976578, -0.8646686673164368, -0.49964481592178345], "cam_t_w2c": [182.92710876464844, -45.077972412109375, 744.2792358398438], "depth_scale": 1.0},
  "5": {"cam_K": [711.1112738715278, 0.0, 255.5, 0.0, 711.1112738715278, 255.5, 0.0, 0.0, 1.0], "cam_R_w2c": [-0.6637373566627502, 0.7295278906822205, 0.16505134105682373, 0.10423854738473892, 0.3087335228919983, -0.9454194903373718, -0.7406667470932007, -0.6103054285049438, -0.2809629440307617], "cam_t_w2c": [-274.36676025390625, -28.408002853393555, 743.0578002929688], "depth_scale": 1.0},
  "6": {"cam_K": [711.1112738715278, 0.0, 255.5, 0.0, 711.1112738715278, 255.5, 0.0, 0.0, 1.0], "cam_R_w2c": [-0.6637373566627502, 0.7295278906822205, 0.16505134105682373, 0.10423854738473892, 0.3087335228919983, -0.9454194903373718, -0.7406667470932007, -0.6103054285049438, -0.2809629440307617], "cam_t_w2c": [-274.36676025390625, -28.408002853393555, 743.0578002929688], "depth_scale": 1.0},
  "7": {"cam_K": [711.1112738715278, 0.0, 255.5, 0.0, 711.1112738715278, 255.5, 0.0, 0.0, 1.0], "cam_R_w2c": [-0.8937762975692749, -0.42069199681282043, 0.155506893992424, -0.19144348800182343, 0.04429013654589653, -0.9805038571357727, 0.40560269355773926, -0.9061217904090881, -0.12012429535388947], "cam_t_w2c": [-111.87116241455078, -39.52293395996094, 1069.749267578125], "depth_scale": 1.0}
}