{
  "0": {"cam_K": [711.1112738715278, 0.0, 255.5, 0.0, 711.1112738715278, 255.5, 0.0, 0.0, 1.0], "cam_R_w2c": [-0.6464810371398926, -0.47106751799583435, -0.6001313328742981, 0.025605401024222374, 0.7727739214897156, -0.6341646313667297, 0.7625002264976501, -0.42534205317497253, -0.48752182722091675], "cam_t_w2c": [38.842708587646484, -6.899775505065918, 215.8541717529297], "depth_scale": 1.0}
}