{
  "0": {"cam_K": [711.1112738715278, 0.0, 255.5, 0.0, 711.1112738715278, 255.5, 0.0, 0.0, 1.0], "cam_R_w2c": [-0.6298739314079285, 0.7762242555618286, -0.027109341695904732, 0.7666458487510681, 0.6157463788986206, -0.18196304142475128, -0.12455164641141891, -0.1353970319032669, -0.9829316735267639], "cam_t_w2c": [214.9088592529297, 76.64518737792969, 650.5677490234375], "depth_scale": 1.0},
  "1": {"cam_K": [711.1112738715278, 0.0, 255.5, 0.0, 711.1112738715278, 255.5, 0.0, 0.0, 1.0], "cam_R_w2c": [-0.6298739314079285, 0.7762242555618286, -0.027109341695904732, 0.7666458487510681, 0.6157463788986206, -0.18196304142475128, -0.12455164641141891, -0.1353970319032669, -0.9829316735267639], "cam_t_w2c": [214.9088592529297, 76.64518737792969, 650.5677490234375], "depth_scale": 1.0},
  "2": {"cam_K": [711.1112738715278, 0.0, 255.5, 0.0, 711.1112738715278, 255.5, 0.0, 0.0, 1.0], "cam_R_w2c": [-0.6298739314079285, 0.7762242555618286, -0.027109341695904732, 0.7666458487510681, 0.6157463788986206, -0.18196304142475128, -0.12455164641141891, -0.1353970319032669, -0.9829316735267639], "cam_t_w2c": [214.9088592529297, 76.64518737792969, 650.5677490234375], "depth_scale": 1.0},
  "3": {"cam_K": [711.1112738715278, 0.0, 255.5, 0.0, 711.1112738715278, 255.5, 0.0, 0.0, 1.0], "cam_R_w2c": [-0.6298739314079285, 0.7762242555618286, -0.027109341695904732, 0.7666458487510681, 0.6157463788986206, -0.18196304142475128, -0.12455164641141891, -0.1353970319032669, -0.9829316735267639], "cam_t_w2c": [214.9088592529297, 76.64518737792969, 650.5677490234375], "depth_scale": 1.0},
  "4": {"cam_K": [711.1112738715278, 0.0, 255.5, 0.0, 711.1112738715278, 255.5, 0.0, 0.0, 1.0], "cam_R_w2c": [-0.6298739314079285, 0.7762242555618286, -0.027109341695904732, 0.7666458487510681, 0.6157463788986206, -0.18196304142475128, -0.12455164641141891, -0.1353970319032669, -0.9829316735267639], "cam_t_w2c": [214.9088592529297, 76.64518737792969, 650.5677490234375], "depth_scale": 1.0},
  "5": {"cam_K": [711.1112738715278, 0.0, 255.5, 0.0, 711.1112738715278, 255.5, 0.0, 0.0, 1.0], "cam_R_w2c": [0.8397228121757507, 0.48945343494415283, -0.23516152799129486, 0.2800980806350708, -0.7614275217056274, -0.584613561630249, -0.4651995897293091, 0.4250450134277344, -0.7764830589294434], "cam_t_w2c": [27.56172752380371, 136.59542846679688, 992.8955688476562], "depth_scale": 1.0},
  "6": {"cam_K": [711.1112738715278, 0.0, 255.5, 0.0, 711.1112738715278, 255.5, 0.0, 0.0, 1.0], "cam_R_w2c": [0.8397228121757507, 0.48945343494415283, -0.23516152799129486, 0.2800980806350708, -0.7614275217056274, -0.584613561630249, -0.4651995897293091, 0.4250450134277344, -0.7764830589294434], "cam_t_w2c": [27.56172752380371, 136.59542846679688, 992.8955688476562], "depth_scale": 1.0},
  "7": {"cam_K": [711.1112738715278, 0.0, 255.5, 0.0, 711.1112738715278, 255.5, 0.0, 0.0, 1.0], "cam_R_w2c": [0.8397228121757507, 0.48945343494415283, -0.23516152799129486, 0.2800980806350708, -0.7614275217056274, -0.584613561630249, -0.4651995897293091, 0.4250450134277344, -0.7764830589294434], "cam_t_w2c": [27.56172752380371, 136.59542846679688, 992.8955688476562], "depth_scale": 1.0},
  "8": {"cam_K": [711.1112738715278, 0.0, 255.5, 0.0, 711.1112738715278, 255.5, 0.0, 0.0, 1.0], "cam_R_w2c": [0.8397228121757507, 0.48945343494415283, -0.23516152799129486, 0.2800980806350708, -0.7614275217056274, -0.584613561630249, -0.4651995897293091, 0.4250450134277344, -0.7764830589294434], "cam_t_w2c": [27.56172752380371, 136.59542846679688, 992.8955688476562], "depth_scale": 1.0},
  "9": {"cam_K": [711.1112738715278, 0.0, 255.5, 0.0, 711.1112738715278, 255.5, 0.0, 0.0, 1.0], "cam_R_w2c": [0.8397228121757507, 0.48945343494415283, -0.23516152799129486, 0.2800980806350708, -0.7614275217056274, -0.584613561630249, -0.4651995897293091, 0.4250450134277344, -0.7764830589294434], "cam_t_w2c": [27.56172752380371, 136.59542846679688, 992.8955688476562], "depth_scale": 1.0}
}