{
  "0": {"cam_K": [711.1112738715278, 0.0, 255.5, 0.0, 711.1112738715278, 255.5, 0.0, 0.0, 1.0], "cam_R_w2c": [-0.6566736698150635, -0.7376286387443542, 0.1571102887392044, -0.4918087124824524, 0.26089954376220703, -0.8306958675384521, 0.571755051612854, -0.6227643489837646, -0.5340980291366577], "cam_t_w2c": [-48.84208679199219, 49.7855110168457, 366.80743408203125], "depth_scale": 1.0},
  "1": {"cam_K": [711.1112738715278, 0.0, 255.5, 0.0, 711.1112738715278, 255.5, 0.0, 0.0, 1.0], "cam_R_w2c": [-0.9427019953727722, -0.3336322605609894, 0.001522709964774549, -0.13726508617401123, 0.38368451595306396, -0.9132055640220642, 0.30409061908721924, -0.861089825630188, -0.40749621391296387], "cam_t_w2c": [-4.577826976776123, 53.006866455078125, 412.8714599609375], "depth_scale": 1.0},
  "2": {"cam_K": [711.1112738715278, 0.0, 255.5, 0.0, 711.1112738715278, 255.5, 0.0, 0.0, 1.0], "cam_R_w2c": [-0.9427019953727722, -0.3336322605609894, 0.001522709964774549, -0.13726508617401123, 0.38368451595306396, -0.9132055640220642, 0.30409061908721924, -0.861089825630188, -0.40749621391296387], "cam_t_w2c": [-4.577826976776123, 53.006866455078125, 412.8714599609375], "depth_scale": 1.0},
  "3": {"cam_K": [711.1112738715278, 0.0, 255.5, 0.0, 711.1112738715278, 255.5, 0.0, 0.0, 1.0], "cam_R_w2c": [-0.8791005611419678, 0.4752122163772583, -0.036820098757743835, 0.35202229022979736, 0.5952425599098206, -0.7223342061042786, -0.32134512066841125, -0.6479657888412476, -0.6905633807182312], "cam_t_w2c": [67.18305969238281, 57.032169342041016, 404.81622314453125], "depth_scale": 1.0},
  "4": {"cam_K": [711.1112738715278, 0.0, 255.5, 0.0, 711.1112738715278, 255.5, 0.0, 0.0, 1.0], "cam_R_w2c": [-0.8791005611419678, 0.4752122163772583, -0.036820098757743835, 0.35202229022979736, 0.5952425599098206, -0.7223342061042786, -0.32134512066841125, -0.6479657888412476, -0.6905633807182312], "cam_t_w2c": [67.18305969238281, 57.032169342041016, 404.81622314453125], "depth_scale": 1.0},
  "5": {"cam_K": [711.1112738715278, 0.0, 255.5, 0.0, 711.1112738715278, 255.5, 0.0, 0.0, 1.0], "cam_R_w2c": [-0.3033579885959625, -0.9311087727546692, -0.20251087844371796, -0.2674524188041687, 0.2871835231781006, -0.9197798371315002, 0.9145728349685669, -0.22486041486263275, -0.3361468017101288], "cam_t_w2c": [88.91079711914062, -68.90547943115234, 668.5830688476562], "depth_scale": 1.0},
  "6": {"cam_K": [711.1112738715278, 0.0, 255.5, 0.0, 711.1112738715278, 255.5, 0.0, 0.0, 1.0], "cam_R_w2c": [-0.3033579885959625, -0.9311087727546692, -0.20251087844371796, -0.2674524188041687, 0.2871835231781006, -0.9197798371315002, 0.9145728349685669, -0.22486041486263275, -0.3361468017101288], "cam_t_w2c": [88.91079711914062, -68.90547943115234, 668.5830688476562], "depth_scale": 1.0},
  "7": {"cam_K": [711.1112738715278, 0.0, 255.5, 0.0, 711.1112738715278, 255.5, 0.0, 0.0, 1.0], "cam_R_w2c": [0.9818075299263, -0.1486959159374237, 0.11808271706104279, 0.014234471134841442, -0.5624958872795105, -0.826677680015564, 0.1893446147441864, 0.813319206237793, -0.5501460433006287], "cam_t_w2c": [159.9396514892578, 90.92851257324219, 316.9510803222656], "depth_scale": 1.0},
  "8": {"cam_K": [711.1112738715278, 0.0, 255.5, 0.0, 711.1112738715278, 255.5, 0.0, 0.0, 1.0], "cam_R_w2c": [0.9818075299263, -0.1486959159374237, 0.11808271706104279, 0.014234471134841442, -0.5624958872795105, -0.826677680015564, 0.1893446147441864, 0.813319206237793, -0.5501460433006287], "cam_t_w2c": [159.9396514892578, 90.92851257324219, 316.9510803222656], "depth_scale": 1.0},
  "9": {"cam_K": [711.1112738715278, 0.0, 255.5, 0.0, 711.1112738715278, 255.5, 0.0, 0.0, 1.0], "cam_R_w2c": [0.1313703954219818, 0.9834786057472229, -0.12454594671726227, 0.36480897665023804, -0.1647796481847763, -0.9163854122161865, -0.921768069267273, 0.07495047897100449, -0.3804290294647217], "cam_t_w2c": [-136.65054321289062, 83.91508483886719, 367.1361083984375], "depth_scale": 1.0}
}