{
  "0": {"cam_K": [711.1112738715278, 0.0, 255.5, 0.0, 711.1112738715278, 255.5, 0.0, 0.0, 1.0], "cam_R_w2c": [-0.45837491750717163, 0.8596449494361877, 0.2256173938512802, 0.6738191246986389, 0.5016687512397766, -0.5424908399581909, -0.5795347094535828, -0.09663881361484528, -0.8091976046562195], "cam_t_w2c": [4250.0068359375, -10366.5537109375, -14955.0888671875], "depth_scale": 1.0},
  "1": {"cam_K": [711.1112738715278, 0.0, 255.5, 0.0, 711.1112738715278, 255.5, 0.0, 0.0, 1.0], "cam_R_w2c": [-0.45837491750717163, 0.8596449494361877, 0.2256173938512802, 0.6738191246986389, 0.5016687512397766, -0.5424908399581909, -0.5795347094535828, -0.09663881361484528, -0.8091976046562195], "cam_t_w2c": [4250.0068359375, -10366.5537109375, -14955.0888671875], "depth_scale": 1.0},
  "2": {"cam_K": [711.1112738715278, 0.0, 255.5, 0.0, 711.1112738715278, 255.5, 0.0, 0.0, 1.0], "cam_R_w2c": [-0.45837491750717163, 0.8596449494361877, 0.2256173938512802, 0.6738191246986389, 0.5016687512397766, -0.5424908399581909, -0.5795347094535828, -0.09663881361484528, -0.8091976046562195], "cam_t_w2c": [4250.0068359375, -10366.5537109375, -14955.0888671875], "depth_scale": 1.0}
}