{
  "0": [{"cam_R_m2c": [0.5505070090293884, 0.3496471047401428, -0.7580824494361877, 0.5759411454200745, -0.8164279460906982, 0.04168145731091499, -0.6043458580970764, -0.45955678820610046, -0.6508254408836365], "cam_t_m2c": [-171.78607177734375, -254.48727416992188, 139.3648223876953], "obj_id": 1}, {"cam_R_m2c": [-0.9649729132652283, 0.20306400954723358, -0.16610871255397797, 0.25912874937057495, 0.6388389468193054, -0.7243874073028564, -0.04098030552268028, -0.7420578002929688, -0.66908198595047], "cam_t_m2c": [-25.012836456298828, -265.9998474121094, -163.94305419921875], "obj_id": 2}],
  "1": [{"cam_R_m2c": [0.5505070090293884, 0.3496471047401428, -0.7580824494361877, 0.5759411454200745, -0.8164279460906982, 0.04168145731091499, -0.6043458580970764, -0.45955678820610046, -0.6508254408836365], "cam_t_m2c": [-171.78607177734375, -254.48727416992188, 139.3648223876953], "obj_id": 1}, {"cam_R_m2c": [-0.9649729132652283, 0.20306400954723358, -0.16610871255397797, 0.25912874937057495, 0.6388389468193054, -0.7243874073028564, -0.04098030552268028, -0.7420578002929688, -0.66908198595047], "cam_t_m2c": [-25.012836456298828, -265.9998474121094, -163.94305419921875], "obj_id": 2}],
  "2": [{"cam_R_m2c": [0.5505070090293884, 0.3496471047401428, -0.7580824494361877, 0.5759411454200745, -0.8164279460906982, 0.04168145731091499, -0.6043458580970764, -0.45955678820610046, -0.6508254408836365], "cam_t_m2c": [-171.78607177734375, -254.48727416992188, 139.3648223876953], "obj_id": 1}, {"cam_R_m2c": [-0.9649729132652283, 0.20306400954723358, -0.16610871255397797, 0.25912874937057495, 0.6388389468193054, -0.7243874073028564, -0.04098030552268028, -0.7420578002929688, -0.66908198595047], "cam_t_m2c": [-25.012836456298828, -265.9998474121094, -163.94305419921875], "obj_id": 2}]
}