{
  "0": {"cam_K": [711.1112738715278, 0.0, 255.5, 0.0, 711.1112738715278, 255.5, 0.0, 0.0, 1.0], "cam_R_w2c": [-0.7889889478683472, -0.6144075989723206, 1.0789437965286197e-07, -0.372099369764328, 0.47782963514328003, -0.7957518100738525, 0.4889158606529236, -0.6278393268585205, -0.6056230664253235], "cam_t_w2c": [55.81117248535156, 287.1296691894531, 1004.2760620117188], "depth_scale": 1.0},
  "1": {"cam_K": [711.1112738715278, 0.0, 255.5, 0.0, 711.1112738715278, 255.5, 0.0, 0.0, 1.0], "cam_R_w2c": [-0.46634408831596375, 0.8846035003662109, -3.414979588001188e-08, 0.1894683986902237, 0.09988360852003098, -0.9767932295799255, -0.8640746474266052, -0.45552170276641846, -0.21418458223342896], "cam_t_w2c": [225.6973114013672, 153.85931396484375, 972.1080322265625], "depth_scale": 1.0}
}