{
  "0": {"cam_K": [711.1112738715278, 0.0, 255.5, 0.0, 711.1112738715278, 255.5, 0.0, 0.0, 1.0], "cam_R_w2c": [0.8139735460281372, 0.28736671805381775, 0.5048440098762512, 0.5568197965621948, -0.6336101293563843, -0.5371127724647522, 0.165525883436203, 0.7183027267456055, -0.6757534146308899], "cam_t_w2c": [-368.27777099609375, -150.29598999023438, 263.3758544921875], "depth_scale": 1.0},
  "1": {"cam_K": [711.1112738715278, 0.0, 255.5, 0.0, 711.1112738715278, 255.5, 0.0, 0.0, 1.0], "cam_R_w2c": [0.8139735460281372, 0.28736671805381775, 0.5048440098762512, 0.5568197965621948, -0.6336101293563843, -0.5371127724647522, 0.165525883436203, 0.7183027267456055, -0.6757534146308899], "cam_t_w2c": [-368.27777099609375, -150.29598999023438, 263.3758544921875], "depth_scale": 1.0}
}