{
  "0": {"cam_K": [711.1112738715278, 0.0, 255.5, 0.0, 711.1112738715278, 255.5, 0.0, 0.0, 1.0], "cam_R_w2c": [0.2559758424758911, 0.9666832685470581, 6.863432844284034e-08, 0.9261157512664795, -0.24523378908634186, -0.2866535186767578, -0.27710312604904175, 0.07337646186351776, -0.9580345153808594], "cam_t_w2c": [574.3362426757812, 197.98956298828125, 1134.9454345703125], "depth_scale": 1.0},
  "1": {"cam_K": [711.1112738715278, 0.0, 255.5, 0.0, 711.1112738715278, 255.5, 0.0, 0.0, 1.0], "cam_R_w2c": [-0.9783002138137817, -0.2071925848722458, 1.3582769042841392e-07, -0.0699957087635994, 0.33049771189689636, -0.9412077069282532, 0.1950112134218216, -0.9207836389541626, -0.3378286361694336], "cam_t_w2c": [-382.3642883300781, 367.0086975097656, 532.8379516601562], "depth_scale": 1.0}
}