{
  "0": {"cam_K": [711.1112738715278, 0.0, 255.5, 0.0, 711.1112738715278, 255.5, 0.0, 0.0, 1.0], "cam_R_w2c": [0.6050560474395752, 0.6177461743354797, 0.5022916197776794, 0.749667763710022, -0.229550302028656, -0.6207293272018433, -0.2681519687175751, 0.7521278858184814, -0.6019951701164246], "cam_t_w2c": [-73.29216766357422, 27.5398006439209, 959.6145629882812], "depth_scale": 1.0},
  "1": {"cam_K": [711.1112738715278, 0.0, 255.5, 0.0, 711.1112738715278, 255.5, 0.0, 0.0, 1.0], "cam_R_w2c": [0.6050560474395752, 0.6177461743354797, 0.5022916197776794, 0.749667763710022, -0.229550302028656, -0.6207293272018433, -0.2681519687175751, 0.7521278858184814, -0.6019951701164246], "cam_t_w2c": [-73.29216766357422, 27.5398006439209, 959.6145629882812], "depth_scale": 1.0},
  "2": {"cam_K": [711.1112738715278, 0.0, 255.5, 0.0, 711.1112738715278, 255.5, 0.0, 0.0, 1.0], "cam_R_w2c": [0.6050560474395752, 0.6177461743354797, 0.5022916197776794, 0.749667763710022, -0.229550302028656, -0.6207293272018433, -0.2681519687175751, 0.7521278858184814, -0.6019951701164246], "cam_t_w2c": [-73.29216766357422, 27.5398006439209, 959.6145629882812], "depth_scale": 1.0},
  "3": {"cam_K": [711.1112738715278, 0.0, 255.5, 0.0, 711.1112738715278, 255.5, 0.0, 0.0, 1.0], "cam_R_w2c": [0.6050560474395752, 0.6177461743354797, 0.5022916197776794, 0.749667763710022, -0.229550302028656, -0.6207293272018433, -0.2681519687175751, 0.7521278858184814, -0.6019951701164246], "cam_t_w2c": [-73.29216766357422, 27.5398006439209, 959.6145629882812], "depth_scale": 1.0},
  "4": {"cam_K": [711.1112738715278, 0.0, 255.5, 0.0, 711.1112738715278, 255.5, 0.0, 0.0, 1.0], "cam_R_w2c": [0.6050560474395752, 0.6177461743354797, 0.5022916197776794, 0.749667763710022, -0.229550302028656, -0.6207293272018433, -0.2681519687175751, 0.7521278858184814, -0.6019951701164246], "cam_t_w2c": [-73.29216766357422, 27.5398006439209, 959.6145629882812], "depth_scale": 1.0}
}