{
  "0": {"cam_K": [711.1112738715278, 0.0, 255.5, 0.0, 711.1112738715278, 255.5, 0.0, 0.0, 1.0], "cam_R_w2c": [-0.010789187625050545, 0.8691300749778748, -0.4944658875465393, 0.5874976515769958, -0.3946359157562256, -0.7064765095710754, -0.8091539740562439, -0.29811981320381165, -0.5063540935516357], "cam_t_w2c": [186.56748962402344, -61.245121002197266, 189.1496124267578], "depth_scale": 1.0}
}