{
  "0": {"cam_K": [711.1112738715278, 0.0, 255.5, 0.0, 711.1112738715278, 255.5, 0.0, 0.0, 1.0], "cam_R_w2c": [-0.46587178111076355, 0.8085135221481323, 0.3595404624938965, 0.3322191834449768, 0.5364242196083069, -0.7758089303970337, -0.820118248462677, -0.24198123812675476, -0.5185086131095886], "cam_t_w2c": [129.61685180664062, -33.27488708496094, 564.152099609375], "depth_scale": 1.0},
  "1": {"cam_K": [711.1112738715278, 0.0, 255.5, 0.0, 711.1112738715278, 255.5, 0.0, 0.0, 1.0], "cam_R_w2c": [-0.46587178111076355, 0.8085135221481323, 0.3595404624938965, 0.3322191834449768, 0.5364242196083069, -0.7758089303970337, -0.820118248462677, -0.24198123812675476, -0.5185086131095886], "cam_t_w2c": [129.61685180664062, -33.27488708496094, 564.152099609375], "depth_scale": 1.0},
  "2": {"cam_K": [711.1112738715278, 0.0, 255.5, 0.0, 711.1112738715278, 255.5, 0.0, 0.0, 1.0], "cam_R_w2c": [-0.46587178111076355, 0.8085135221481323, 0.3595404624938965, 0.3322191834449768, 0.5364242196083069, -0.7758089303970337, -0.820118248462677, -0.24198123812675476, -0.5185086131095886], "cam_t_w2c": [129.61685180664062, -33.27488708496094, 564.152099609375], "depth_scale": 1.0},
  "3": {"cam_K": [711.1112738715278, 0.0, 255.5, 0.0, 711.1112738715278, 255.5, 0.0, 0.0, 1.0], "cam_R_w2c": [-0.46587178111076355, 0.8085135221481323, 0.3595404624938965, 0.3322191834449768, 0.5364242196083069, -0.7758089303970337, -0.820118248462677, -0.24198123812675476, -0.5185086131095886], "cam_t_w2c": [129.61685180664062, -33.27488708496094, 564.152099609375], "depth_scale": 1.0},
  "4": {"cam_K": [711.1112738715278, 0.0, 255.5, 0.0, 711.1112738715278, 255.5, 0.0, 0.0, 1.0], "cam_R_w2c": [-0.46587178111076355, 0.8085135221481323, 0.3595404624938965, 0.3322191834449768, 0.5364242196083069, -0.7758089303970337, -0.820118248462677, -0.24198123812675476, -0.5185086131095886], "cam_t_w2c": [129.61685180664062, -33.27488708496094, 564.152099609375], "depth_scale": 1.0}
}