{
  "0": {"cam_K": [711.1112738715278, 0.0, 255.5, 0.0, 711.1112738715278, 255.5, 0.0, 0.0, 1.0], "cam_R_w2c": [0.9380800724029541, -0.2542060315608978, -0.23534023761749268, -0.3421194851398468, -0.5731378793716431, -0.7446255683898926, 0.054405901581048965, 0.7790328860282898, -0.6246180534362793], "cam_t_w2c": [6.686017990112305, -117.28445434570312, 1043.5887451171875], "depth_scale": 1.0},
  "1": {"cam_K": [711.1112738715278, 0.0, 255.5, 0.0, 711.1112738715278, 255.5, 0.0, 0.0, 1.0], "cam_R_w2c": [0.9380800724029541, -0.2542060315608978, -0.23534023761749268, -0.3421194851398468, -0.5731378793716431, -0.7446255683898926, 0.054405901581048965, 0.7790328860282898, -0.6246180534362793], "cam_t_w2c": [6.686017990112305, -117.28445434570312, 1043.5887451171875], "depth_scale": 1.0},
  "2": {"cam_K": [711.1112738715278, 0.0, 255.5, 0.0, 711.1112738715278, 255.5, 0.0, 0.0, 1.0], "cam_R_w2c": [0.9380800724029541, -0.2542060315608978, -0.23534023761749268, -0.3421194851398468, -0.5731378793716431, -0.7446255683898926, 0.054405901581048965, 0.7790328860282898, -0.6246180534362793], "cam_t_w2c": [6.686017990112305, -117.28445434570312, 1043.5887451171875], "depth_scale": 1.0}
}