{
  "0": {"cam_K": [711.1112738715278, 0.0, 255.5, 0.0, 711.1112738715278, 255.5, 0.0, 0.0, 1.0], "cam_R_w2c": [0.9931313991546631, 0.10639943927526474, -0.048674605786800385, -0.011080056428909302, -0.3286137878894806, -0.9443994164466858, -0.11647871136665344, 0.9384520649909973, -0.32517775893211365], "cam_t_w2c": [149.61151123046875, 138.54620361328125, 175.15843200683594], "depth_scale": 1.0},
  "1": {"cam_K": [711.1112738715278, 0.0, 255.5, 0.0, 711.1112738715278, 255.5, 0.0, 0.0, 1.0], "cam_R_w2c": [-0.6511251330375671, -0.753135621547699, -0.09392908960580826, -0.29474860429763794, 0.3649674952030182, -0.8831319212913513, 0.6993991732597351, -0.5473439693450928, -0.45962515473365784], "cam_t_w2c": [154.91622924804688, -141.4434356689453, 751.8355102539062], "depth_scale": 1.0},
  "2": {"cam_K": [711.1112738715278, 0.0, 255.5, 0.0, 711.1112738715278, 255.5, 0.0, 0.0, 1.0], "cam_R_w2c": [-0.6511251330375671, -0.753135621547699, -0.09392908960580826, -0.29474860429763794, 0.3649674952030182, -0.8831319212913513, 0.6993991732597351, -0.5473439693450928, -0.45962515473365784], "cam_t_w2c": [154.91622924804688, -141.4434356689453, 751.8355102539062], "depth_scale": 1.0},
  "3": {"cam_K": [711.1112738715278, 0.0, 255.5, 0.0, 711.1112738715278, 255.5, 0.0, 0.0, 1.0], "cam_R_w2c": [0.7417422533035278, 0.6645669937133789, 0.09038350731134415, 0.20365241169929504, -0.09477423131465912, -0.9744452834129333, -0.6390181183815002, 0.7411940693855286, -0.20563872158527374], "cam_t_w2c": [-115.34254455566406, 108.49088287353516, 113.92146301269531], "depth_scale": 1.0},
  "4": {"cam_K": [711.1112738715278, 0.0, 255.5, 0.0, 711.1112738715278, 255.5, 0.0, 0.0, 1.0], "cam_R_w2c": [0.7417422533035278, 0.6645669937133789, 0.09038350731134415, 0.20365241169929504, -0.09477423131465912, -0.9744452834129333, -0.6390181183815002, 0.7411940693855286, -0.20563872158527374], "cam_t_w2c": [-115.34254455566406, 108.49088287353516, 113.92146301269531], "depth_scale": 1.0},
  "5": {"cam_K": [711.1112738715278, 0.0, 255.5, 0.0, 711.1112738715278, 255.5, 0.0, 0.0, 1.0], "cam_R_w2c": [-0.99663245677948, -0.08108364045619965, 0.012219628319144249, -0.04696081206202507, 0.442233681678772, -0.8956696391105652, 0.06722021847963333, -0.893227219581604, -0.4445522427558899], "cam_t_w2c": [-121.12687683105469, -104.51897430419922, 869.6611328125], "depth_scale": 1.0},
  "6": {"cam_K": [711.1112738715278, 0.0, 255.5, 0.0, 711.1112738715278, 255.5, 0.0, 0.0, 1.0], "cam_R_w2c": [-0.99663245677948, -0.08108364045619965, 0.012219628319144249, -0.04696081206202507, 0.442233681678772, -0.8956696391105652, 0.06722021847963333, -0.893227219581604, -0.4445522427558899], "cam_t_w2c": [-121.12687683105469, -104.51897430419922, 869.6611328125], "depth_scale": 1.0},
  "7": {"cam_K": [711.1112738715278, 0.0, 255.5, 0.0, 711.1112738715278, 255.5, 0.0, 0.0, 1.0], "cam_R_w2c": [0.7186218500137329, 0.6925473213195801, -0.06293501704931259, 0.14986620843410492, -0.2426101118326187, -0.9584782123565674, -0.679060161113739, 0.6793515682220459, -0.27813437581062317], "cam_t_w2c": [-96.54911041259766, 161.11026000976562, 148.28395080566406], "depth_scale": 1.0}
}