{
  "0": {"cam_K": [711.1112738715278, 0.0, 255.5, 0.0, 711.1112738715278, 255.5, 0.0, 0.0, 1.0], "cam_R_w2c": [-0.15944421291351318, -0.985007107257843, -0.06586895138025284, -0.2499963641166687, 0.10483461618423462, -0.9625547528266907, 0.9550285935401917, -0.13700668513774872, -0.26296353340148926], "cam_t_w2c": [106.8255615234375, 303.6721496582031, 609.3264770507812], "depth_scale": 1.0},
  "1": {"cam_K": [711.1112738715278, 0.0, 255.5, 0.0, 711.1112738715278, 255.5, 0.0, 0.0, 1.0], "cam_R_w2c": [-0.15944421291351318, -0.985007107257843, -0.06586895138025284, -0.2499963641166687, 0.10483461618423462, -0.9625547528266907, 0.9550285935401917, -0.13700668513774872, -0.26296353340148926], "cam_t_w2c": [106.8255615234375, 303.6721496582031, 609.3264770507812], "depth_scale": 1.0},
  "2": {"cam_K": [711.1112738715278, 0.0, 255.5, 0.0, 711.1112738715278, 255.5, 0.0, 0.0, 1.0], "cam_R_w2c": [0.22839713096618652, -0.8876345753669739, -0.3999245762825012, -0.46812742948532104, 0.2600499093532562, -0.844529926776886, 0.8536342978477478, 0.3801038861274719, -0.3561314046382904], "cam_t_w2c": [226.62828063964844, 215.7555694580078, 581.8173217773438], "depth_scale": 1.0}
}