{
  "0": {"cam_K": [711.1112738715278, 0.0, 255.5, 0.0, 711.1112738715278, 255.5, 0.0, 0.0, 1.0], "cam_R_w2c": [-0.3809744119644165, -0.9245855808258057, -1.0868238575767464e-07, -0.2716134488582611, 0.1119181215763092, -0.9558768272399902, 0.8837898969650269, -0.3641645908355713, -0.2937678098678589], "cam_t_w2c": [88.53914642333984, -4287516.5, -1316475.5], "depth_scale": 1.0},
  "1": {"cam_K": [711.1112738715278, 0.0, 255.5, 0.0, 711.1112738715278, 255.5, 0.0, 0.0, 1.0], "cam_R_w2c": [0.3593156039714813, -0.9332160949707031, 1.9454617472547397e-07, -0.2137836515903473, -0.08231321722269058, -0.973406970500946, 0.9083990454673767, 0.3497602939605713, -0.22908277809619904], "cam_t_w2c": [192.66954040527344, -4366109.0, -1026687.75], "depth_scale": 1.0}
}