{
  "0": {"cam_K": [711.1112738715278, 0.0, 255.5, 0.0, 711.1112738715278, 255.5, 0.0, 0.0, 1.0], "cam_R_w2c": [0.4919334053993225, 0.8706328868865967, -4.88976397150509e-08, 0.7786884307861328, -0.43998220562934875, -0.4472808241844177, -0.3894173800945282, 0.22003236413002014, -0.8943936824798584], "cam_t_w2c": [-435.55859375, -2006209.125, -4011014.0], "depth_scale": 1.0},
  "1": {"cam_K": [711.1112738715278, 0.0, 255.5, 0.0, 711.1112738715278, 255.5, 0.0, 0.0, 1.0], "cam_R_w2c": [0.4284776449203491, -0.9035524129867554, -1.282045474226834e-07, -0.2456205189228058, -0.11647671461105347, -0.9623428583145142, 0.8695271611213684, 0.41234245896339417, -0.2718386948108673], "cam_t_w2c": [348.3871154785156, -4316594.0, -1218676.375], "depth_scale": 1.0}
}