{
  "0": {"cam_K": [711.1112738715278, 0.0, 255.5, 0.0, 711.1112738715278, 255.5, 0.0, 0.0, 1.0], "cam_R_w2c": [-0.5223965048789978, 0.852702796459198, -2.2309946245968604e-07, 0.21803781390190125, 0.13357751071453094, -0.966755747795105, -0.8243552446365356, -0.5050297379493713, -0.2557019293308258], "cam_t_w2c": [173.43258666992188, 6.808815002441406, 1092.65380859375], "depth_scale": 1.0},
  "1": {"cam_K": [711.1112738715278, 0.0, 255.5, 0.0, 711.1112738715278, 255.5, 0.0, 0.0, 1.0], "cam_R_w2c": [0.920224130153656, 0.3913918435573578, 4.849136558959799e-08, 0.3538784384727478, -0.8320241570472717, -0.42720702290534973, -0.1672053039073944, 0.3931262195110321, -0.9041538238525391], "cam_t_w2c": [-193.39553833007812, -110.35916137695312, 814.2479248046875], "depth_scale": 1.0}
}