{
  "0": [{"cam_R_m2c": [0.3203480839729309, 0.9451843500137329, -0.06327327340841293, -0.8175848126411438, 0.24212855100631714, -0.5224258303642273, -0.47846850752830505, 0.2190893590450287, 0.8503338694572449], "cam_t_m2c": [134.25119018554688, -86.9328384399414, 1166.47412109375], "obj_id": 3}, {"cam_R_m2c": [0.8100418448448181, 0.1559210866689682, -0.565261721611023, -0.1280088573694229, -0.8937244415283203, -0.42996546626091003, -0.5722289085388184, 0.4206485152244568, -0.703994870185852], "cam_t_m2c": [1449.4190673828125, 29094.755859375, 4999.974609375], "obj_id": 0}],
  "1": [{"cam_R_m2c": [0.07314258813858032, 0.6270225644111633, 0.7755595445632935, 0.19625531136989594, 0.7533884048461914, -0.6276063323020935, -0.9778209328651428, 0.1981123834848404, -0.06795172393321991], "cam_t_m2c": [272.3932189941406, -23.56183624267578, 782.001708984375], "obj_id": 3}, {"cam_R_m2c": [0.06342974305152893, 0.6887573599815369, -0.7222117185592651, 0.8798015713691711, -0.3801926076412201, -0.28531116247177124, -0.4710898697376251, -0.6173058748245239, -0.630085289478302], "cam_t_m2c": [-5199.5205078125, 9483.5888671875, 28124.912109375], "obj_id": 0}]
}