{
  "0": {"cam_K": [711.1112738715278, 0.0, 255.5, 0.0, 711.1112738715278, 255.5, 0.0, 0.0, 1.0], "cam_R_w2c": [0.28954511880874634, 0.9571644067764282, 5.461836138920262e-08, 0.36388882994651794, -0.11007747054100037, -0.9249151349067688, -0.8852957487106323, 0.26780471205711365, -0.38017383217811584], "cam_t_w2c": [1462.7286376953125, -4119756.25, -1700244.0], "depth_scale": 1.0},
  "1": {"cam_K": [711.1112738715278, 0.0, 255.5, 0.0, 711.1112738715278, 255.5, 0.0, 0.0, 1.0], "cam_R_w2c": [-0.6242508292198181, 0.7812240123748779, -2.564979411090462e-07, 0.772651731967926, 0.6174008846282959, -0.14773434400558472, -0.11541345715522766, -0.09222348779439926, -0.9890271425247192], "cam_t_w2c": [-5128.5732421875, -653230.4375, -4408273.5], "depth_scale": 1.0}
}