{
  "0": {"cam_K": [711.1112738715278, 0.0, 255.5, 0.0, 711.1112738715278, 255.5, 0.0, 0.0, 1.0], "cam_R_w2c": [-0.9015865325927734, -0.06974266469478607, 0.42694008350372314, -0.42993539571762085, 0.25380679965019226, -0.8664512038230896, -0.04793168976902962, -0.9647373557090759, -0.25881367921829224], "cam_t_w2c": [-144.48081970214844, -83.80445098876953, 395.5235595703125], "depth_scale": 1.0}
}