{
  "0": {"cam_K": [711.1112738715278, 0.0, 255.5, 0.0, 711.1112738715278, 255.5, 0.0, 0.0, 1.0], "cam_R_w2c": [-0.24502886831760406, 0.8509912490844727, -0.4645155966281891, 0.4201684892177582, -0.3385809063911438, -0.8419153094291687, -0.873738706111908, -0.4014683663845062, -0.2745976150035858], "cam_t_w2c": [-116.85541534423828, 191.80441284179688, 701.80322265625], "depth_scale": 1.0},
  "1": {"cam_K": [711.1112738715278, 0.0, 255.5, 0.0, 711.1112738715278, 255.5, 0.0, 0.0, 1.0], "cam_R_w2c": [-0.24502886831760406, 0.8509912490844727, -0.4645155966281891, 0.4201684892177582, -0.3385809063911438, -0.8419153094291687, -0.873738706111908, -0.4014683663845062, -0.2745976150035858], "cam_t_w2c": [-116.85541534423828, 191.80441284179688, 701.80322265625], "depth_scale": 1.0},
  "2": {"cam_K": [711.1112738715278, 0.0, 255.5, 0.0, 711.1112738715278, 255.5, 0.0, 0.0, 1.0], "cam_R_w2c": [0.40134939551353455, 0.7614607810974121, 0.5090149641036987, 0.6357993483543396, 0.16841468214988708, -0.7532567977905273, -0.6593011021614075, 0.6259505748748779, -0.4165431559085846], "cam_t_w2c": [-274.8882141113281, 341.3913879394531, 45.941001892089844], "depth_scale": 1.0}
}