{
  "0": {"cam_K": [2346.1825408935547, 0.0, 956.150695733726, 0.0, 2351.0241982895623, 613.6550906152873, 0.0, 0.0, 1.0], "cam_R_w2c": [-0.017131084576249123, 0.9998533129692078, -8.170886900416008e-08, 0.6788719296455383, 0.01163136214017868, -0.7341646552085876, -0.7340569496154785, -0.012577050365507603, -0.6789715886116028], "cam_t_w2c": [78.91535186767578, 38.67141342163086, 854.7246704101562], "depth_scale": 1.0},
  "1": {"cam_K": [2346.1825408935547, 0.0, 956.150695733726, 0.0, 2351.0241982895623, 613.6550906152873, 0.0, 0.0, 1.0], "cam_R_w2c": [0.41173115372657776, 0.9113053679466248, -4.942698339505114e-08, 0.5115596055984497, -0.2311246544122696, -0.8275797963142395, -0.7541779279708862, 0.3407404124736786, -0.5613482594490051], "cam_t_w2c": [82.2674560546875, 16.874818801879883, 818.6986694335938], "depth_scale": 1.0}
}