{
  "0": {"cam_K": [711.1112738715278, 0.0, 255.5, 0.0, 711.1112738715278, 255.5, 0.0, 0.0, 1.0], "cam_R_w2c": [0.6189718842506409, 0.7854131460189819, 2.0652126409004268e-07, 0.7837749719619751, -0.6176810264587402, -0.06455351412296295, -0.05070104822516441, 0.03995697572827339, -0.9979143738746643], "cam_t_w2c": [-959.3236083984375, -281740.25, -4462760.0], "depth_scale": 1.0},
  "1": {"cam_K": [711.1112738715278, 0.0, 255.5, 0.0, 711.1112738715278, 255.5, 0.0, 0.0, 1.0], "cam_R_w2c": [-0.9476794600486755, 0.3192235827445984, 1.3379844787664297e-08, 0.10563910007476807, 0.3136109411716461, -0.9436570405960083, -0.3012375831604004, -0.8942843675613403, -0.3309251666069031], "cam_t_w2c": [-6268.11328125, -4221687.5, -1476027.25], "depth_scale": 1.0}
}