{
  "0": {"cam_K": [711.1112738715278, 0.0, 255.5, 0.0, 711.1112738715278, 255.5, 0.0, 0.0, 1.0], "cam_R_w2c": [0.17385566234588623, 0.984771192073822, -7.428943860077197e-08, 0.644938051700592, -0.11386027187108994, -0.7557055950164795, -0.7441970109939575, 0.13138370215892792, -0.6549116969108582], "cam_t_w2c": [-175.03515625, -3389807.5, -2936247.5], "depth_scale": 1.0},
  "1": {"cam_K": [711.1112738715278, 0.0, 255.5, 0.0, 711.1112738715278, 255.5, 0.0, 0.0, 1.0], "cam_R_w2c": [0.9948427081108093, -0.10142972320318222, 1.1239065678125826e-08, -0.08387552946805954, -0.8226678967475891, -0.5623011589050293, 0.05703405663371086, 0.5594012141227722, -0.8269326090812683], "cam_t_w2c": [-290.88348388671875, -2522006.5, -3708184.5], "depth_scale": 1.0}
}