{
  "0": {"cam_K": [711.1112738715278, 0.0, 255.5, 0.0, 711.1112738715278, 255.5, 0.0, 0.0, 1.0], "cam_R_w2c": [0.6091741919517517, -0.7361741065979004, 0.29488059878349304, -0.509878396987915, -0.6483770608901978, -0.5653595924377441, 0.6073968410491943, 0.19404925405979156, -0.7703338265419006], "cam_t_w2c": [-113.08113861083984, -87.1864013671875, 218.47817993164062], "depth_scale": 1.0},
  "1": {"cam_K": [711.1112738715278, 0.0, 255.5, 0.0, 711.1112738715278, 255.5, 0.0, 0.0, 1.0], "cam_R_w2c": [0.7460834383964539, -0.5063660740852356, 0.4323804974555969, -0.10557776689529419, -0.7311128973960876, -0.6740381121635437, 0.6574289798736572, 0.45723891258239746, -0.5989322662353516], "cam_t_w2c": [-83.73429870605469, -92.09280395507812, 266.4862976074219], "depth_scale": 1.0}
}