{
  "0": {"cam_K": [711.1112738715278, 0.0, 255.5, 0.0, 711.1112738715278, 255.5, 0.0, 0.0, 1.0], "cam_R_w2c": [0.43875986337661743, 0.8697896599769592, -0.22573375701904297, 0.7152253985404968, -0.4901004731655121, -0.49825116991996765, -0.5440059304237366, 0.05716211721301079, -0.8371320962905884], "cam_t_w2c": [160.61358642578125, -89.6092300415039, 221.09999084472656], "depth_scale": 1.0}
}