{
  "0": {"cam_K": [711.1112738715278, 0.0, 255.5, 0.0, 711.1112738715278, 255.5, 0.0, 0.0, 1.0], "cam_R_w2c": [-0.257479727268219, -0.9662836790084839, 1.2787113234935532e-07, -0.8681712746620178, 0.2313362956047058, -0.43904685974121094, 0.4242437779903412, -0.11304578930139542, -0.8984641432762146], "cam_t_w2c": [2077.552001953125, -1967860.125, -4018734.5], "depth_scale": 1.0},
  "1": {"cam_K": [711.1112738715278, 0.0, 255.5, 0.0, 711.1112738715278, 255.5, 0.0, 0.0, 1.0], "cam_R_w2c": [-0.9654827117919922, -0.26046767830848694, 4.8447549971797343e-08, -0.25295448303222656, 0.937633216381073, -0.23844924569129944, 0.062108270823955536, -0.23021860420703888, -0.9711551070213318], "cam_t_w2c": [-1753.0379638671875, -1070497.375, -4344869.0], "depth_scale": 1.0}
}