{
  "0": {"cam_K": [711.1112738715278, 0.0, 255.5, 0.0, 711.1112738715278, 255.5, 0.0, 0.0, 1.0], "cam_R_w2c": [-0.6048535108566284, -0.7481629252433777, 0.27277183532714844, -0.6333996653556824, 0.24438391625881195, -0.7342216372489929, 0.4826563596725464, -0.616870105266571, -0.6217026710510254], "cam_t_w2c": [-163.2526397705078, 66.53990173339844, 130.39010620117188], "depth_scale": 1.0}
}