{
  "0": {"cam_K": [711.1112738715278, 0.0, 255.5, 0.0, 711.1112738715278, 255.5, 0.0, 0.0, 1.0], "cam_R_w2c": [0.9995238780975342, -0.030855702236294746, 3.864116582263932e-09, -0.011085466481745243, -0.35909703373908997, -0.9332343935966492, 0.028795603662729263, 0.9327899813652039, -0.35926809906959534], "cam_t_w2c": [-10680.013671875, -4168663.5, -1594343.5], "depth_scale": 1.0},
  "1": {"cam_K": [711.1112738715278, 0.0, 255.5, 0.0, 711.1112738715278, 255.5, 0.0, 0.0, 1.0], "cam_R_w2c": [0.7536939978599548, -0.657225489616394, 9.602331374480855e-08, -0.5932517647743225, -0.6803301572799683, -0.43035247921943665, 0.2828386723995209, 0.32435402274131775, -0.9026609659194946], "cam_t_w2c": [-14032.8798828125, -1921083.5, -4027936.5], "depth_scale": 1.0}
}