{
  "0": {"cam_K": [711.1112738715278, 0.0, 255.5, 0.0, 711.1112738715278, 255.5, 0.0, 0.0, 1.0], "cam_R_w2c": [-0.12923216819763184, -0.9305381774902344, -0.3426336646080017, -0.7146629691123962, 0.3269379138946533, -0.6183595061302185, 0.6874270439147949, 0.16495566070079803, -0.7072720527648926], "cam_t_w2c": [39.870643615722656, 32.01425552368164, 201.405517578125], "depth_scale": 1.0}
}