{
  "0": {"cam_K": [711.1112738715278, 0.0, 255.5, 0.0, 711.1112738715278, 255.5, 0.0, 0.0, 1.0], "cam_R_w2c": [0.9130125641822815, -0.2619936764240265, 0.3126777708530426, 0.1729690432548523, -0.44554635882377625, -0.8783906698226929, 0.36944520473480225, 0.8560653328895569, -0.36147263646125793], "cam_t_w2c": [197.32142639160156, -21.77409553527832, 430.38507080078125], "depth_scale": 1.0},
  "1": {"cam_K": [711.1112738715278, 0.0, 255.5, 0.0, 711.1112738715278, 255.5, 0.0, 0.0, 1.0], "cam_R_w2c": [0.9130125641822815, -0.2619936764240265, 0.3126777708530426, 0.1729690432548523, -0.44554635882377625, -0.8783906698226929, 0.36944520473480225, 0.8560653328895569, -0.36147263646125793], "cam_t_w2c": [197.32142639160156, -21.77409553527832, 430.38507080078125], "depth_scale": 1.0},
  "2": {"cam_K": [711.1112738715278, 0.0, 255.5, 0.0, 711.1112738715278, 255.5, 0.0, 0.0, 1.0], "cam_R_w2c": [0.9130125641822815, -0.2619936764240265, 0.3126777708530426, 0.1729690432548523, -0.44554635882377625, -0.8783906698226929, 0.36944520473480225, 0.8560653328895569, -0.36147263646125793], "cam_t_w2c": [197.32142639160156, -21.77409553527832, 430.38507080078125], "depth_scale": 1.0}
}