{
  "0": {"cam_K": [711.1112738715278, 0.0, 255.5, 0.0, 711.1112738715278, 255.5, 0.0, 0.0, 1.0], "cam_R_w2c": [-0.6620116233825684, -0.7494936585426331, 8.469335455174587e-08, -0.24120450019836426, 0.21305061876773834, -0.9467998147010803, 0.7096203565597534, -0.6267924308776855, -0.32182323932647705], "cam_t_w2c": [-5055.9130859375, -4177381.25, -1426844.125], "depth_scale": 1.0},
  "1": {"cam_K": [711.1112738715278, 0.0, 255.5, 0.0, 711.1112738715278, 255.5, 0.0, 0.0, 1.0], "cam_R_w2c": [-0.3139018416404724, 0.9494554400444031, 1.5477060344437632e-07, 0.9474546909332275, 0.3132404088973999, -0.0648844763636589, -0.06160496547818184, -0.0203672107309103, -0.9978927969932556], "cam_t_w2c": [9109.517578125, -285904.875, -4404358.5], "depth_scale": 1.0}
}