{
  "0": {"cam_K": [711.1112738715278, 0.0, 255.5, 0.0, 711.1112738715278, 255.5, 0.0, 0.0, 1.0], "cam_R_w2c": [0.4880588948726654, 0.8728107213973999, 8.44018188672635e-09, 0.4588005244731903, -0.25655239820480347, -0.8506955504417419, -0.7424961924552917, 0.41518956422805786, -0.5256587266921997], "cam_t_w2c": [1408.0428466796875, -3810882.25, -2354820.5], "depth_scale": 1.0},
  "1": {"cam_K": [711.1112738715278, 0.0, 255.5, 0.0, 711.1112738715278, 255.5, 0.0, 0.0, 1.0], "cam_R_w2c": [-0.17389532923698425, -0.9847641587257385, 5.0430251974376006e-08, -0.21449102461338043, 0.03787599503993988, -0.9759913086891174, 0.9611212611198425, -0.16972032189369202, -0.2178095430135727], "cam_t_w2c": [-1021.7843017578125, -4373030.0, -973543.1875], "depth_scale": 1.0}
}