{
  "0": {"cam_K": [711.1112738715278, 0.0, 255.5, 0.0, 711.1112738715278, 255.5, 0.0, 0.0, 1.0], "cam_R_w2c": [-0.7415423393249512, 0.6294447183609009, -0.2321951687335968, 0.34710121154785156, 0.06376248598098755, -0.9356576800346375, -0.5741393566131592, -0.7744248509407043, -0.2657637596130371], "cam_t_w2c": [-88.38670349121094, 179.89715576171875, 314.7140197753906], "depth_scale": 1.0},
  "1": {"cam_K": [711.1112738715278, 0.0, 255.5, 0.0, 711.1112738715278, 255.5, 0.0, 0.0, 1.0], "cam_R_w2c": [-0.8749696016311646, -0.46319571137428284, 0.14098912477493286, -0.19010606408119202, 0.06084933504462242, -0.9798760414123535, 0.4452953040599823, -0.8841646313667297, -0.14129765331745148], "cam_t_w2c": [-315.5094909667969, 61.422969818115234, 427.81829833984375], "depth_scale": 1.0},
  "2": {"cam_K": [711.1112738715278, 0.0, 255.5, 0.0, 711.1112738715278, 255.5, 0.0, 0.0, 1.0], "cam_R_w2c": [-0.8749696016311646, -0.46319571137428284, 0.14098912477493286, -0.19010606408119202, 0.06084933504462242, -0.9798760414123535, 0.4452953040599823, -0.8841646313667297, -0.14129765331745148], "cam_t_w2c": [-315.5094909667969, 61.422969818115234, 427.81829833984375], "depth_scale": 1.0},
  "3": {"cam_K": [711.1112738715278, 0.0, 255.5, 0.0, 711.1112738715278, 255.5, 0.0, 0.0, 1.0], "cam_R_w2c": [-0.9713956713676453, -0.13579891622066498, -0.19480548799037933, 0.07781732827425003, 0.5930123329162598, -0.8014242649078369, 0.2243546098470688, -0.7936592698097229, -0.5654820799827576], "cam_t_w2c": [-242.37588500976562, 209.87916564941406, 605.97119140625], "depth_scale": 1.0},
  "4": {"cam_K": [711.1112738715278, 0.0, 255.5, 0.0, 711.1112738715278, 255.5, 0.0, 0.0, 1.0], "cam_R_w2c": [-0.9713956713676453, -0.13579891622066498, -0.19480548799037933, 0.07781732827425003, 0.5930123329162598, -0.8014242649078369, 0.2243546098470688, -0.7936592698097229, -0.5654820799827576], "cam_t_w2c": [-242.37588500976562, 209.87916564941406, 605.97119140625], "depth_scale": 1.0},
  "5": {"cam_K": [711.1112738715278, 0.0, 255.5, 0.0, 711.1112738715278, 255.5, 0.0, 0.0, 1.0], "cam_R_w2c": [-0.9976649284362793, 0.03411092981696129, 0.05916968733072281, -0.030825601890683174, 0.5481938123703003, -0.835783064365387, -0.0609457902610302, -0.8356554508209229, -0.5458622574806213], "cam_t_w2c": [-276.2327880859375, 171.2420654296875, 427.6769714355469], "depth_scale": 1.0},
  "6": {"cam_K": [711.1112738715278, 0.0, 255.5, 0.0, 711.1112738715278, 255.5, 0.0, 0.0, 1.0], "cam_R_w2c": [-0.9976649284362793, 0.03411092981696129, 0.05916968733072281, -0.030825601890683174, 0.5481938123703003, -0.835783064365387, -0.0609457902610302, -0.8356554508209229, -0.5458622574806213], "cam_t_w2c": [-276.2327880859375, 171.2420654296875, 427.6769714355469], "depth_scale": 1.0},
  "7": {"cam_K": [711.1112738715278, 0.0, 255.5, 0.0, 711.1112738715278, 255.5, 0.0, 0.0, 1.0], "cam_R_w2c": [-0.8784590363502502, 0.47416940331459045, -0.05893451347947121, 0.2690891921520233, 0.3890155255794525, -0.8810550570487976, -0.39484289288520813, -0.7898293137550354, -0.4693281054496765], "cam_t_w2c": [-146.88047790527344, 241.996826171875, 397.4598693847656], "depth_scale": 1.0},
  "8": {"cam_K": [711.1112738715278, 0.0, 255.5, 0.0, 711.1112738715278, 255.5, 0.0, 0.0, 1.0], "cam_R_w2c": [-0.8784590363502502, 0.47416940331459045, -0.05893451347947121, 0.2690891921520233, 0.3890155255794525, -0.8810550570487976, -0.39484289288520813, -0.7898293137550354, -0.4693281054496765], "cam_t_w2c": [-146.88047790527344, 241.996826171875, 397.4598693847656], "depth_scale": 1.0},
  "9": {"cam_K": [711.1112738715278, 0.0, 255.5, 0.0, 711.1112738715278, 255.5, 0.0, 0.0, 1.0], "cam_R_w2c": [-0.6502782702445984, -0.7412651181221008, -0.16632595658302307, -0.46086403727531433, 0.5589654445648193, -0.689319908618927, 0.6039392948150635, -0.3715960681438446, -0.7051055431365967], "cam_t_w2c": [-236.638427734375, 75.1983871459961, 656.2739868164062], "depth_scale": 1.0}
}