{
  "0": {"cam_K": [711.1112738715278, 0.0, 255.5, 0.0, 711.1112738715278, 255.5, 0.0, 0.0, 1.0], "cam_R_w2c": [0.7157073020935059, -0.6946349143981934, 0.07242529839277267, -0.3821132779121399, -0.47627463936805725, -0.7919292449951172, 0.5845960378646851, 0.5391148924827576, -0.6063024401664734], "cam_t_w2c": [-92.61178588867188, 23.198137283325195, 383.4944152832031], "depth_scale": 1.0}
}