{
  "0": {"cam_K": [711.1112738715278, 0.0, 255.5, 0.0, 711.1112738715278, 255.5, 0.0, 0.0, 1.0], "cam_R_w2c": [0.8487237095832825, -0.5288364887237549, 2.0485370555434201e-07, -0.5272476077079773, -0.846173882484436, -0.07745854556560516, 0.040963079780340195, 0.06574080139398575, -0.9969956278800964], "cam_t_w2c": [-495.4402160644531, -347240.1875, -4471267.5], "depth_scale": 1.0},
  "1": {"cam_K": [711.1112738715278, 0.0, 255.5, 0.0, 711.1112738715278, 255.5, 0.0, 0.0, 1.0], "cam_R_w2c": [0.10185141861438751, -0.9947996139526367, -1.3576297419604089e-07, -0.9704602360725403, -0.09935944527387619, -0.2198515683412552, 0.21870823204517365, 0.022392326965928078, -0.9755333662033081], "cam_t_w2c": [-145.51031494140625, -985642.6875, -4375129.0], "depth_scale": 1.0}
}