{
  "0": {"cam_K": [711.1112738715278, 0.0, 255.5, 0.0, 711.1112738715278, 255.5, 0.0, 0.0, 1.0], "cam_R_w2c": [0.6320024728775024, -0.7749664187431335, 1.1181852954678106e-07, -0.5531966090202332, -0.45114436745643616, -0.7003158926963806, 0.5427213311195374, 0.4426012933254242, -0.7138331532478333], "cam_t_w2c": [-11969.2783203125, -3125326.25, -3185011.0], "depth_scale": 1.0},
  "1": {"cam_K": [711.1112738715278, 0.0, 255.5, 0.0, 711.1112738715278, 255.5, 0.0, 0.0, 1.0], "cam_R_w2c": [-0.8290315866470337, 0.559201717376709, -1.3675028753823426e-07, 0.20976315438747406, 0.31097930669784546, -0.926979660987854, -0.5183686017990112, -0.768495500087738, -0.37511157989501953], "cam_t_w2c": [11521.708984375, -4135854.5, -1676128.875], "depth_scale": 1.0}
}