{
  "0": {"cam_K": [711.1112738715278, 0.0, 255.5, 0.0, 711.1112738715278, 255.5, 0.0, 0.0, 1.0], "cam_R_w2c": [0.1409909874200821, -0.9900109171867371, 1.31705760963996e-07, -0.4165782034397125, -0.05932655930519104, -0.907162070274353, 0.8981003165245056, 0.12790164351463318, -0.4207814931869507], "cam_t_w2c": [-74.30743408203125, -4069444.5, -1887024.875], "depth_scale": 1.0},
  "1": {"cam_K": [711.1112738715278, 0.0, 255.5, 0.0, 711.1112738715278, 255.5, 0.0, 0.0, 1.0], "cam_R_w2c": [-0.9305309653282166, 0.36621326208114624, -3.267649262284067e-08, 0.3655376136302948, 0.9288141131401062, -0.06071725860238075, -0.022235436365008354, -0.05649930238723755, -0.9981549978256226], "cam_t_w2c": [290.5843811035156, -272459.4375, -4476984.5], "depth_scale": 1.0}
}