{
  "0": {"cam_K": [711.1112738715278, 0.0, 255.5, 0.0, 711.1112738715278, 255.5, 0.0, 0.0, 1.0], "cam_R_w2c": [0.8332505226135254, -0.5517649054527283, 0.035341061651706696, -0.1824759691953659, -0.3347795009613037, -0.9244593977928162, 0.5219157338142395, 0.7638574242591858, -0.37963902950286865], "cam_t_w2c": [112.51917266845703, 10.74186897277832, 206.57542419433594], "depth_scale": 1.0},
  "1": {"cam_K": [711.1112738715278, 0.0, 255.5, 0.0, 711.1112738715278, 255.5, 0.0, 0.0, 1.0], "cam_R_w2c": [0.41993793845176697, -0.8193332552909851, 0.3903142511844635, -0.3610152304172516, -0.545391321182251, -0.7564499378204346, 0.8326585292816162, 0.17675265669822693, -0.5248222947120667], "cam_t_w2c": [65.35305786132812, -5.372419357299805, 266.42462158203125], "depth_scale": 1.0}
}