{
  "0": {"cam_K": [711.1112738715278, 0.0, 255.5, 0.0, 711.1112738715278, 255.5, 0.0, 0.0, 1.0], "cam_R_w2c": [-0.8945251107215881, -0.28871777653694153, 0.3412726819515228, -0.43927738070487976, 0.42628973722457886, -0.7907670140266418, 0.08282743394374847, -0.8572742342948914, -0.5081540942192078], "cam_t_w2c": [-68.27497863769531, 99.77349090576172, 53.114776611328125], "depth_scale": 1.0}
}