{
  "0": {"cam_K": [711.1112738715278, 0.0, 255.5, 0.0, 711.1112738715278, 255.5, 0.0, 0.0, 1.0], "cam_R_w2c": [-0.014440227299928665, -0.9332892298698425, 0.3588351607322693, -0.6016753315925598, -0.27851879596710205, -0.7486081123352051, 0.7986102104187012, -0.22671233117580414, -0.5575152635574341], "cam_t_w2c": [-618.6651611328125, -2.8871896266937256, 47.94474792480469], "depth_scale": 1.0},
  "1": {"cam_K": [711.1112738715278, 0.0, 255.5, 0.0, 711.1112738715278, 255.5, 0.0, 0.0, 1.0], "cam_R_w2c": [0.9008973836898804, 0.41963329911231995, 0.11086831241846085, 0.31503376364707947, -0.4564969837665558, -0.8320842981338501, -0.2985592186450958, 0.7845498323440552, -0.5434556007385254], "cam_t_w2c": [-323.0501708984375, -485.229736328125, 1099.681884765625], "depth_scale": 1.0},
  "2": {"cam_K": [711.1112738715278, 0.0, 255.5, 0.0, 711.1112738715278, 255.5, 0.0, 0.0, 1.0], "cam_R_w2c": [0.9008973836898804, 0.41963329911231995, 0.11086831241846085, 0.31503376364707947, -0.4564969837665558, -0.8320842981338501, -0.2985592186450958, 0.7845498323440552, -0.5434556007385254], "cam_t_w2c": [-323.0501708984375, -485.229736328125, 1099.681884765625], "depth_scale": 1.0},
  "3": {"cam_K": [711.1112738715278, 0.0, 255.5, 0.0, 711.1112738715278, 255.5, 0.0, 0.0, 1.0], "cam_R_w2c": [0.0931425541639328, -0.992634654045105, 0.07746608555316925, -0.6337413191795349, -0.11911452561616898, -0.7643191814422607, 0.7679170370101929, 0.022097233682870865, -0.6401682496070862], "cam_t_w2c": [-413.2278137207031, 429.12078857421875, -73.99696350097656], "depth_scale": 1.0},
  "4": {"cam_K": [711.1112738715278, 0.0, 255.5, 0.0, 711.1112738715278, 255.5, 0.0, 0.0, 1.0], "cam_R_w2c": [0.0931425541639328, -0.992634654045105, 0.07746608555316925, -0.6337413191795349, -0.11911452561616898, -0.7643191814422607, 0.7679170370101929, 0.022097233682870865, -0.6401682496070862], "cam_t_w2c": [-413.2278137207031, 429.12078857421875, -73.99696350097656], "depth_scale": 1.0},
  "5": {"cam_K": [711.1112738715278, 0.0, 255.5, 0.0, 711.1112738715278, 255.5, 0.0, 0.0, 1.0], "cam_R_w2c": [-0.9523992538452148, -0.15327320992946625, -0.26351994276046753, 0.17982903122901917, 0.4155389964580536, -0.8916214108467102, 0.2461644858121872, -0.896568238735199, -0.36819595098495483], "cam_t_w2c": [75.61767578125, 20.737018585205078, 768.4552612304688], "depth_scale": 1.0}
}