{
  "0": {"cam_K": [711.1112738715278, 0.0, 255.5, 0.0, 711.1112738715278, 255.5, 0.0, 0.0, 1.0], "cam_R_w2c": [-0.909760594367981, -0.4151334762573242, -2.2841440738829988e-08, -0.24661388993263245, 0.54045170545578, -0.8044212460517883, 0.3339422047138214, -0.7318307161331177, -0.5940593481063843], "cam_t_w2c": [1210.1807861328125, -3606365.25, -2664799.25], "depth_scale": 1.0},
  "1": {"cam_K": [711.1112738715278, 0.0, 255.5, 0.0, 711.1112738715278, 255.5, 0.0, 0.0, 1.0], "cam_R_w2c": [-0.708267092704773, -0.7059446573257446, 1.8038015525689843e-07, -0.4086305797100067, 0.4099746644496918, -0.8154396414756775, 0.5756551623344421, -0.5775490999221802, -0.5788421630859375], "cam_t_w2c": [501.61773681640625, -3655626.5, -2596509.0], "depth_scale": 1.0}
}