{
  "0": {"cam_K": [711.1112738715278, 0.0, 255.5, 0.0, 711.1112738715278, 255.5, 0.0, 0.0, 1.0], "cam_R_w2c": [-0.05193302035331726, -0.9986505508422852, 2.2303733970829853e-08, -0.9852617979049683, 0.051236774772405624, -0.1631992906332016, 0.16297905147075653, -0.008475455455482006, -0.9865931272506714], "cam_t_w2c": [81.2136001586914, -731917.9375, -4424615.5], "depth_scale": 1.0},
  "1": {"cam_K": [711.1112738715278, 0.0, 255.5, 0.0, 711.1112738715278, 255.5, 0.0, 0.0, 1.0], "cam_R_w2c": [0.4711158871650696, 0.882071316242218, -9.171476023084324e-08, 0.8767152428627014, -0.4682551622390747, -0.1100333034992218, -0.0970572680234909, 0.051838357001543045, -0.9939278364181519], "cam_t_w2c": [-133.29234313964844, -493663.28125, -4457693.5], "depth_scale": 1.0}
}