{
  "0": [{"cam_R_m2c": [0.46431583166122437, 0.637674868106842, 0.614639401435852, 0.644070565700531, -0.7194676995277405, 0.2598830461502075, 0.6079341173171997, 0.2752033472061157, -0.7447678446769714], "cam_t_m2c": [294.81439208984375, 113.04253387451172, 594.8419799804688], "obj_id": 2}, {"cam_R_m2c": [-0.7427753210067749, 0.3390866816043854, -0.5773256421089172, -0.6407032012939453, -0.6103088855743408, 0.46585655212402344, -0.1943812519311905, 0.7159212231636047, 0.6705763936042786], "cam_t_m2c": [-12285.7431640625, 30264.15625, 2586.82861328125], "obj_id": 0}],
  "1": [{"cam_R_m2c": [0.4038851261138916, 0.29327431321144104, -0.8665257692337036, 0.8585279583930969, -0.4486277401447296, 0.24831995368003845, -0.3159216642379761, -0.8442293405532837, -0.43297824263572693], "cam_t_m2c": [-344.7317810058594, 122.72003173828125, 740.9697875976562], "obj_id": 2}, {"cam_R_m2c": [0.041345033794641495, 0.7494533658027649, 0.660764753818512, -0.8408993482589722, -0.33106479048728943, 0.4281170070171356, 0.5396097898483276, -0.573337197303772, 0.6165271401405334], "cam_t_m2c": [-1729.502197265625, 25562.052734375, 21290.025390625], "obj_id": 0}]
}