{
  "0": {"cam_K": [711.1112738715278, 0.0, 255.5, 0.0, 711.1112738715278, 255.5, 0.0, 0.0, 1.0], "cam_R_w2c": [-0.6075382828712463, -0.7942904233932495, 2.48378398737259e-07, -0.14162801206111908, 0.10832835733890533, -0.9839748740196228, 0.7815617918968201, -0.5978024005889893, -0.1783074289560318], "cam_t_w2c": [-810.5040893554688, -4348815.0, -792210.6875], "depth_scale": 1.0},
  "1": {"cam_K": [711.1112738715278, 0.0, 255.5, 0.0, 711.1112738715278, 255.5, 0.0, 0.0, 1.0], "cam_R_w2c": [0.8803317546844482, -0.47435852885246277, 1.3159089462533302e-07, -0.1273900866508484, -0.23641544580459595, -0.963265061378479, 0.45693299174308777, 0.8479927778244019, -0.26855260133743286], "cam_t_w2c": [-4764.87939453125, -4258576.5, -1184661.875], "depth_scale": 1.0}
}