{
  "0": {"cam_K": [2346.1825408935547, 0.0, 956.150695733726, 0.0, 2351.0241982895623, 613.6550906152873, 0.0, 0.0, 1.0], "cam_R_w2c": [-0.9287317395210266, 0.3707526624202728, 6.940530283827684e-08, 0.21763895452022552, 0.5451834797859192, -0.8095729351043701, -0.3001513183116913, -0.7518759965896606, -0.5870195031166077], "cam_t_w2c": [-105.40996551513672, 44.532073974609375, 978.2056274414062], "depth_scale": 1.0},
  "1": {"cam_K": [2346.1825408935547, 0.0, 956.150695733726, 0.0, 2351.0241982895623, 613.6550906152873, 0.0, 0.0, 1.0], "cam_R_w2c": [-0.30054640769958496, -0.9537672400474548, -1.8465297557668237e-07, -0.5414353013038635, 0.17061452567577362, -0.8232487440109253, 0.7851877212524414, -0.24742433428764343, -0.567680835723877], "cam_t_w2c": [-16.713314056396484, -28.932044982910156, 935.0773315429688], "depth_scale": 1.0}
}