{
  "0": {"cam_K": [711.1112738715278, 0.0, 255.5, 0.0, 711.1112738715278, 255.5, 0.0, 0.0, 1.0], "cam_R_w2c": [-0.9855522513389587, -0.16937102377414703, -3.720906249782274e-08, -0.16625051200389862, 0.9673944115638733, -0.1910727471113205, 0.03236222639679909, -0.18831220269203186, -0.9815757870674133], "cam_t_w2c": [14041.427734375, -840839.375, -4373010.5], "depth_scale": 1.0},
  "1": {"cam_K": [711.1112738715278, 0.0, 255.5, 0.0, 711.1112738715278, 255.5, 0.0, 0.0, 1.0], "cam_R_w2c": [0.08715980499982834, 0.9961943626403809, -1.0165070563061818e-08, 0.24312672019004822, -0.0212718453258276, -0.9697612524032593, -0.9660707116127014, 0.08452420681715012, -0.24405552446842194], "cam_t_w2c": [6466.83544921875, -4323249.0, -1070486.875], "depth_scale": 1.0}
}