{
  "0": [{"cam_R_m2c": [0.7086566090583801, -0.5767189264297485, -0.4064493477344513, 0.004420754965394735, 0.5796897411346436, -0.8148252964019775, 0.7055397033691406, 0.5756345391273499, 0.41335049271583557], "cam_t_m2c": [14077.6640625, 16430.177734375, 29866.517578125], "obj_id": 0}, {"cam_R_m2c": [-0.3774542510509491, 0.8025043606758118, -0.4620770812034607, 0.2588353157043457, -0.3876701593399048, -0.8847125768661499, -0.8891190886497498, -0.45354029536247253, -0.06138882786035538], "cam_t_m2c": [-126.83821105957031, -444.48138427734375, 809.4299926757812], "obj_id": 0}],
  "1": [{"cam_R_m2c": [-0.30661287903785706, 0.5907400250434875, -0.7463343143463135, 0.5132753252983093, 0.7629438638687134, 0.3930205702781677, 0.8015841245651245, -0.2625698149204254, -0.5371406674385071], "cam_t_m2c": [6656.3212890625, 26651.578125, 24323.173828125], "obj_id": 0}, {"cam_R_m2c": [0.5060890913009644, -0.4885217547416687, -0.7107884883880615, -0.7356488108634949, -0.6746936440467834, -0.060075897723436356, -0.4502161741256714, 0.5532944798469543, -0.7008355259895325], "cam_t_m2c": [-375.6189880371094, -97.82642364501953, 535.2028198242188], "obj_id": 0}]
}