{
  "0": {"cam_K": [2346.1825408935547, 0.0, 956.150695733726, 0.0, 2351.0241982895623, 613.6550906152873, 0.0, 0.0, 1.0], "cam_R_w2c": [0.6754712462425232, 0.7373863458633423, -8.43141734208075e-09, 0.08466151356697083, -0.07755288481712341, -0.9933871626853943, -0.7325100898742676, 0.6710044145584106, -0.11481299251317978], "cam_t_w2c": [-5074.57568359375, -278.491943359375, 3650.7578125], "depth_scale": 1.0}
}