{
  "0": [{"cam_R_m2c": [0.31240832805633545, 0.5261159539222717, 0.7909506559371948, 0.9446699023246765, -0.25971001386642456, -0.20037290453910828, 0.09999847412109375, 0.8097854852676392, -0.5781415104866028], "cam_t_m2c": [0.0007167458534240723, -1.4901161193847656e-05, 805.6944580078125], "obj_id": 1}]
}