{
  "0": [{"cam_R_m2c": [-0.24983936548233032, 0.9035263061523438, 0.3481673300266266, 0.17590056359767914, 0.39593809843063354, -0.9012724161148071, -0.9521760940551758, -0.1639305055141449, -0.2578516900539398], "cam_t_m2c": [-330.3522644042969, -117.84561920166016, 1504.4136962890625], "obj_id": 0}, {"cam_R_m2c": [0.4095798134803772, -0.0258196908980608, -0.9119088053703308, 0.1884312629699707, 0.980438232421875, 0.05687304213643074, 0.8926017880439758, -0.19512619078159332, 0.40643295645713806], "cam_t_m2c": [-372.6243896484375, 58.478816986083984, 1130.262451171875], "obj_id": 2}],
  "1": [{"cam_R_m2c": [0.3442161977291107, 0.9224638342857361, 0.17485879361629486, 0.2072666883468628, 0.10698643326759338, -0.9724167585372925, -0.9157268404960632, 0.370963990688324, -0.1543695479631424], "cam_t_m2c": [-598.8433227539062, 5.1665568351745605, 1207.9521484375], "obj_id": 0}, {"cam_R_m2c": [-0.08615867048501968, 0.3443314731121063, -0.9348863363265991, 0.0917057991027832, 0.9371329545974731, 0.33670735359191895, 0.9920517206192017, -0.05672423541545868, -0.11231932044029236], "cam_t_m2c": [-389.70123291015625, 172.53140258789062, 889.9940795898438], "obj_id": 2}]
}