{
  "0": {"cam_K": [711.1112738715278, 0.0, 255.5, 0.0, 711.1112738715278, 255.5, 0.0, 0.0, 1.0], "cam_R_w2c": [0.8563351035118103, -0.5164206027984619, 7.457313699887891e-08, -0.23526287078857422, -0.39011603593826294, -0.8902027606964111, 0.4597190320491791, 0.7623118758201599, -0.4555646479129791], "cam_t_w2c": [-301.4764404296875, -3993051.75, -2042075.5], "depth_scale": 1.0},
  "1": {"cam_K": [711.1112738715278, 0.0, 255.5, 0.0, 711.1112738715278, 255.5, 0.0, 0.0, 1.0], "cam_R_w2c": [0.3882031738758087, -0.9215738773345947, -7.903291532329604e-08, -0.45974135398864746, -0.19366119801998138, -0.8666795492172241, 0.7987091541290283, 0.3364478349685669, -0.49886554479599], "cam_t_w2c": [-481.1060791015625, -3887432.25, -2236553.0], "depth_scale": 1.0}
}