{
  "0": {"cam_K": [711.1112738715278, 0.0, 255.5, 0.0, 711.1112738715278, 255.5, 0.0, 0.0, 1.0], "cam_R_w2c": [0.7932955026626587, -0.6088367700576782, -7.811708613303381e-09, -0.5477534532546997, -0.7137057185173035, -0.43656620383262634, 0.26579755544662476, 0.34632599353790283, -0.8996720314025879], "cam_t_w2c": [-350.25921630859375, -1958526.125, -4034854.5], "depth_scale": 1.0},
  "1": {"cam_K": [711.1112738715278, 0.0, 255.5, 0.0, 711.1112738715278, 255.5, 0.0, 0.0, 1.0], "cam_R_w2c": [0.9856002330780029, 0.16909217834472656, 2.7670528979228948e-08, 0.06887075304985046, -0.4014318883419037, -0.9132957458496094, -0.15443114936351776, 0.9001445174217224, -0.4072968661785126], "cam_t_w2c": [-74.65711212158203, -4096982.0, -1825805.375], "depth_scale": 1.0}
}