{
  "0": {"cam_K": [711.1112738715278, 0.0, 255.5, 0.0, 711.1112738715278, 255.5, 0.0, 0.0, 1.0], "cam_R_w2c": [0.30487319827079773, -0.934368371963501, 0.1844128668308258, -0.40236973762512207, -0.3018675744533539, -0.8642768859863281, 0.8632212281227112, 0.18929268419742584, -0.4679928719997406], "cam_t_w2c": [202.4150848388672, -14.471578598022461, 496.9324951171875], "depth_scale": 1.0},
  "1": {"cam_K": [711.1112738715278, 0.0, 255.5, 0.0, 711.1112738715278, 255.5, 0.0, 0.0, 1.0], "cam_R_w2c": [0.30487319827079773, -0.934368371963501, 0.1844128668308258, -0.40236973762512207, -0.3018675744533539, -0.8642768859863281, 0.8632212281227112, 0.18929268419742584, -0.4679928719997406], "cam_t_w2c": [202.4150848388672, -14.471578598022461, 496.9324951171875], "depth_scale": 1.0},
  "2": {"cam_K": [711.1112738715278, 0.0, 255.5, 0.0, 711.1112738715278, 255.5, 0.0, 0.0, 1.0], "cam_R_w2c": [0.30487319827079773, -0.934368371963501, 0.1844128668308258, -0.40236973762512207, -0.3018675744533539, -0.8642768859863281, 0.8632212281227112, 0.18929268419742584, -0.4679928719997406], "cam_t_w2c": [202.4150848388672, -14.471578598022461, 496.9324951171875], "depth_scale": 1.0}
}