{
  "0": {"cam_K": [711.1112738715278, 0.0, 255.5, 0.0, 711.1112738715278, 255.5, 0.0, 0.0, 1.0], "cam_R_w2c": [-0.6291249394416809, -0.7171444296836853, 0.2998426854610443, -0.5444529056549072, 0.1312444806098938, -0.8284599781036377, 0.5547727942466736, -0.6844550371170044, -0.4730205535888672], "cam_t_w2c": [-232.60903930664062, 55.992549896240234, 480.1658020019531], "depth_scale": 1.0},
  "1": {"cam_K": [711.1112738715278, 0.0, 255.5, 0.0, 711.1112738715278, 255.5, 0.0, 0.0, 1.0], "cam_R_w2c": [-0.6291249394416809, -0.7171444296836853, 0.2998426854610443, -0.5444529056549072, 0.1312444806098938, -0.8284599781036377, 0.5547727942466736, -0.6844550371170044, -0.4730205535888672], "cam_t_w2c": [-232.60903930664062, 55.992549896240234, 480.1658020019531], "depth_scale": 1.0},
  "2": {"cam_K": [711.1112738715278, 0.0, 255.5, 0.0, 711.1112738715278, 255.5, 0.0, 0.0, 1.0], "cam_R_w2c": [-0.6291249394416809, -0.7171444296836853, 0.2998426854610443, -0.5444529056549072, 0.1312444806098938, -0.8284599781036377, 0.5547727942466736, -0.6844550371170044, -0.4730205535888672], "cam_t_w2c": [-232.60903930664062, 55.992549896240234, 480.1658020019531], "depth_scale": 1.0},
  "3": {"cam_K": [711.1112738715278, 0.0, 255.5, 0.0, 711.1112738715278, 255.5, 0.0, 0.0, 1.0], "cam_R_w2c": [-0.6291249394416809, -0.7171444296836853, 0.2998426854610443, -0.5444529056549072, 0.1312444806098938, -0.8284599781036377, 0.5547727942466736, -0.6844550371170044, -0.4730205535888672], "cam_t_w2c": [-232.60903930664062, 55.992549896240234, 480.1658020019531], "depth_scale": 1.0},
  "4": {"cam_K": [711.1112738715278, 0.0, 255.5, 0.0, 711.1112738715278, 255.5, 0.0, 0.0, 1.0], "cam_R_w2c": [-0.6291249394416809, -0.7171444296836853, 0.2998426854610443, -0.5444529056549072, 0.1312444806098938, -0.8284599781036377, 0.5547727942466736, -0.6844550371170044, -0.4730205535888672], "cam_t_w2c": [-232.60903930664062, 55.992549896240234, 480.1658020019531], "depth_scale": 1.0}
}