{
  "0": {"cam_K": [711.1112738715278, 0.0, 255.5, 0.0, 711.1112738715278, 255.5, 0.0, 0.0, 1.0], "cam_R_w2c": [-0.4132471978664398, -0.9106188416481018, 1.3632176276701102e-08, -0.8997704982757568, 0.40832412242889404, -0.15389752388000488, 0.14014199376106262, -0.06359773874282837, -0.9880868196487427], "cam_t_w2c": [-505.00177001953125, -690280.4375, -4430944.5], "depth_scale": 1.0},
  "1": {"cam_K": [711.1112738715278, 0.0, 255.5, 0.0, 711.1112738715278, 255.5, 0.0, 0.0, 1.0], "cam_R_w2c": [-0.8568227291107178, -0.5156111717224121, 6.71899229587325e-08, -0.19065307080745697, 0.31681978702545166, -0.9291267991065979, 0.4790681302547455, -0.7960969805717468, -0.36976125836372375], "cam_t_w2c": [-414.4775695800781, -4167340.25, -1658064.375], "depth_scale": 1.0}
}