{
  "0": {"cam_K": [2346.1825408935547, 0.0, 956.150695733726, 0.0, 2351.0241982895623, 613.6550906152873, 0.0, 0.0, 1.0], "cam_R_w2c": [-0.38448387384414673, 0.9231318235397339, -1.226464974024566e-07, 0.4036618769168854, 0.1681247055530548, -0.8993282318115234, -0.8301984667778015, -0.34577715396881104, -0.43727442622184753], "cam_t_w2c": [-153.06483459472656, 422.5013732910156, 3215.816650390625], "depth_scale": 1.0}
}