{
  "0": {"cam_K": [711.1112738715278, 0.0, 255.5, 0.0, 711.1112738715278, 255.5, 0.0, 0.0, 1.0], "cam_R_w2c": [-0.37319880723953247, 0.9277515411376953, 1.2173877905752306e-07, 0.19083473086357117, 0.07676548510789871, -0.9786160588264465, -0.9079124927520752, -0.3652181625366211, -0.20569612085819244], "cam_t_w2c": [-20680.404296875, -4355090.5, -909886.25], "depth_scale": 1.0},
  "1": {"cam_K": [711.1112738715278, 0.0, 255.5, 0.0, 711.1112738715278, 255.5, 0.0, 0.0, 1.0], "cam_R_w2c": [0.7455205917358398, 0.6664825677871704, -4.011488954347442e-07, 0.661049485206604, -0.739443302154541, -0.12742562592029572, -0.0849272608757019, 0.09499816596508026, -0.9918481707572937], "cam_t_w2c": [-11164.2822265625, -549150.25, -4414613.5], "depth_scale": 1.0}
}