{
  "0": [{"cam_R_m2c": [-0.6836495399475098, -0.18735738098621368, 0.7053513526916504, -0.41315528750419617, 0.8960575461387634, -0.1624302864074707, -0.6016029119491577, -0.40246501564979553, -0.6899970173835754], "cam_t_m2c": [269.4653625488281, -58.34889221191406, 702.5888061523438], "obj_id": 2}, {"cam_R_m2c": [-0.09412208944559097, -0.9386486411094666, -0.33178240060806274, 0.9955582022666931, -0.08946819603443146, -0.029310841113328934, -0.002171417698264122, -0.33306753635406494, 0.9429004788398743], "cam_t_m2c": [-20872.916015625, 34581.67578125, 12651.0859375], "obj_id": 0}],
  "1": [{"cam_R_m2c": [0.24121268093585968, 0.47998782992362976, 0.8434619903564453, 0.7402973175048828, 0.4709780514240265, -0.4797286093235016, -0.627515971660614, 0.740129292011261, -0.2417278289794922], "cam_t_m2c": [379.4462585449219, -163.8963165283203, 632.6419067382812], "obj_id": 2}, {"cam_R_m2c": [0.1625625342130661, -0.03002830408513546, -0.9862412810325623, 0.2816757261753082, 0.9593551158905029, 0.017219040542840958, 0.9456385374069214, -0.2805993854999542, 0.1644134521484375], "cam_t_m2c": [-11106.5498046875, 22648.052734375, 34357.6640625], "obj_id": 0}]
}