{
  "0": {"cam_K": [711.1112738715278, 0.0, 255.5, 0.0, 711.1112738715278, 255.5, 0.0, 0.0, 1.0], "cam_R_w2c": [0.21305905282497406, -0.8393325209617615, 0.5001267194747925, -0.10133189707994461, -0.5281019806861877, -0.8431133031845093, 0.9717703461647034, 0.12895411252975464, -0.19756801426410675], "cam_t_w2c": [-58.52870559692383, 9.311758041381836, 9.716031074523926], "depth_scale": 1.0},
  "1": {"cam_K": [711.1112738715278, 0.0, 255.5, 0.0, 711.1112738715278, 255.5, 0.0, 0.0, 1.0], "cam_R_w2c": [0.14389954507350922, -0.9895917773246765, 0.001083772862330079, -0.19029583036899567, -0.02874629944562912, -0.9813059568405151, 0.9711233377456665, 0.1410033106803894, -0.1924518197774887], "cam_t_w2c": [-44.64773178100586, 36.87818908691406, 10.03071117401123], "depth_scale": 1.0}
}