{
  "0": {"cam_K": [711.1112738715278, 0.0, 255.5, 0.0, 711.1112738715278, 255.5, 0.0, 0.0, 1.0], "cam_R_w2c": [0.997326135635376, 0.07307956367731094, -1.4943313253468204e-10, 0.05885114148259163, -0.8031489849090576, -0.5928643345832825, -0.04332626610994339, 0.5912790894508362, -0.8053023219108582], "cam_t_w2c": [220.5650634765625, 147.86520385742188, 1251.300048828125], "depth_scale": 1.0},
  "1": {"cam_K": [711.1112738715278, 0.0, 255.5, 0.0, 711.1112738715278, 255.5, 0.0, 0.0, 1.0], "cam_R_w2c": [-0.8794084191322327, -0.47606801986694336, 2.028552756883073e-07, -0.22410354018211365, 0.41397103667259216, -0.8822729587554932, 0.4200218617916107, -0.775878369808197, -0.47073814272880554], "cam_t_w2c": [-190.3316650390625, 134.6409149169922, 1155.52099609375], "depth_scale": 1.0}
}