{
  "0": {"cam_K": [2346.1825408935547, 0.0, 956.150695733726, 0.0, 2351.0241982895623, 613.6550906152873, 0.0, 0.0, 1.0], "cam_R_w2c": [0.8259109854698181, -0.5638005137443542, 2.845941082796344e-08, -0.3217538893222809, -0.47133708000183105, -0.8211672902107239, 0.46297457814216614, 0.6782110929489136, -0.570687472820282], "cam_t_w2c": [94.0299072265625, 3.3831026554107666, 835.9411010742188], "depth_scale": 1.0},
  "1": {"cam_K": [2346.1825408935547, 0.0, 956.150695733726, 0.0, 2351.0241982895623, 613.6550906152873, 0.0, 0.0, 1.0], "cam_R_w2c": [0.46256694197654724, -0.8865844011306763, -1.0907184844199946e-07, -0.4178747236728668, -0.21802210807800293, -0.8819564580917358, 0.7819287776947021, 0.40796396136283875, -0.47133103013038635], "cam_t_w2c": [64.33196258544922, -6.839856147766113, 1023.8681030273438], "depth_scale": 1.0}
}