{
  "0": {"cam_K": [2346.1825408935547, 0.0, 956.150695733726, 0.0, 2351.0241982895623, 613.6550906152873, 0.0, 0.0, 1.0], "cam_R_w2c": [-0.7102090120315552, 0.7039909362792969, 1.6583837236794352e-07, 0.30035531520843506, 0.30300840735435486, -0.904418408870697, -0.6367023587226868, -0.6423259973526001, -0.42664676904678345], "cam_t_w2c": [36.44209671020508, 79.35271453857422, 982.8327026367188], "depth_scale": 1.0}
}