{
  "0": {"cam_K": [711.1112738715278, 0.0, 255.5, 0.0, 711.1112738715278, 255.5, 0.0, 0.0, 1.0], "cam_R_w2c": [-0.5898786783218384, -0.7915791273117065, -0.15951748192310333, -0.47029387950897217, 0.49736714363098145, -0.7290059328079224, 0.6564046144485474, -0.3550048768520355, -0.665661096572876], "cam_t_w2c": [-138.60263061523438, 105.27352142333984, 183.17689514160156], "depth_scale": 1.0}
}