{
  "0": {"cam_K": [711.1112738715278, 0.0, 255.5, 0.0, 711.1112738715278, 255.5, 0.0, 0.0, 1.0], "cam_R_w2c": [-0.5453553199768066, -0.8382049798965454, 2.1685060858089855e-07, -0.8172345757484436, 0.5317113995552063, -0.22228501737117767, 0.18632028996944427, -0.12122448533773422, -0.9749817848205566], "cam_t_w2c": [96.77891540527344, -997052.375, -4372672.5], "depth_scale": 1.0},
  "1": {"cam_K": [711.1112738715278, 0.0, 255.5, 0.0, 711.1112738715278, 255.5, 0.0, 0.0, 1.0], "cam_R_w2c": [0.9945442080497742, 0.10431592911481857, -2.8183816169757847e-08, 0.09305381774902344, -0.8871718049049377, -0.4519593119621277, -0.04714658111333847, 0.44949352741241455, -0.8920385837554932], "cam_t_w2c": [-110.13623046875, -2027345.625, -4000441.25], "depth_scale": 1.0}
}