{
  "0": {"cam_K": [711.1112738715278, 0.0, 255.5, 0.0, 711.1112738715278, 255.5, 0.0, 0.0, 1.0], "cam_R_w2c": [-0.544569730758667, 0.8387154936790466, -2.04594385877499e-08, 0.18668237328529358, 0.12121105194091797, -0.9749141335487366, -0.8176755905151367, -0.5309087634086609, -0.22258123755455017], "cam_t_w2c": [-9310.3896484375, -4289628.0, -996295.1875], "depth_scale": 1.0},
  "1": {"cam_K": [711.1112738715278, 0.0, 255.5, 0.0, 711.1112738715278, 255.5, 0.0, 0.0, 1.0], "cam_R_w2c": [-0.6879420280456543, -0.7257657647132874, 3.173938978306978e-08, -0.6918253898620605, 0.6557704210281372, -0.30222973227500916, 0.21934795379638672, -0.2079165279865265, -0.9532352089881897], "cam_t_w2c": [-14816.666015625, -1343548.0, -4193139.25], "depth_scale": 1.0}
}