{
  "0": {"cam_K": [711.1112738715278, 0.0, 255.5, 0.0, 711.1112738715278, 255.5, 0.0, 0.0, 1.0], "cam_R_w2c": [-0.12412179261445999, 0.9922670125961304, 1.2374786706459417e-07, 0.9312820434570312, 0.11649319529533386, -0.3451712727546692, -0.34250208735466003, -0.04284314438700676, -0.9385398030281067], "cam_t_w2c": [-17389.5234375, -1550515.625, -4167010.75], "depth_scale": 1.0},
  "1": {"cam_K": [711.1112738715278, 0.0, 255.5, 0.0, 711.1112738715278, 255.5, 0.0, 0.0, 1.0], "cam_R_w2c": [-0.9999986886978149, -0.0015441491268575191, 1.946803074304171e-08, -0.001241960097104311, 0.8042922019958496, -0.5942326784133911, 0.0009175682789646089, -0.5942319631576538, -0.8042930960655212], "cam_t_w2c": [14333.4306640625, -2658014.75, -3564179.0], "depth_scale": 1.0}
}