{
  "0": {"cam_K": [711.1112738715278, 0.0, 255.5, 0.0, 711.1112738715278, 255.5, 0.0, 0.0, 1.0], "cam_R_w2c": [0.9749533534049988, -0.15699051320552826, 0.15754340589046478, 0.07756797224283218, -0.4238601326942444, -0.9024000763893127, 0.20844459533691406, 0.8920182585716248, -0.4010664224624634], "cam_t_w2c": [-84.13562774658203, -12.48871898651123, 815.8025512695312], "depth_scale": 1.0},
  "1": {"cam_K": [711.1112738715278, 0.0, 255.5, 0.0, 711.1112738715278, 255.5, 0.0, 0.0, 1.0], "cam_R_w2c": [0.9749533534049988, -0.15699051320552826, 0.15754340589046478, 0.07756797224283218, -0.4238601326942444, -0.9024000763893127, 0.20844459533691406, 0.8920182585716248, -0.4010664224624634], "cam_t_w2c": [-84.13562774658203, -12.48871898651123, 815.8025512695312], "depth_scale": 1.0},
  "2": {"cam_K": [711.1112738715278, 0.0, 255.5, 0.0, 711.1112738715278, 255.5, 0.0, 0.0, 1.0], "cam_R_w2c": [0.09517267346382141, -0.9927684664726257, -0.07316412031650543, -0.20909252762794495, 0.05192152038216591, -0.9765165448188782, 0.9732535481452942, 0.10823577642440796, -0.20263898372650146], "cam_t_w2c": [-37.437103271484375, 35.41596603393555, 684.8853759765625], "depth_scale": 1.0},
  "3": {"cam_K": [711.1112738715278, 0.0, 255.5, 0.0, 711.1112738715278, 255.5, 0.0, 0.0, 1.0], "cam_R_w2c": [0.09517267346382141, -0.9927684664726257, -0.07316412031650543, -0.20909252762794495, 0.05192152038216591, -0.9765165448188782, 0.9732535481452942, 0.10823577642440796, -0.20263898372650146], "cam_t_w2c": [-37.437103271484375, 35.41596603393555, 684.8853759765625], "depth_scale": 1.0},
  "4": {"cam_K": [711.1112738715278, 0.0, 255.5, 0.0, 711.1112738715278, 255.5, 0.0, 0.0, 1.0], "cam_R_w2c": [0.852522611618042, -0.5016908645629883, -0.14666783809661865, -0.4200250208377838, -0.49053719639778137, -0.7635131478309631, 0.3111015558242798, 0.7125164270401001, -0.6289167404174805], "cam_t_w2c": [-86.48646545410156, 29.966474533081055, 922.8794555664062], "depth_scale": 1.0}
}