{
  "0": {"cam_K": [711.1112738715278, 0.0, 255.5, 0.0, 711.1112738715278, 255.5, 0.0, 0.0, 1.0], "cam_R_w2c": [-0.7950141429901123, -0.6065909266471863, 7.710685423489849e-10, -0.19262641668319702, 0.2524612545967102, -0.9482396245002747, 0.5751935839653015, -0.7538638710975647, -0.3175557255744934], "cam_t_w2c": [-1094.065185546875, -4195510.5, -1412937.375], "depth_scale": 1.0},
  "1": {"cam_K": [711.1112738715278, 0.0, 255.5, 0.0, 711.1112738715278, 255.5, 0.0, 0.0, 1.0], "cam_R_w2c": [-0.06943468004465103, 0.9975864887237549, 9.177362869650096e-08, 0.7991708517074585, 0.05562453344464302, -0.5985246896743774, -0.5970801711082458, -0.04155832156538963, -0.8011042475700378], "cam_t_w2c": [7461.2294921875, -2652719.75, -3543651.0], "depth_scale": 1.0}
}