{
  "0": [{"cam_R_m2c": [0.49924466013908386, -0.6081854701042175, 0.6171427369117737, 0.8484107255935669, 0.48775485157966614, -0.20565597712993622, -0.17593738436698914, 0.6262632012367249, 0.7595001459121704], "cam_t_m2c": [217.9548797607422, -43.06322479248047, 1168.7977294921875], "obj_id": 0}, {"cam_R_m2c": [-0.6895677447319031, -0.7163727283477783, -0.10633134841918945, -0.7022117972373962, 0.6972867846488953, -0.14383898675441742, 0.1771857887506485, -0.024519605562090874, -0.9838718771934509], "cam_t_m2c": [2232.760009765625, 46163.9375, 15232.431640625], "obj_id": 2}],
  "1": [{"cam_R_m2c": [0.08981335908174515, -0.032167404890060425, -0.9954389929771423, -0.07815781235694885, 0.996168315410614, -0.03924274817109108, 0.9928871393203735, 0.08132585138082504, 0.08695509284734726], "cam_t_m2c": [-457.7370300292969, 86.61103057861328, 950.2074584960938], "obj_id": 0}, {"cam_R_m2c": [0.052637454122304916, 0.5983097553253174, 0.7995339632034302, 0.26878201961517334, 0.7626093029975891, -0.5883734226226807, -0.9617615938186646, 0.24587081372737885, -0.12067309767007828], "cam_t_m2c": [-448.52227783203125, 27046.6875, 41075.8984375], "obj_id": 2}]
}