{
  "0": {"cam_K": [711.1112738715278, 0.0, 255.5, 0.0, 711.1112738715278, 255.5, 0.0, 0.0, 1.0], "cam_R_w2c": [0.8169512152671814, 0.5733335614204407, -0.06228461116552353, 0.3887908458709717, -0.6272997260093689, -0.6747865080833435, -0.4259488582611084, 0.5270519256591797, -0.7353801131248474], "cam_t_w2c": [129.640625, -215.32846069335938, 561.397216796875], "depth_scale": 1.0}
}