{
  "0": {"cam_K": [2346.1825408935547, 0.0, 956.150695733726, 0.0, 2351.0241982895623, 613.6550906152873, 0.0, 0.0, 1.0], "cam_R_w2c": [0.2176981419324875, -0.9760161638259888, -6.353083392696135e-08, -0.8647785186767578, -0.19288690388202667, -0.4636300802230835, 0.45251044631004333, 0.10093148052692413, -0.8860289454460144], "cam_t_w2c": [-189.7493133544922, 127.32158660888672, 247.9578094482422], "depth_scale": 1.0},
  "1": {"cam_K": [2346.1825408935547, 0.0, 956.150695733726, 0.0, 2351.0241982895623, 613.6550906152873, 0.0, 0.0, 1.0], "cam_R_w2c": [-0.9921425580978394, 0.12511226534843445, -1.5883395931837185e-08, 0.07941216230392456, 0.6297398209571838, -0.7727363109588623, -0.09667877852916718, -0.7666646242141724, -0.6347271203994751], "cam_t_w2c": [-54.748863220214844, 7.3798508644104, 276.204345703125], "depth_scale": 1.0}
}