{
  "0": {"cam_K": [711.1112738715278, 0.0, 255.5, 0.0, 711.1112738715278, 255.5, 0.0, 0.0, 1.0], "cam_R_w2c": [-0.9968476891517639, -0.0793386772274971, -1.2577073960073903e-07, -0.014641855843365192, 0.18396860361099243, -0.9828230738639832, 0.07797590643167496, -0.9797248840332031, -0.18455031514167786], "cam_t_w2c": [-4228.6484375, -4346739.5, -832678.625], "depth_scale": 1.0},
  "1": {"cam_K": [711.1112738715278, 0.0, 255.5, 0.0, 711.1112738715278, 255.5, 0.0, 0.0, 1.0], "cam_R_w2c": [0.39163705706596375, 0.9201197624206543, 8.631413095372409e-08, 0.6285932660102844, -0.2675524950027466, -0.73026442527771, -0.671930730342865, 0.285998672246933, -0.6831645965576172], "cam_t_w2c": [17167.728515625, -3234972.75, -3019516.75], "depth_scale": 1.0}
}