{
  "0": {"cam_K": [711.1112738715278, 0.0, 255.5, 0.0, 711.1112738715278, 255.5, 0.0, 0.0, 1.0], "cam_R_w2c": [-0.9887202382087708, 0.14977478981018066, -3.9657688688521375e-08, 0.04442666843533516, 0.29327699542045593, -0.9549947381019592, -0.14303411543369293, -0.9442225098609924, -0.2966229319572449], "cam_t_w2c": [-256.1307067871094, -4283777.0, -1330111.875], "depth_scale": 1.0},
  "1": {"cam_K": [711.1112738715278, 0.0, 255.5, 0.0, 711.1112738715278, 255.5, 0.0, 0.0, 1.0], "cam_R_w2c": [0.00829955842345953, -0.9999655485153198, -8.73203589435434e-08, -0.2718732953071594, -0.002256434876471758, -0.9623304009437561, 0.962297260761261, 0.007986951619386673, -0.27188265323638916], "cam_t_w2c": [-337.1132507324219, -4316882.0, -1218270.125], "depth_scale": 1.0}
}