{
  "0": {"cam_K": [711.1112738715278, 0.0, 255.5, 0.0, 711.1112738715278, 255.5, 0.0, 0.0, 1.0], "cam_R_w2c": [-0.2104044109582901, 0.9597353339195251, -0.18611358106136322, 0.33061081171035767, -0.10930515825748444, -0.9374161958694458, -0.920014500617981, -0.2587675452232361, -0.29430070519447327], "cam_t_w2c": [-222.19686889648438, 57.111061096191406, 425.47052001953125], "depth_scale": 1.0},
  "1": {"cam_K": [711.1112738715278, 0.0, 255.5, 0.0, 711.1112738715278, 255.5, 0.0, 0.0, 1.0], "cam_R_w2c": [0.7747271656990051, -0.6144092679023743, 0.14932867884635925, -0.30687689781188965, -0.5718567371368408, -0.760793149471283, 0.5528330206871033, 0.5435816049575806, -0.6315809488296509], "cam_t_w2c": [245.99693298339844, 49.46757125854492, 542.7227783203125], "depth_scale": 1.0},
  "2": {"cam_K": [711.1112738715278, 0.0, 255.5, 0.0, 711.1112738715278, 255.5, 0.0, 0.0, 1.0], "cam_R_w2c": [0.7747271656990051, -0.6144092679023743, 0.14932867884635925, -0.30687689781188965, -0.5718567371368408, -0.760793149471283, 0.5528330206871033, 0.5435816049575806, -0.6315809488296509], "cam_t_w2c": [245.99693298339844, 49.46757125854492, 542.7227783203125], "depth_scale": 1.0},
  "3": {"cam_K": [711.1112738715278, 0.0, 255.5, 0.0, 711.1112738715278, 255.5, 0.0, 0.0, 1.0], "cam_R_w2c": [0.026842225342988968, -0.9982788562774658, 0.05214182659983635, -0.16872434318065643, -0.05593665689229965, -0.9840747714042664, 0.985297679901123, 0.017617153003811836, -0.169935405254364], "cam_t_w2c": [199.71824645996094, -35.08786392211914, 603.7898559570312], "depth_scale": 1.0},
  "4": {"cam_K": [711.1112738715278, 0.0, 255.5, 0.0, 711.1112738715278, 255.5, 0.0, 0.0, 1.0], "cam_R_w2c": [0.026842225342988968, -0.9982788562774658, 0.05214182659983635, -0.16872434318065643, -0.05593665689229965, -0.9840747714042664, 0.985297679901123, 0.017617153003811836, -0.169935405254364], "cam_t_w2c": [199.71824645996094, -35.08786392211914, 603.7898559570312], "depth_scale": 1.0},
  "5": {"cam_K": [711.1112738715278, 0.0, 255.5, 0.0, 711.1112738715278, 255.5, 0.0, 0.0, 1.0], "cam_R_w2c": [-0.4073110818862915, 0.9109319448471069, 0.06557991355657578, 0.5458234548568726, 0.3003706634044647, -0.7822111248970032, -0.7322394251823425, -0.28280818462371826, -0.6195523142814636], "cam_t_w2c": [-240.86898803710938, 10.909185409545898, 388.98297119140625], "depth_scale": 1.0},
  "6": {"cam_K": [711.1112738715278, 0.0, 255.5, 0.0, 711.1112738715278, 255.5, 0.0, 0.0, 1.0], "cam_R_w2c": [-0.4073110818862915, 0.9109319448471069, 0.06557991355657578, 0.5458234548568726, 0.3003706634044647, -0.7822111248970032, -0.7322394251823425, -0.28280818462371826, -0.6195523142814636], "cam_t_w2c": [-240.86898803710938, 10.909185409545898, 388.98297119140625], "depth_scale": 1.0},
  "7": {"cam_K": [711.1112738715278, 0.0, 255.5, 0.0, 711.1112738715278, 255.5, 0.0, 0.0, 1.0], "cam_R_w2c": [0.6961162686347961, -0.7179016470909119, -0.006274770945310593, -0.09758148342370987, -0.08595413714647293, -0.9915089011192322, 0.7112664580345154, 0.6908178329467773, -0.12988799810409546], "cam_t_w2c": [250.36117553710938, -23.47708511352539, 523.810546875], "depth_scale": 1.0},
  "8": {"cam_K": [711.1112738715278, 0.0, 255.5, 0.0, 711.1112738715278, 255.5, 0.0, 0.0, 1.0], "cam_R_w2c": [0.6961162686347961, -0.7179016470909119, -0.006274770945310593, -0.09758148342370987, -0.08595413714647293, -0.9915089011192322, 0.7112664580345154, 0.6908178329467773, -0.12988799810409546], "cam_t_w2c": [250.36117553710938, -23.47708511352539, 523.810546875], "depth_scale": 1.0},
  "9": {"cam_K": [711.1112738715278, 0.0, 255.5, 0.0, 711.1112738715278, 255.5, 0.0, 0.0, 1.0], "cam_R_w2c": [-0.9885968565940857, -0.014410212635993958, 0.14989502727985382, -0.12734641134738922, 0.6112572550773621, -0.7811193466186523, -0.08036833256483078, -0.7913007736206055, -0.6061220765113831], "cam_t_w2c": [-149.93812561035156, -161.10736083984375, 683.0634155273438], "depth_scale": 1.0}
}