{
  "0": {"cam_K": [711.1112738715278, 0.0, 255.5, 0.0, 711.1112738715278, 255.5, 0.0, 0.0, 1.0], "cam_R_w2c": [-0.3862539231777191, -0.9223925471305847, 1.1587222559228394e-07, -0.3850892186164856, 0.16125676035881042, -0.9086818099021912, 0.838161289691925, -0.3509818911552429, -0.41748952865600586], "cam_t_w2c": [-567.3970947265625, -4076098.25, -1871493.875], "depth_scale": 1.0},
  "1": {"cam_K": [711.1112738715278, 0.0, 255.5, 0.0, 711.1112738715278, 255.5, 0.0, 0.0, 1.0], "cam_R_w2c": [0.29938578605651855, -0.9541321396827698, 7.587672712361382e-08, -0.2996586859226227, -0.09402643144130707, -0.9494017958641052, 0.9058547616004944, 0.2842373847961426, -0.3140641748905182], "cam_t_w2c": [-272.78265380859375, -4258823.0, -1407476.125], "depth_scale": 1.0}
}