{
  "0": {"cam_K": [711.1112738715278, 0.0, 255.5, 0.0, 711.1112738715278, 255.5, 0.0, 0.0, 1.0], "cam_R_w2c": [0.3742823004722595, -0.8539183139801025, 0.36157479882240295, -0.05219048261642456, -0.4086957275867462, -0.9111772775650024, 0.9258450269699097, 0.3221668004989624, -0.19753402471542358], "cam_t_w2c": [71.60089874267578, 26.048620223999023, 271.351806640625], "depth_scale": 1.0},
  "1": {"cam_K": [711.1112738715278, 0.0, 255.5, 0.0, 711.1112738715278, 255.5, 0.0, 0.0, 1.0], "cam_R_w2c": [-0.3933779299259186, -0.9116529822349548, 0.11892349272966385, -0.20975594222545624, -0.036945585161447525, -0.977055549621582, 0.8951292634010315, -0.4092969596385956, -0.17669111490249634], "cam_t_w2c": [-10.563605308532715, -4.347691059112549, 286.3435974121094], "depth_scale": 1.0}
}