{
  "0": {"cam_K": [711.1112738715278, 0.0, 255.5, 0.0, 711.1112738715278, 255.5, 0.0, 0.0, 1.0], "cam_R_w2c": [-0.3388705849647522, -0.9408331513404846, 2.0498723074524605e-07, -0.41387131810188293, 0.1490684151649475, -0.8980475068092346, 0.8449127078056335, -0.30432185530662537, -0.439898818731308], "cam_t_w2c": [290.82867431640625, -4028295.5, -1972836.5], "depth_scale": 1.0},
  "1": {"cam_K": [711.1112738715278, 0.0, 255.5, 0.0, 711.1112738715278, 255.5, 0.0, 0.0, 1.0], "cam_R_w2c": [0.9889279007911682, 0.14839692413806915, -7.086845332793246e-09, 0.11895238608121872, -0.7927074432373047, -0.5978839993476868, -0.08872415125370026, 0.5912641882896423, -0.8015826344490051], "cam_t_w2c": [-402.0958557128906, -2681874.75, -3594942.75], "depth_scale": 1.0}
}