{
  "0": {"cam_K": [2346.1825408935547, 0.0, 956.150695733726, 0.0, 2351.0241982895623, 613.6550906152873, 0.0, 0.0, 1.0], "cam_R_w2c": [-0.7921627163887024, -0.6103100776672363, 2.417777977825608e-09, -0.2584870159626007, 0.33550772070884705, -0.9058802723884583, 0.5528678297996521, -0.7176045179367065, -0.42353400588035583], "cam_t_w2c": [5.1148858070373535, 561.3883666992188, 3593.122802734375], "depth_scale": 1.0}
}