{
  "0": {"cam_K": [711.1112738715278, 0.0, 255.5, 0.0, 711.1112738715278, 255.5, 0.0, 0.0, 1.0], "cam_R_w2c": [-0.5884240865707397, 0.757743775844574, -0.282102108001709, 0.4455323815345764, 0.01271006464958191, -0.8951756358146667, -0.6747282147407532, -0.6524284482002258, -0.34507837891578674], "cam_t_w2c": [-123.8996810913086, 45.37688446044922, 514.37939453125], "depth_scale": 1.0},
  "1": {"cam_K": [711.1112738715278, 0.0, 255.5, 0.0, 711.1112738715278, 255.5, 0.0, 0.0, 1.0], "cam_R_w2c": [-0.5884240865707397, 0.757743775844574, -0.282102108001709, 0.4455323815345764, 0.01271006464958191, -0.8951756358146667, -0.6747282147407532, -0.6524284482002258, -0.34507837891578674], "cam_t_w2c": [-123.8996810913086, 45.37688446044922, 514.37939453125], "depth_scale": 1.0},
  "2": {"cam_K": [711.1112738715278, 0.0, 255.5, 0.0, 711.1112738715278, 255.5, 0.0, 0.0, 1.0], "cam_R_w2c": [-0.5884240865707397, 0.757743775844574, -0.282102108001709, 0.4455323815345764, 0.01271006464958191, -0.8951756358146667, -0.6747282147407532, -0.6524284482002258, -0.34507837891578674], "cam_t_w2c": [-123.8996810913086, 45.37688446044922, 514.37939453125], "depth_scale": 1.0}
}