{
  "0": {"cam_K": [711.1112738715278, 0.0, 255.5, 0.0, 711.1112738715278, 255.5, 0.0, 0.0, 1.0], "cam_R_w2c": [0.6532898545265198, -0.6029221415519714, -0.4579271376132965, -0.27990737557411194, 0.36964550614356995, -0.8860101699829102, 0.7034658789634705, 0.7069986462593079, 0.07272330671548843], "cam_t_w2c": [842.4146728515625, 212.38812255859375, 803.5884399414062], "depth_scale": 1.0},
  "1": {"cam_K": [711.1112738715278, 0.0, 255.5, 0.0, 711.1112738715278, 255.5, 0.0, 0.0, 1.0], "cam_R_w2c": [0.6532898545265198, -0.6029221415519714, -0.4579271376132965, -0.27990737557411194, 0.36964550614356995, -0.8860101699829102, 0.7034658789634705, 0.7069986462593079, 0.07272330671548843], "cam_t_w2c": [842.4146728515625, 212.38812255859375, 803.5884399414062], "depth_scale": 1.0},
  "2": {"cam_K": [711.1112738715278, 0.0, 255.5, 0.0, 711.1112738715278, 255.5, 0.0, 0.0, 1.0], "cam_R_w2c": [0.6532898545265198, -0.6029221415519714, -0.4579271376132965, -0.27990737557411194, 0.36964550614356995, -0.8860101699829102, 0.7034658789634705, 0.7069986462593079, 0.07272330671548843], "cam_t_w2c": [842.4146728515625, 212.38812255859375, 803.5884399414062], "depth_scale": 1.0},
  "3": {"cam_K": [711.1112738715278, 0.0, 255.5, 0.0, 711.1112738715278, 255.5, 0.0, 0.0, 1.0], "cam_R_w2c": [0.6532898545265198, -0.6029221415519714, -0.4579271376132965, -0.27990737557411194, 0.36964550614356995, -0.8860101699829102, 0.7034658789634705, 0.7069986462593079, 0.07272330671548843], "cam_t_w2c": [842.4146728515625, 212.38812255859375, 803.5884399414062], "depth_scale": 1.0},
  "4": {"cam_K": [711.1112738715278, 0.0, 255.5, 0.0, 711.1112738715278, 255.5, 0.0, 0.0, 1.0], "cam_R_w2c": [0.6532898545265198, -0.6029221415519714, -0.4579271376132965, -0.27990737557411194, 0.36964550614356995, -0.8860101699829102, 0.7034658789634705, 0.7069986462593079, 0.07272330671548843], "cam_t_w2c": [842.4146728515625, 212.38812255859375, 803.5884399414062], "depth_scale": 1.0},
  "5": {"cam_K": [711.1112738715278, 0.0, 255.5, 0.0, 711.1112738715278, 255.5, 0.0, 0.0, 1.0], "cam_R_w2c": [0.6532898545265198, -0.6029221415519714, -0.4579271376132965, -0.27990737557411194, 0.36964550614356995, -0.8860101699829102, 0.7034658789634705, 0.7069986462593079, 0.07272330671548843], "cam_t_w2c": [842.4146728515625, 212.38812255859375, 803.5884399414062], "depth_scale": 1.0},
  "6": {"cam_K": [711.1112738715278, 0.0, 255.5, 0.0, 711.1112738715278, 255.5, 0.0, 0.0, 1.0], "cam_R_w2c": [0.6532898545265198, -0.6029221415519714, -0.4579271376132965, -0.27990737557411194, 0.36964550614356995, -0.8860101699829102, 0.7034658789634705, 0.7069986462593079, 0.07272330671548843], "cam_t_w2c": [842.4146728515625, 212.38812255859375, 803.5884399414062], "depth_scale": 1.0},
  "7": {"cam_K": [711.1112738715278, 0.0, 255.5, 0.0, 711.1112738715278, 255.5, 0.0, 0.0, 1.0], "cam_R_w2c": [0.6532898545265198, -0.6029221415519714, -0.4579271376132965, -0.27990737557411194, 0.36964550614356995, -0.8860101699829102, 0.7034658789634705, 0.7069986462593079, 0.07272330671548843], "cam_t_w2c": [842.4146728515625, 212.38812255859375, 803.5884399414062], "depth_scale": 1.0},
  "8": {"cam_K": [711.1112738715278, 0.0, 255.5, 0.0, 711.1112738715278, 255.5, 0.0, 0.0, 1.0], "cam_R_w2c": [0.6532898545265198, -0.6029221415519714, -0.4579271376132965, -0.27990737557411194, 0.36964550614356995, -0.8860101699829102, 0.7034658789634705, 0.7069986462593079, 0.07272330671548843], "cam_t_w2c": [842.4146728515625, 212.38812255859375, 803.5884399414062], "depth_scale": 1.0},
  "9": {"cam_K": [711.1112738715278, 0.0, 255.5, 0.0, 711.1112738715278, 255.5, 0.0, 0.0, 1.0], "cam_R_w2c": [0.6532898545265198, -0.6029221415519714, -0.4579271376132965, -0.27990737557411194, 0.36964550614356995, -0.8860101699829102, 0.7034658789634705, 0.7069986462593079, 0.07272330671548843], "cam_t_w2c": [842.4146728515625, 212.38812255859375, 803.5884399414062], "depth_scale": 1.0}
}