{
  "0": {"cam_K": [711.1112738715278, 0.0, 255.5, 0.0, 711.1112738715278, 255.5, 0.0, 0.0, 1.0], "cam_R_w2c": [0.5969430804252625, 0.8018292784690857, 0.026995964348316193, 0.18699724972248077, -0.10633533447980881, -0.9765883684158325, -0.7801865339279175, 0.5880158543586731, -0.21341601014137268], "cam_t_w2c": [14.486944198608398, -9.260730743408203, 386.0678405761719], "depth_scale": 1.0},
  "1": {"cam_K": [711.1112738715278, 0.0, 255.5, 0.0, 711.1112738715278, 255.5, 0.0, 0.0, 1.0], "cam_R_w2c": [0.5969430804252625, 0.8018292784690857, 0.026995964348316193, 0.18699724972248077, -0.10633533447980881, -0.9765883684158325, -0.7801865339279175, 0.5880158543586731, -0.21341601014137268], "cam_t_w2c": [14.486944198608398, -9.260730743408203, 386.0678405761719], "depth_scale": 1.0},
  "2": {"cam_K": [711.1112738715278, 0.0, 255.5, 0.0, 711.1112738715278, 255.5, 0.0, 0.0, 1.0], "cam_R_w2c": [0.5969430804252625, 0.8018292784690857, 0.026995964348316193, 0.18699724972248077, -0.10633533447980881, -0.9765883684158325, -0.7801865339279175, 0.5880158543586731, -0.21341601014137268], "cam_t_w2c": [14.486944198608398, -9.260730743408203, 386.0678405761719], "depth_scale": 1.0}
}