{
  "0": {"cam_K": [711.1112738715278, 0.0, 255.5, 0.0, 711.1112738715278, 255.5, 0.0, 0.0, 1.0], "cam_R_w2c": [-0.4031028151512146, 0.9151548147201538, -1.4031887474175164e-07, 0.9106857776641846, 0.4011341631412506, -0.09870632737874985, -0.09033150970935822, -0.03978891670703888, -0.9951167702674866], "cam_t_w2c": [18.959081649780273, -442711.34375, -4462549.5], "depth_scale": 1.0},
  "1": {"cam_K": [711.1112738715278, 0.0, 255.5, 0.0, 711.1112738715278, 255.5, 0.0, 0.0, 1.0], "cam_R_w2c": [-0.7002642750740051, -0.7138838171958923, 5.949898351786942e-08, -0.3944453001022339, 0.38691991567611694, -0.8334901928901672, 0.5950151085853577, -0.5836633443832397, -0.5525343418121338], "cam_t_w2c": [-34.758888244628906, -3738566.0, -2477329.0], "depth_scale": 1.0}
}