{
  "0": [{"cam_R_m2c": [-0.2382853925228119, -0.3631182909011841, -0.9007580280303955, -0.8818162083625793, -0.30775076150894165, 0.35733669996261597, -0.4069645404815674, 0.8794512152671814, -0.24687103927135468], "cam_t_m2c": [8.270144462585449e-05, -0.00016391277313232422, 1062.3828125], "obj_id": 1}, {"cam_R_m2c": [-0.9221054315567017, 0.37207040190696716, -0.10623017698526382, -0.013735609129071236, -0.3058425486087799, -0.9519829154014587, -0.38669443130493164, -0.8763696551322937, 0.28712987899780273], "cam_t_m2c": [179.81028747558594, 78.10984802246094, 901.0326538085938], "obj_id": 1}, {"cam_R_m2c": [-0.6373546123504639, -0.3343163728713989, 0.6942704319953918, -0.14881384372711182, -0.8306190967559814, -0.5365874171257019, 0.7560643553733826, -0.44531360268592834, 0.479648232460022], "cam_t_m2c": [164.10752868652344, 1.3121217489242554, 1059.671875], "obj_id": 3}, {"cam_R_m2c": [0.1421254277229309, 0.1699693500995636, -0.975146472454071, 0.4594976603984833, 0.8612406849861145, 0.21708613634109497, 0.8767337799072266, -0.4789310097694397, 0.04430367797613144], "cam_t_m2c": [-123.92427825927734, -20.429655075073242, 1104.5836181640625], "obj_id": 3}]
}