{
  "0": {"cam_K": [2346.1825408935547, 0.0, 956.150695733726, 0.0, 2351.0241982895623, 613.6550906152873, 0.0, 0.0, 1.0], "cam_R_w2c": [-0.5279132127761841, -0.8492984175682068, -3.877282210851263e-07, -0.3700646758079529, 0.23002788424491882, -0.9000774621963501, 0.7644343972206116, -0.4751625657081604, -0.43573012948036194], "cam_t_w2c": [-197.3274383544922, 38.536285400390625, 1097.529052734375], "depth_scale": 1.0}
}