{
  "0": {"cam_K": [711.1112738715278, 0.0, 255.5, 0.0, 711.1112738715278, 255.5, 0.0, 0.0, 1.0], "cam_R_w2c": [0.4115857481956482, -0.9101297855377197, 0.04754987731575966, -0.5063241124153137, -0.2717318534851074, -0.8184117674827576, 0.7577817440032959, 0.3127710223197937, -0.5726616382598877], "cam_t_w2c": [-75.70550537109375, 74.7593002319336, 63.738250732421875], "depth_scale": 1.0},
  "1": {"cam_K": [711.1112738715278, 0.0, 255.5, 0.0, 711.1112738715278, 255.5, 0.0, 0.0, 1.0], "cam_R_w2c": [0.002849728101864457, -0.9690892696380615, -0.24669411778450012, -0.7668681144714355, 0.156211256980896, -0.6225041747093201, 0.6417984962463379, 0.19095583260059357, -0.7427184581756592], "cam_t_w2c": [-14.752618789672852, 117.62754821777344, 82.47248077392578], "depth_scale": 1.0}
}