{
  "0": {"cam_K": [711.1112738715278, 0.0, 255.5, 0.0, 711.1112738715278, 255.5, 0.0, 0.0, 1.0], "cam_R_w2c": [0.25693178176879883, 0.9664295315742493, 4.8990596468456715e-08, 0.2440740317106247, -0.06488866358995438, -0.9675832390785217, -0.9351010322570801, 0.24860289692878723, -0.2525523006916046], "cam_t_w2c": [147.72410583496094, 2.230198860168457, 623.947998046875], "depth_scale": 1.0},
  "1": {"cam_K": [711.1112738715278, 0.0, 255.5, 0.0, 711.1112738715278, 255.5, 0.0, 0.0, 1.0], "cam_R_w2c": [-0.9765315055847168, -0.2153746783733368, -1.9072492918326134e-08, -0.18051019310951233, 0.8184522986412048, -0.5454832315444946, 0.11748328804969788, -0.5326815247535706, -0.838121771812439], "cam_t_w2c": [-204.7939910888672, 29.97760772705078, 810.3251342773438], "depth_scale": 1.0}
}