{
  "0": {"cam_K": [711.1112738715278, 0.0, 255.5, 0.0, 711.1112738715278, 255.5, 0.0, 0.0, 1.0], "cam_R_w2c": [0.7329071164131165, -0.4966140389442444, -0.46499642729759216, -0.6371361613273621, -0.2613740563392639, -0.7250801920890808, 0.23854701220989227, 0.8276824951171875, -0.5079736709594727], "cam_t_w2c": [-86.93950653076172, -38.11383056640625, 413.8706970214844], "depth_scale": 1.0}
}