{
  "0": {"cam_K": [711.1112738715278, 0.0, 255.5, 0.0, 711.1112738715278, 255.5, 0.0, 0.0, 1.0], "cam_R_w2c": [0.1345042586326599, -0.9909130334854126, -7.980481342428902e-08, -0.8218856453895569, -0.11156092584133148, -0.5586217641830444, 0.5535455346107483, 0.07513710111379623, -0.829422652721405], "cam_t_w2c": [387.26824951171875, -2505648.25, -3719378.0], "depth_scale": 1.0},
  "1": {"cam_K": [711.1112738715278, 0.0, 255.5, 0.0, 711.1112738715278, 255.5, 0.0, 0.0, 1.0], "cam_R_w2c": [-0.026633717119693756, 0.9996452331542969, -4.0475129026162904e-07, 0.9984636306762695, 0.026602240279316902, -0.04860785976052284, -0.048590607941150665, -0.00129501277115196, -0.9988179206848145], "cam_t_w2c": [-390.0548400878906, -218016.75, -4479161.0], "depth_scale": 1.0}
}