{
  "0": {"cam_K": [711.1112738715278, 0.0, 255.5, 0.0, 711.1112738715278, 255.5, 0.0, 0.0, 1.0], "cam_R_w2c": [0.8100849986076355, -0.5574160218238831, 0.18179574608802795, 0.08567541092634201, -0.194197878241539, -0.9772139191627502, 0.5800190567970276, 0.8072018027305603, -0.10955996066331863], "cam_t_w2c": [-237.38331604003906, -24.969837188720703, 623.922607421875], "depth_scale": 1.0},
  "1": {"cam_K": [711.1112738715278, 0.0, 255.5, 0.0, 711.1112738715278, 255.5, 0.0, 0.0, 1.0], "cam_R_w2c": [0.8100849986076355, -0.5574160218238831, 0.18179574608802795, 0.08567541092634201, -0.194197878241539, -0.9772139191627502, 0.5800190567970276, 0.8072018027305603, -0.10955996066331863], "cam_t_w2c": [-237.38331604003906, -24.969837188720703, 623.922607421875], "depth_scale": 1.0},
  "2": {"cam_K": [711.1112738715278, 0.0, 255.5, 0.0, 711.1112738715278, 255.5, 0.0, 0.0, 1.0], "cam_R_w2c": [0.8100849986076355, -0.5574160218238831, 0.18179574608802795, 0.08567541092634201, -0.194197878241539, -0.9772139191627502, 0.5800190567970276, 0.8072018027305603, -0.10955996066331863], "cam_t_w2c": [-237.38331604003906, -24.969837188720703, 623.922607421875], "depth_scale": 1.0}
}