{
  "0": [{"cam_R_m2c": [-0.5077047944068909, -0.617306649684906, -0.600972592830658, -0.26127150654792786, -0.5543906092643738, 0.7901822328567505, -0.8209584355354309, 0.5581964254379272, 0.1201823279261589], "cam_t_m2c": [-289.9738464355469, 309.3835144042969, 777.4932250976562], "obj_id": 2}],
  "1": [{"cam_R_m2c": [-0.6599476337432861, 0.7459273338317871, -0.08978427946567535, -0.6234323978424072, -0.4770035743713379, 0.6195154190063477, 0.4192861020565033, 0.46482226252555847, 0.7798328995704651], "cam_t_m2c": [-40.5874137878418, 226.8505096435547, 1333.93212890625], "obj_id": 2}]
}