{
  "0": {"cam_K": [711.1112738715278, 0.0, 255.5, 0.0, 711.1112738715278, 255.5, 0.0, 0.0, 1.0], "cam_R_w2c": [-0.828528881072998, 0.5599463582038879, -5.0466628209733244e-08, 0.17518207430839539, 0.25920939445495605, -0.9498009085655212, -0.531837522983551, -0.7869374752044678, -0.312855064868927], "cam_t_w2c": [5040.92529296875, -4139734.0, -1363823.25], "depth_scale": 1.0},
  "1": {"cam_K": [711.1112738715278, 0.0, 255.5, 0.0, 711.1112738715278, 255.5, 0.0, 0.0, 1.0], "cam_R_w2c": [-0.4993171989917755, -0.86641925573349, 1.0349577905799379e-07, -0.2073141485452652, 0.11947496980428696, -0.9709513783454895, 0.8412509560585022, -0.48481273651123047, -0.23927688598632812], "cam_t_w2c": [-1284.15234375, -4231027.5, -1046810.3125], "depth_scale": 1.0}
}