{
  "0": {"cam_K": [711.1112738715278, 0.0, 255.5, 0.0, 711.1112738715278, 255.5, 0.0, 0.0, 1.0], "cam_R_w2c": [0.03660394996404648, -0.976904571056366, 0.2105177342891693, -0.10710161924362183, -0.213280588388443, -0.9711028933525085, 0.9935741424560547, 0.012999477796256542, -0.11243505030870438], "cam_t_w2c": [-65.72420501708984, -14.718135833740234, 863.6207275390625], "depth_scale": 1.0},
  "1": {"cam_K": [711.1112738715278, 0.0, 255.5, 0.0, 711.1112738715278, 255.5, 0.0, 0.0, 1.0], "cam_R_w2c": [0.03660394996404648, -0.976904571056366, 0.2105177342891693, -0.10710161924362183, -0.213280588388443, -0.9711028933525085, 0.9935741424560547, 0.012999477796256542, -0.11243505030870438], "cam_t_w2c": [-65.72420501708984, -14.718135833740234, 863.6207275390625], "depth_scale": 1.0},
  "2": {"cam_K": [711.1112738715278, 0.0, 255.5, 0.0, 711.1112738715278, 255.5, 0.0, 0.0, 1.0], "cam_R_w2c": [0.03660394996404648, -0.976904571056366, 0.2105177342891693, -0.10710161924362183, -0.213280588388443, -0.9711028933525085, 0.9935741424560547, 0.012999477796256542, -0.11243505030870438], "cam_t_w2c": [-65.72420501708984, -14.718135833740234, 863.6207275390625], "depth_scale": 1.0},
  "3": {"cam_K": [711.1112738715278, 0.0, 255.5, 0.0, 711.1112738715278, 255.5, 0.0, 0.0, 1.0], "cam_R_w2c": [0.03660394996404648, -0.976904571056366, 0.2105177342891693, -0.10710161924362183, -0.213280588388443, -0.9711028933525085, 0.9935741424560547, 0.012999477796256542, -0.11243505030870438], "cam_t_w2c": [-65.72420501708984, -14.718135833740234, 863.6207275390625], "depth_scale": 1.0},
  "4": {"cam_K": [711.1112738715278, 0.0, 255.5, 0.0, 711.1112738715278, 255.5, 0.0, 0.0, 1.0], "cam_R_w2c": [0.03660394996404648, -0.976904571056366, 0.2105177342891693, -0.10710161924362183, -0.213280588388443, -0.9711028933525085, 0.9935741424560547, 0.012999477796256542, -0.11243505030870438], "cam_t_w2c": [-65.72420501708984, -14.718135833740234, 863.6207275390625], "depth_scale": 1.0}
}