{
  "0": {"cam_K": [711.1112738715278, 0.0, 255.5, 0.0, 711.1112738715278, 255.5, 0.0, 0.0, 1.0], "cam_R_w2c": [-0.9840216636657715, 0.10843130946159363, 0.14122390747070312, 0.08586385101079941, 0.9838417172431946, -0.15710774064064026, -0.15597736835479736, -0.14247137308120728, -0.9774318933486938], "cam_t_w2c": [247.66148376464844, 270.7198181152344, 931.9247436523438], "depth_scale": 1.0},
  "1": {"cam_K": [711.1112738715278, 0.0, 255.5, 0.0, 711.1112738715278, 255.5, 0.0, 0.0, 1.0], "cam_R_w2c": [-0.9840216636657715, 0.10843130946159363, 0.14122390747070312, 0.08586385101079941, 0.9838417172431946, -0.15710774064064026, -0.15597736835479736, -0.14247137308120728, -0.9774318933486938], "cam_t_w2c": [247.66148376464844, 270.7198181152344, 931.9247436523438], "depth_scale": 1.0},
  "2": {"cam_K": [711.1112738715278, 0.0, 255.5, 0.0, 711.1112738715278, 255.5, 0.0, 0.0, 1.0], "cam_R_w2c": [-0.9840216636657715, 0.10843130946159363, 0.14122390747070312, 0.08586385101079941, 0.9838417172431946, -0.15710774064064026, -0.15597736835479736, -0.14247137308120728, -0.9774318933486938], "cam_t_w2c": [247.66148376464844, 270.7198181152344, 931.9247436523438], "depth_scale": 1.0},
  "3": {"cam_K": [711.1112738715278, 0.0, 255.5, 0.0, 711.1112738715278, 255.5, 0.0, 0.0, 1.0], "cam_R_w2c": [0.6234353184700012, 0.6361509561538696, -0.45457711815834045, 0.016630608588457108, -0.5920512676239014, -0.8057287335395813, -0.7816980481147766, 0.49475985765457153, -0.3796852231025696], "cam_t_w2c": [-8.422866821289062, -213.46295166015625, 870.510986328125], "depth_scale": 1.0},
  "4": {"cam_K": [711.1112738715278, 0.0, 255.5, 0.0, 711.1112738715278, 255.5, 0.0, 0.0, 1.0], "cam_R_w2c": [0.6234353184700012, 0.6361509561538696, -0.45457711815834045, 0.016630608588457108, -0.5920512676239014, -0.8057287335395813, -0.7816980481147766, 0.49475985765457153, -0.3796852231025696], "cam_t_w2c": [-8.422866821289062, -213.46295166015625, 870.510986328125], "depth_scale": 1.0}
}