{
  "0": {"cam_K": [711.1112738715278, 0.0, 255.5, 0.0, 711.1112738715278, 255.5, 0.0, 0.0, 1.0], "cam_R_w2c": [0.9889370203018188, 0.022017385810613632, 0.1466928869485855, 0.1483212411403656, -0.16072510182857513, -0.9757910966873169, 0.002092859474942088, 0.9867536425590515, -0.16221264004707336], "cam_t_w2c": [246.27427673339844, 52.9699821472168, 848.2846069335938], "depth_scale": 1.0},
  "1": {"cam_K": [711.1112738715278, 0.0, 255.5, 0.0, 711.1112738715278, 255.5, 0.0, 0.0, 1.0], "cam_R_w2c": [-0.9805926084518433, 0.13660725951194763, 0.14062951505184174, -0.10645640641450882, 0.23134002089500427, -0.967030942440033, -0.16463667154312134, -0.9632342457771301, -0.21230760216712952], "cam_t_w2c": [407.46978759765625, 107.88516235351562, 716.4151000976562], "depth_scale": 1.0},
  "2": {"cam_K": [711.1112738715278, 0.0, 255.5, 0.0, 711.1112738715278, 255.5, 0.0, 0.0, 1.0], "cam_R_w2c": [-0.9805926084518433, 0.13660725951194763, 0.14062951505184174, -0.10645640641450882, 0.23134002089500427, -0.967030942440033, -0.16463667154312134, -0.9632342457771301, -0.21230760216712952], "cam_t_w2c": [407.46978759765625, 107.88516235351562, 716.4151000976562], "depth_scale": 1.0},
  "3": {"cam_K": [711.1112738715278, 0.0, 255.5, 0.0, 711.1112738715278, 255.5, 0.0, 0.0, 1.0], "cam_R_w2c": [-0.45581549406051636, -0.8815737962722778, -0.1227189302444458, -0.37810805439949036, 0.3165995478630066, -0.8699419498443604, 0.805770754814148, -0.3501319885253906, -0.47764113545417786], "cam_t_w2c": [-88.85697937011719, 241.61180114746094, 544.8801879882812], "depth_scale": 1.0},
  "4": {"cam_K": [711.1112738715278, 0.0, 255.5, 0.0, 711.1112738715278, 255.5, 0.0, 0.0, 1.0], "cam_R_w2c": [-0.45581549406051636, -0.8815737962722778, -0.1227189302444458, -0.37810805439949036, 0.3165995478630066, -0.8699419498443604, 0.805770754814148, -0.3501319885253906, -0.47764113545417786], "cam_t_w2c": [-88.85697937011719, 241.61180114746094, 544.8801879882812], "depth_scale": 1.0}
}