{
  "0": {"cam_K": [711.1112738715278, 0.0, 255.5, 0.0, 711.1112738715278, 255.5, 0.0, 0.0, 1.0], "cam_R_w2c": [0.5097939968109131, 0.8563375473022461, -0.08243868499994278, 0.440729558467865, -0.34226131439208984, -0.8298280835151672, -0.7388285398483276, 0.38670819997787476, -0.5518960356712341], "cam_t_w2c": [54.72396469116211, 41.89889144897461, 296.8005065917969], "depth_scale": 1.0},
  "1": {"cam_K": [711.1112738715278, 0.0, 255.5, 0.0, 711.1112738715278, 255.5, 0.0, 0.0, 1.0], "cam_R_w2c": [0.9898555874824524, -0.14205893874168396, -0.0022635154891759157, -0.0731697827577591, -0.49605560302734375, -0.8652023673057556, 0.12178689241409302, 0.8565910458564758, -0.5014178156852722], "cam_t_w2c": [-206.29759216308594, 79.77217864990234, 267.2033996582031], "depth_scale": 1.0}
}