{
  "0": {"cam_K": [711.1112738715278, 0.0, 255.5, 0.0, 711.1112738715278, 255.5, 0.0, 0.0, 1.0], "cam_R_w2c": [-0.9791461229324341, 0.12467429041862488, -0.16040411591529846, 0.19961492717266083, 0.4435909390449524, -0.8737167716026306, -0.03777619078755379, -0.8875153660774231, -0.4592272937297821], "cam_t_w2c": [-26.11022186279297, -45.37883377075195, 1148.7083740234375], "depth_scale": 1.0},
  "1": {"cam_K": [711.1112738715278, 0.0, 255.5, 0.0, 711.1112738715278, 255.5, 0.0, 0.0, 1.0], "cam_R_w2c": [0.7173318266868591, -0.6764623522758484, 0.1668344885110855, -0.12549008429050446, -0.36097875237464905, -0.9240923523902893, 0.6853373646736145, 0.6419447660446167, -0.3438308835029602], "cam_t_w2c": [490.8328857421875, 488.8712158203125, 368.44287109375], "depth_scale": 1.0},
  "2": {"cam_K": [711.1112738715278, 0.0, 255.5, 0.0, 711.1112738715278, 255.5, 0.0, 0.0, 1.0], "cam_R_w2c": [0.7173318266868591, -0.6764623522758484, 0.1668344885110855, -0.12549008429050446, -0.36097875237464905, -0.9240923523902893, 0.6853373646736145, 0.6419447660446167, -0.3438308835029602], "cam_t_w2c": [490.8328857421875, 488.8712158203125, 368.44287109375], "depth_scale": 1.0},
  "3": {"cam_K": [711.1112738715278, 0.0, 255.5, 0.0, 711.1112738715278, 255.5, 0.0, 0.0, 1.0], "cam_R_w2c": [-0.7582573890686035, -0.6496997475624084, -0.05418742075562477, -0.3981024920940399, 0.5272315740585327, -0.7506939172744751, 0.5162949562072754, -0.5476469397544861, -0.6584243774414062], "cam_t_w2c": [178.11654663085938, -241.10848999023438, 1241.382568359375], "depth_scale": 1.0},
  "4": {"cam_K": [711.1112738715278, 0.0, 255.5, 0.0, 711.1112738715278, 255.5, 0.0, 0.0, 1.0], "cam_R_w2c": [-0.7582573890686035, -0.6496997475624084, -0.05418742075562477, -0.3981024920940399, 0.5272315740585327, -0.7506939172744751, 0.5162949562072754, -0.5476469397544861, -0.6584243774414062], "cam_t_w2c": [178.11654663085938, -241.10848999023438, 1241.382568359375], "depth_scale": 1.0},
  "5": {"cam_K": [711.1112738715278, 0.0, 255.5, 0.0, 711.1112738715278, 255.5, 0.0, 0.0, 1.0], "cam_R_w2c": [0.9515207409858704, -0.29048386216163635, -0.10113062709569931, -0.2257939726114273, -0.43639880418777466, -0.87096107006073, 0.20886683464050293, 0.8515722155570984, -0.480832040309906], "cam_t_w2c": [643.887451171875, 368.66949462890625, 338.52349853515625], "depth_scale": 1.0},
  "6": {"cam_K": [711.1112738715278, 0.0, 255.5, 0.0, 711.1112738715278, 255.5, 0.0, 0.0, 1.0], "cam_R_w2c": [0.9515207409858704, -0.29048386216163635, -0.10113062709569931, -0.2257939726114273, -0.43639880418777466, -0.87096107006073, 0.20886683464050293, 0.8515722155570984, -0.480832040309906], "cam_t_w2c": [643.887451171875, 368.66949462890625, 338.52349853515625], "depth_scale": 1.0},
  "7": {"cam_K": [711.1112738715278, 0.0, 255.5, 0.0, 711.1112738715278, 255.5, 0.0, 0.0, 1.0], "cam_R_w2c": [-0.6208796501159668, -0.7823460698127747, 0.049427639693021774, -0.5514292120933533, 0.39106595516204834, -0.7368807196617126, 0.5571662783622742, -0.4847700893878937, -0.6742134094238281], "cam_t_w2c": [-126.23767852783203, -273.10528564453125, 1155.9620361328125], "depth_scale": 1.0},
  "8": {"cam_K": [711.1112738715278, 0.0, 255.5, 0.0, 711.1112738715278, 255.5, 0.0, 0.0, 1.0], "cam_R_w2c": [-0.6208796501159668, -0.7823460698127747, 0.049427639693021774, -0.5514292120933533, 0.39106595516204834, -0.7368807196617126, 0.5571662783622742, -0.4847700893878937, -0.6742134094238281], "cam_t_w2c": [-126.23767852783203, -273.10528564453125, 1155.9620361328125], "depth_scale": 1.0},
  "9": {"cam_K": [711.1112738715278, 0.0, 255.5, 0.0, 711.1112738715278, 255.5, 0.0, 0.0, 1.0], "cam_R_w2c": [-0.6487918496131897, 0.7368400692939758, -0.1900947391986847, 0.4111652374267578, 0.12923845648765564, -0.9023528695106506, -0.6403221487998962, -0.66359943151474, -0.3868119418621063], "cam_t_w2c": [-531.29052734375, 338.7666015625, 250.5319061279297], "depth_scale": 1.0}
}