{
  "0": {"cam_K": [711.1112738715278, 0.0, 255.5, 0.0, 711.1112738715278, 255.5, 0.0, 0.0, 1.0], "cam_R_w2c": [-0.9735372066497803, -0.22852922976016998, 4.200921210895103e-08, -0.16125880181789398, 0.6869641542434692, -0.7085731625556946, 0.1619296371936798, -0.6898221969604492, -0.7056375741958618], "cam_t_w2c": [432.3689880371094, -3178714.75, -3163889.25], "depth_scale": 1.0},
  "1": {"cam_K": [711.1112738715278, 0.0, 255.5, 0.0, 711.1112738715278, 255.5, 0.0, 0.0, 1.0], "cam_R_w2c": [-0.03245352953672409, -0.9994732737541199, -1.0728662402925693e-08, -0.4529266655445099, 0.014706796035170555, -0.8914265036582947, 0.8909569382667542, -0.02892991155385971, -0.4531653821468353], "cam_t_w2c": [504.2351989746094, -3998508.5, -2032148.5], "depth_scale": 1.0}
}