{
  "0": [{"cam_R_m2c": [0.13520154356956482, 0.15884235501289368, -0.9780028462409973, 0.6142811179161072, -0.7879120111465454, -0.04304901883006096, -0.7774182558059692, -0.594948410987854, -0.20410074293613434], "cam_t_m2c": [382.1751403808594, -496.69195556640625, 1429.6220703125], "obj_id": 0}, {"cam_R_m2c": [0.25642529129981995, 0.662109375, 0.7041712403297424, -0.5860132575035095, 0.6858587861061096, -0.4314929246902466, -0.7686575055122375, -0.3020080626010895, 0.5638764500617981], "cam_t_m2c": [390.78466796875, -124.84473419189453, 1309.684814453125], "obj_id": 0}],
  "1": [{"cam_R_m2c": [-0.9153116941452026, 0.17109252512454987, -0.36459842324256897, 0.07412859052419662, -0.8182455897331238, -0.5700694918632507, -0.39586564898490906, -0.5488184094429016, 0.7362667322158813], "cam_t_m2c": [674.5035400390625, 0.6586236357688904, 642.1243896484375], "obj_id": 0}, {"cam_R_m2c": [-0.059955500066280365, -0.5018070936203003, 0.862899124622345, -0.725996196269989, 0.6152089834213257, 0.30732297897338867, -0.6850801110267639, -0.6080358028411865, -0.401195228099823], "cam_t_m2c": [341.2903137207031, 204.53790283203125, 635.1280517578125], "obj_id": 0}]
}