{
  "0": {"cam_K": [2346.1825408935547, 0.0, 956.150695733726, 0.0, 2351.0241982895623, 613.6550906152873, 0.0, 0.0, 1.0], "cam_R_w2c": [-0.15643317997455597, -0.9876885414123535, 3.509440205107239e-08, -0.7035078406333923, 0.11142376810312271, -0.7018983960151672, 0.6932570338249207, -0.10980024188756943, -0.7122769951820374], "cam_t_w2c": [-77.88846588134766, 39.08383560180664, 957.236328125], "depth_scale": 1.0},
  "1": {"cam_K": [2346.1825408935547, 0.0, 956.150695733726, 0.0, 2351.0241982895623, 613.6550906152873, 0.0, 0.0, 1.0], "cam_R_w2c": [0.9997993111610413, -0.02003328874707222, 8.892658831527456e-10, -0.010221125558018684, -0.510104775428772, -0.8600515723228455, 0.017229661345481873, 0.8598790168762207, -0.5102071762084961], "cam_t_w2c": [12.19360065460205, 8.882100105285645, 892.4686279296875], "depth_scale": 1.0}
}