{
  "0": {"cam_K": [711.1112738715278, 0.0, 255.5, 0.0, 711.1112738715278, 255.5, 0.0, 0.0, 1.0], "cam_R_w2c": [0.39535215497016907, -0.9185296297073364, -2.6633020411281905e-07, -0.5280038714408875, -0.2272624522447586, -0.8182687163352966, 0.7516040205955505, 0.3235044777393341, -0.5748359560966492], "cam_t_w2c": [-333.7884826660156, -3670368.5, -2577645.0], "depth_scale": 1.0},
  "1": {"cam_K": [711.1112738715278, 0.0, 255.5, 0.0, 711.1112738715278, 255.5, 0.0, 0.0, 1.0], "cam_R_w2c": [0.4926924705505371, 0.8702034950256348, -2.4184394931126008e-08, 0.6300069689750671, -0.3566978871822357, -0.6898245811462402, -0.6002877354621887, 0.3398713767528534, -0.7239766716957092], "cam_t_w2c": [161.96751403808594, -3094465.25, -3246499.75], "depth_scale": 1.0}
}