{
  "0": {"cam_K": [2346.1825408935547, 0.0, 956.150695733726, 0.0, 2351.0241982895623, 613.6550906152873, 0.0, 0.0, 1.0], "cam_R_w2c": [-0.6623523235321045, -0.749192476272583, 2.996860075654695e-07, -0.3256831765174866, 0.2879323661327362, -0.900569498538971, 0.6746997833251953, -0.5964944362640381, -0.4347120523452759], "cam_t_w2c": [11119.8623046875, 6316.53466796875, 20039.8515625], "depth_scale": 1.0}
}