{
  "0": [{"cam_R_m2c": [0.902488648891449, -0.14542457461357117, -0.4054206907749176, -0.42087966203689575, -0.09776519984006882, -0.9018327593803406, 0.09151262044906616, 0.9845271110534668, -0.14943823218345642], "cam_t_m2c": [-0.000671729794703424, -0.0011920928955078125, 1097.552978515625], "obj_id": 1}]
}