{
  "0": {"cam_K": [711.1112738715278, 0.0, 255.5, 0.0, 711.1112738715278, 255.5, 0.0, 0.0, 1.0], "cam_R_w2c": [-0.057574812322854996, -0.9970710873603821, 0.05034233629703522, -0.9954260587692261, 0.05348294973373413, -0.07916168123483658, 0.07623736560344696, -0.05466979369521141, -0.9955897927284241], "cam_t_w2c": [-59.762271881103516, -42.0765266418457, 962.4767456054688], "depth_scale": 1.0},
  "1": {"cam_K": [711.1112738715278, 0.0, 255.5, 0.0, 711.1112738715278, 255.5, 0.0, 0.0, 1.0], "cam_R_w2c": [-0.057574812322854996, -0.9970710873603821, 0.05034233629703522, -0.9954260587692261, 0.05348294973373413, -0.07916168123483658, 0.07623736560344696, -0.05466979369521141, -0.9955897927284241], "cam_t_w2c": [-59.762271881103516, -42.0765266418457, 962.4767456054688], "depth_scale": 1.0},
  "2": {"cam_K": [711.1112738715278, 0.0, 255.5, 0.0, 711.1112738715278, 255.5, 0.0, 0.0, 1.0], "cam_R_w2c": [-0.057574812322854996, -0.9970710873603821, 0.05034233629703522, -0.9954260587692261, 0.05348294973373413, -0.07916168123483658, 0.07623736560344696, -0.05466979369521141, -0.9955897927284241], "cam_t_w2c": [-59.762271881103516, -42.0765266418457, 962.4767456054688], "depth_scale": 1.0},
  "3": {"cam_K": [711.1112738715278, 0.0, 255.5, 0.0, 711.1112738715278, 255.5, 0.0, 0.0, 1.0], "cam_R_w2c": [-0.057574812322854996, -0.9970710873603821, 0.05034233629703522, -0.9954260587692261, 0.05348294973373413, -0.07916168123483658, 0.07623736560344696, -0.05466979369521141, -0.9955897927284241], "cam_t_w2c": [-59.762271881103516, -42.0765266418457, 962.4767456054688], "depth_scale": 1.0},
  "4": {"cam_K": [711.1112738715278, 0.0, 255.5, 0.0, 711.1112738715278, 255.5, 0.0, 0.0, 1.0], "cam_R_w2c": [-0.057574812322854996, -0.9970710873603821, 0.05034233629703522, -0.9954260587692261, 0.05348294973373413, -0.07916168123483658, 0.07623736560344696, -0.05466979369521141, -0.9955897927284241], "cam_t_w2c": [-59.762271881103516, -42.0765266418457, 962.4767456054688], "depth_scale": 1.0}
}