{
  "0": {"cam_K": [711.1112738715278, 0.0, 255.5, 0.0, 711.1112738715278, 255.5, 0.0, 0.0, 1.0], "cam_R_w2c": [-0.8861402273178101, -0.4634174704551697, 3.786762903246199e-08, -0.28995588421821594, 0.5544493198394775, -0.780071496963501, 0.36149871349334717, -0.6912526488304138, -0.6256905198097229], "cam_t_w2c": [353.9904479980469, -3498712.5, -2805505.5], "depth_scale": 1.0},
  "1": {"cam_K": [711.1112738715278, 0.0, 255.5, 0.0, 711.1112738715278, 255.5, 0.0, 0.0, 1.0], "cam_R_w2c": [-0.31600263714790344, -0.9487584233283997, -9.629999908611353e-08, -0.42604967951774597, 0.14190416038036346, -0.8935015797615051, 0.8477171063423157, -0.2823486924171448, -0.4490603804588318], "cam_t_w2c": [167.21969604492188, -4007398.0, -2013341.75], "depth_scale": 1.0}
}