{
  "0": {"cam_K": [711.1112738715278, 0.0, 255.5, 0.0, 711.1112738715278, 255.5, 0.0, 0.0, 1.0], "cam_R_w2c": [0.37902000546455383, -0.770176351070404, 0.5130032300949097, -0.026165127754211426, -0.5630629062652588, -0.8259998559951782, 0.9250185489654541, 0.299647718667984, -0.23356394469738007], "cam_t_w2c": [73.67521667480469, 32.68023681640625, 255.62083435058594], "depth_scale": 1.0},
  "1": {"cam_K": [711.1112738715278, 0.0, 255.5, 0.0, 711.1112738715278, 255.5, 0.0, 0.0, 1.0], "cam_R_w2c": [-0.6824314594268799, -0.7180753350257874, -0.1365845799446106, -0.1533813178539276, 0.3233768939971924, -0.9337567090988159, 0.7146759033203125, -0.6162753701210022, -0.3308219611644745], "cam_t_w2c": [-42.511905670166016, -19.953523635864258, 291.63116455078125], "depth_scale": 1.0}
}