{
  "0": {"cam_K": [711.1112738715278, 0.0, 255.5, 0.0, 711.1112738715278, 255.5, 0.0, 0.0, 1.0], "cam_R_w2c": [-0.5835462808609009, 0.8120799660682678, 1.828429532224618e-07, 0.41266632080078125, 0.29653483629226685, -0.861262857913971, -0.6994143128395081, -0.5025866031646729, -0.508159875869751], "cam_t_w2c": [41.97957229614258, 23.3712100982666, 781.8684692382812], "depth_scale": 1.0},
  "1": {"cam_K": [711.1112738715278, 0.0, 255.5, 0.0, 711.1112738715278, 255.5, 0.0, 0.0, 1.0], "cam_R_w2c": [0.9789832830429077, -0.20394039154052734, -9.219019325712452e-09, -0.1734137088060379, -0.8324449062347412, -0.5262730717658997, 0.10732831805944443, 0.5152125358581543, -0.8503157496452332], "cam_t_w2c": [-38.60953140258789, 0.7898226380348206, 877.414306640625], "depth_scale": 1.0}
}