{
  "0": {"cam_K": [711.1112738715278, 0.0, 255.5, 0.0, 711.1112738715278, 255.5, 0.0, 0.0, 1.0], "cam_R_w2c": [0.20236507058143616, -0.979310154914856, -2.3737541710033838e-08, -0.9436448216438293, -0.19499513506889343, -0.26741594076156616, 0.2618831694126129, 0.054115667939186096, -0.9635811448097229], "cam_t_w2c": [419.27685546875, -1199600.0, -4321456.5], "depth_scale": 1.0},
  "1": {"cam_K": [711.1112738715278, 0.0, 255.5, 0.0, 711.1112738715278, 255.5, 0.0, 0.0, 1.0], "cam_R_w2c": [0.6836110353469849, 0.7298465371131897, -2.3046919039870772e-08, 0.5695700645446777, -0.5334880948066711, -0.6252843141555786, -0.4563615918159485, 0.4274512529373169, -0.7803971171379089], "cam_t_w2c": [-220.17730712890625, -2804622.0, -3500213.25], "depth_scale": 1.0}
}