{
  "0": {"cam_K": [711.1112738715278, 0.0, 255.5, 0.0, 711.1112738715278, 255.5, 0.0, 0.0, 1.0], "cam_R_w2c": [-0.026858456432819366, -0.9562916159629822, -0.29117903113365173, -0.08855699002742767, 0.29241493344306946, -0.952182412147522, 0.9957090616226196, 0.0002118896081810817, -0.0925401896238327], "cam_t_w2c": [190.01327514648438, -30.086294174194336, 399.7879943847656], "depth_scale": 1.0},
  "1": {"cam_K": [711.1112738715278, 0.0, 255.5, 0.0, 711.1112738715278, 255.5, 0.0, 0.0, 1.0], "cam_R_w2c": [-0.026858456432819366, -0.9562916159629822, -0.29117903113365173, -0.08855699002742767, 0.29241493344306946, -0.952182412147522, 0.9957090616226196, 0.0002118896081810817, -0.0925401896238327], "cam_t_w2c": [190.01327514648438, -30.086294174194336, 399.7879943847656], "depth_scale": 1.0},
  "2": {"cam_K": [711.1112738715278, 0.0, 255.5, 0.0, 711.1112738715278, 255.5, 0.0, 0.0, 1.0], "cam_R_w2c": [0.9482581615447998, 0.20339784026145935, 0.2437945008277893, 0.28732743859291077, -0.22303766012191772, -0.9315026998519897, -0.13509029150009155, 0.9533538818359375, -0.2699390649795532], "cam_t_w2c": [-299.1687927246094, -44.49021911621094, 675.3433227539062], "depth_scale": 1.0},
  "3": {"cam_K": [711.1112738715278, 0.0, 255.5, 0.0, 711.1112738715278, 255.5, 0.0, 0.0, 1.0], "cam_R_w2c": [0.9482581615447998, 0.20339784026145935, 0.2437945008277893, 0.28732743859291077, -0.22303766012191772, -0.9315026998519897, -0.13509029150009155, 0.9533538818359375, -0.2699390649795532], "cam_t_w2c": [-299.1687927246094, -44.49021911621094, 675.3433227539062], "depth_scale": 1.0},
  "4": {"cam_K": [711.1112738715278, 0.0, 255.5, 0.0, 711.1112738715278, 255.5, 0.0, 0.0, 1.0], "cam_R_w2c": [0.9773269891738892, 0.1936921924352646, -0.08552945405244827, -0.04356151446700096, -0.2113671749830246, -0.9764356017112732, -0.20720604062080383, 0.9580226540565491, -0.1981373131275177], "cam_t_w2c": [-306.96453857421875, 45.764671325683594, 817.1509399414062], "depth_scale": 1.0}
}