{
  "0": [{"cam_R_m2c": [-0.4654063880443573, -0.5761753916740417, -0.6718771457672119, 0.8797133564949036, -0.21752570569515228, -0.4228321611881256, 0.09747495502233505, -0.7878480553627014, 0.6081069707870483], "cam_t_m2c": [-317.3674011230469, -153.9532470703125, 1042.4744873046875], "obj_id": 2}, {"cam_R_m2c": [-0.4474985897541046, -0.19099797308444977, -0.8736502528190613, -0.14024220407009125, 0.9798271059989929, -0.14237597584724426, 0.8832197189331055, 0.05880958214402199, -0.4652572572231293], "cam_t_m2c": [-317.8602294921875, -337.0652770996094, 912.819091796875], "obj_id": 0}],
  "1": [{"cam_R_m2c": [0.2900567948818207, -0.4112902283668518, -0.8641223907470703, 0.9146194458007812, -0.1466219276189804, 0.37679359316825867, -0.2816707491874695, -0.899634599685669, 0.3336452841758728], "cam_t_m2c": [-367.3470153808594, 187.96463012695312, 880.8594360351562], "obj_id": 2}, {"cam_R_m2c": [-0.5579688549041748, 0.5551363825798035, -0.6168424487113953, 0.5541415810585022, 0.8025466799736023, 0.22101134061813354, 0.617736279964447, -0.21850059926509857, -0.7554202079772949], "cam_t_m2c": [-475.30975341796875, 8.120818138122559, 801.691162109375], "obj_id": 0}]
}