{
  "0": {"cam_K": [711.1112738715278, 0.0, 255.5, 0.0, 711.1112738715278, 255.5, 0.0, 0.0, 1.0], "cam_R_w2c": [-0.19773176312446594, 0.9802561402320862, 1.1333574967409277e-08, 0.9523395299911499, 0.1921006441116333, -0.23695293068885803, -0.23227456212043762, -0.046853117644786835, -0.9715210795402527], "cam_t_w2c": [-427.1406555175781, -1063203.375, -4356923.0], "depth_scale": 1.0},
  "1": {"cam_K": [711.1112738715278, 0.0, 255.5, 0.0, 711.1112738715278, 255.5, 0.0, 0.0, 1.0], "cam_R_w2c": [0.5814309120178223, 0.8135957717895508, 1.2970124885214318e-07, 0.6616629958152771, -0.4728532135486603, -0.581903874874115, -0.4734344482421875, 0.3383370041847229, -0.8132577538490295], "cam_t_w2c": [-545.72802734375, -2610099.75, -3647178.0], "depth_scale": 1.0}
}