{
  "0": {"cam_K": [711.1112738715278, 0.0, 255.5, 0.0, 711.1112738715278, 255.5, 0.0, 0.0, 1.0], "cam_R_w2c": [-0.9996386766433716, -0.02688814327120781, -1.157149132069435e-08, -0.026824112981557846, 0.9972578883171082, -0.06897184252738953, 0.00185453612357378, -0.06894690543413162, -0.9976187944412231], "cam_t_w2c": [-452.41595458984375, -317853.75, -4417019.5], "depth_scale": 1.0},
  "1": {"cam_K": [711.1112738715278, 0.0, 255.5, 0.0, 711.1112738715278, 255.5, 0.0, 0.0, 1.0], "cam_R_w2c": [0.367708683013916, 0.9299410581588745, -4.163964817394117e-08, 0.9189250469207764, -0.36335289478302, -0.15346479415893555, -0.14271321892738342, 0.05643029883503914, -0.9881541132926941], "cam_t_w2c": [-11219.8818359375, -674510.25, -4376710.5], "depth_scale": 1.0}
}