{
  "0": {"cam_K": [711.1112738715278, 0.0, 255.5, 0.0, 711.1112738715278, 255.5, 0.0, 0.0, 1.0], "cam_R_w2c": [0.8397228121757507, 0.48945343494415283, -0.23516152799129486, 0.2800980806350708, -0.7614275217056274, -0.584613561630249, -0.4651995897293091, 0.4250450134277344, -0.7764830589294434], "cam_t_w2c": [27.56172752380371, 136.59542846679688, 992.8955688476562], "depth_scale": 1.0},
  "1": {"cam_K": [711.1112738715278, 0.0, 255.5, 0.0, 711.1112738715278, 255.5, 0.0, 0.0, 1.0], "cam_R_w2c": [0.8397228121757507, 0.48945343494415283, -0.23516152799129486, 0.2800980806350708, -0.7614275217056274, -0.584613561630249, -0.4651995897293091, 0.4250450134277344, -0.7764830589294434], "cam_t_w2c": [27.56172752380371, 136.59542846679688, 992.8955688476562], "depth_scale": 1.0},
  "2": {"cam_K": [711.1112738715278, 0.0, 255.5, 0.0, 711.1112738715278, 255.5, 0.0, 0.0, 1.0], "cam_R_w2c": [0.8397228121757507, 0.48945343494415283, -0.23516152799129486, 0.2800980806350708, -0.7614275217056274, -0.584613561630249, -0.4651995897293091, 0.4250450134277344, -0.7764830589294434], "cam_t_w2c": [27.56172752380371, 136.59542846679688, 992.8955688476562], "depth_scale": 1.0},
  "3": {"cam_K": [711.1112738715278, 0.0, 255.5, 0.0, 711.1112738715278, 255.5, 0.0, 0.0, 1.0], "cam_R_w2c": [0.8397228121757507, 0.48945343494415283, -0.23516152799129486, 0.2800980806350708, -0.7614275217056274, -0.584613561630249, -0.4651995897293091, 0.4250450134277344, -0.7764830589294434], "cam_t_w2c": [27.56172752380371, 136.59542846679688, 992.8955688476562], "depth_scale": 1.0},
  "4": {"cam_K": [711.1112738715278, 0.0, 255.5, 0.0, 711.1112738715278, 255.5, 0.0, 0.0, 1.0], "cam_R_w2c": [0.8397228121757507, 0.48945343494415283, -0.23516152799129486, 0.2800980806350708, -0.7614275217056274, -0.584613561630249, -0.4651995897293091, 0.4250450134277344, -0.7764830589294434], "cam_t_w2c": [27.56172752380371, 136.59542846679688, 992.8955688476562], "depth_scale": 1.0},
  "5": {"cam_K": [711.1112738715278, 0.0, 255.5, 0.0, 711.1112738715278, 255.5, 0.0, 0.0, 1.0], "cam_R_w2c": [-0.8345665335655212, -0.3054061830043793, 0.45850372314453125, -0.5356253385543823, 0.25515687465667725, -0.8049847483634949, 0.12885697185993195, -0.9173995852470398, -0.37652862071990967], "cam_t_w2c": [-30.751562118530273, -16.256900787353516, 887.8606567382812], "depth_scale": 1.0},
  "6": {"cam_K": [711.1112738715278, 0.0, 255.5, 0.0, 711.1112738715278, 255.5, 0.0, 0.0, 1.0], "cam_R_w2c": [-0.8345665335655212, -0.3054061830043793, 0.45850372314453125, -0.5356253385543823, 0.25515687465667725, -0.8049847483634949, 0.12885697185993195, -0.9173995852470398, -0.37652862071990967], "cam_t_w2c": [-30.751562118530273, -16.256900787353516, 887.8606567382812], "depth_scale": 1.0},
  "7": {"cam_K": [711.1112738715278, 0.0, 255.5, 0.0, 711.1112738715278, 255.5, 0.0, 0.0, 1.0], "cam_R_w2c": [-0.8345665335655212, -0.3054061830043793, 0.45850372314453125, -0.5356253385543823, 0.25515687465667725, -0.8049847483634949, 0.12885697185993195, -0.9173995852470398, -0.37652862071990967], "cam_t_w2c": [-30.751562118530273, -16.256900787353516, 887.8606567382812], "depth_scale": 1.0},
  "8": {"cam_K": [711.1112738715278, 0.0, 255.5, 0.0, 711.1112738715278, 255.5, 0.0, 0.0, 1.0], "cam_R_w2c": [-0.8345665335655212, -0.3054061830043793, 0.45850372314453125, -0.5356253385543823, 0.25515687465667725, -0.8049847483634949, 0.12885697185993195, -0.9173995852470398, -0.37652862071990967], "cam_t_w2c": [-30.751562118530273, -16.256900787353516, 887.8606567382812], "depth_scale": 1.0},
  "9": {"cam_K": [711.1112738715278, 0.0, 255.5, 0.0, 711.1112738715278, 255.5, 0.0, 0.0, 1.0], "cam_R_w2c": [-0.8345665335655212, -0.3054061830043793, 0.45850372314453125, -0.5356253385543823, 0.25515687465667725, -0.8049847483634949, 0.12885697185993195, -0.9173995852470398, -0.37652862071990967], "cam_t_w2c": [-30.751562118530273, -16.256900787353516, 887.8606567382812], "depth_scale": 1.0}
}