{
  "0": {"cam_K": [711.1112738715278, 0.0, 255.5, 0.0, 711.1112738715278, 255.5, 0.0, 0.0, 1.0], "cam_R_w2c": [-0.699763834476471, -0.7143743634223938, 1.5657346352782042e-07, -0.39324522018432617, 0.3852022588253021, -0.8348517417907715, 0.5963965654373169, -0.584199070930481, -0.5504749417304993], "cam_t_w2c": [-409.30029296875, -3745070.0, -2468447.25], "depth_scale": 1.0},
  "1": {"cam_K": [711.1112738715278, 0.0, 255.5, 0.0, 711.1112738715278, 255.5, 0.0, 0.0, 1.0], "cam_R_w2c": [0.975063145160675, -0.2219277173280716, 3.6553242210857206e-08, -0.06373076140880585, -0.28000807762145996, -0.957879900932312, 0.2125801146030426, 0.933993399143219, -0.2871691882610321], "cam_t_w2c": [213.611572265625, -4297065.0, -1286834.25], "depth_scale": 1.0}
}