{
  "0": {"cam_K": [711.1112738715278, 0.0, 255.5, 0.0, 711.1112738715278, 255.5, 0.0, 0.0, 1.0], "cam_R_w2c": [-0.032454658299684525, -0.9777044653892517, -0.2074624001979828, -0.6079906225204468, 0.18406198918819427, -0.7723137736320496, 0.7932806015014648, 0.10107000172138214, -0.6004087924957275], "cam_t_w2c": [-205.2964630126953, 6.4918975830078125, 443.9959716796875], "depth_scale": 1.0},
  "1": {"cam_K": [711.1112738715278, 0.0, 255.5, 0.0, 711.1112738715278, 255.5, 0.0, 0.0, 1.0], "cam_R_w2c": [-0.032454658299684525, -0.9777044653892517, -0.2074624001979828, -0.6079906225204468, 0.18406198918819427, -0.7723137736320496, 0.7932806015014648, 0.10107000172138214, -0.6004087924957275], "cam_t_w2c": [-205.2964630126953, 6.4918975830078125, 443.9959716796875], "depth_scale": 1.0},
  "2": {"cam_K": [711.1112738715278, 0.0, 255.5, 0.0, 711.1112738715278, 255.5, 0.0, 0.0, 1.0], "cam_R_w2c": [-0.032454658299684525, -0.9777044653892517, -0.2074624001979828, -0.6079906225204468, 0.18406198918819427, -0.7723137736320496, 0.7932806015014648, 0.10107000172138214, -0.6004087924957275], "cam_t_w2c": [-205.2964630126953, 6.4918975830078125, 443.9959716796875], "depth_scale": 1.0},
  "3": {"cam_K": [711.1112738715278, 0.0, 255.5, 0.0, 711.1112738715278, 255.5, 0.0, 0.0, 1.0], "cam_R_w2c": [-0.032454658299684525, -0.9777044653892517, -0.2074624001979828, -0.6079906225204468, 0.18406198918819427, -0.7723137736320496, 0.7932806015014648, 0.10107000172138214, -0.6004087924957275], "cam_t_w2c": [-205.2964630126953, 6.4918975830078125, 443.9959716796875], "depth_scale": 1.0},
  "4": {"cam_K": [711.1112738715278, 0.0, 255.5, 0.0, 711.1112738715278, 255.5, 0.0, 0.0, 1.0], "cam_R_w2c": [-0.032454658299684525, -0.9777044653892517, -0.2074624001979828, -0.6079906225204468, 0.18406198918819427, -0.7723137736320496, 0.7932806015014648, 0.10107000172138214, -0.6004087924957275], "cam_t_w2c": [-205.2964630126953, 6.4918975830078125, 443.9959716796875], "depth_scale": 1.0},
  "5": {"cam_K": [711.1112738715278, 0.0, 255.5, 0.0, 711.1112738715278, 255.5, 0.0, 0.0, 1.0], "cam_R_w2c": [-0.912429690361023, 0.22920134663581848, -0.33902645111083984, 0.4016617238521576, 0.6602001190185547, -0.6346681714057922, 0.07835850864648819, -0.7152640223503113, -0.6944475769996643], "cam_t_w2c": [159.0645294189453, -215.47296142578125, 622.3284912109375], "depth_scale": 1.0},
  "6": {"cam_K": [711.1112738715278, 0.0, 255.5, 0.0, 711.1112738715278, 255.5, 0.0, 0.0, 1.0], "cam_R_w2c": [-0.912429690361023, 0.22920134663581848, -0.33902645111083984, 0.4016617238521576, 0.6602001190185547, -0.6346681714057922, 0.07835850864648819, -0.7152640223503113, -0.6944475769996643], "cam_t_w2c": [159.0645294189453, -215.47296142578125, 622.3284912109375], "depth_scale": 1.0},
  "7": {"cam_K": [711.1112738715278, 0.0, 255.5, 0.0, 711.1112738715278, 255.5, 0.0, 0.0, 1.0], "cam_R_w2c": [-0.912429690361023, 0.22920134663581848, -0.33902645111083984, 0.4016617238521576, 0.6602001190185547, -0.6346681714057922, 0.07835850864648819, -0.7152640223503113, -0.6944475769996643], "cam_t_w2c": [159.0645294189453, -215.47296142578125, 622.3284912109375], "depth_scale": 1.0},
  "8": {"cam_K": [711.1112738715278, 0.0, 255.5, 0.0, 711.1112738715278, 255.5, 0.0, 0.0, 1.0], "cam_R_w2c": [-0.912429690361023, 0.22920134663581848, -0.33902645111083984, 0.4016617238521576, 0.6602001190185547, -0.6346681714057922, 0.07835850864648819, -0.7152640223503113, -0.6944475769996643], "cam_t_w2c": [159.0645294189453, -215.47296142578125, 622.3284912109375], "depth_scale": 1.0},
  "9": {"cam_K": [711.1112738715278, 0.0, 255.5, 0.0, 711.1112738715278, 255.5, 0.0, 0.0, 1.0], "cam_R_w2c": [-0.912429690361023, 0.22920134663581848, -0.33902645111083984, 0.4016617238521576, 0.6602001190185547, -0.6346681714057922, 0.07835850864648819, -0.7152640223503113, -0.6944475769996643], "cam_t_w2c": [159.0645294189453, -215.47296142578125, 622.3284912109375], "depth_scale": 1.0},
  "10": {"cam_K": [711.1112738715278, 0.0, 255.5, 0.0, 711.1112738715278, 255.5, 0.0, 0.0, 1.0], "cam_R_w2c": [-0.912429690361023, 0.22920134663581848, -0.33902645111083984, 0.4016617238521576, 0.6602001190185547, -0.6346681714057922, 0.07835850864648819, -0.7152640223503113, -0.6944475769996643], "cam_t_w2c": [159.0645294189453, -215.47296142578125, 622.3284912109375], "depth_scale": 1.0},
  "11": {"cam_K": [711.1112738715278, 0.0, 255.5, 0.0, 711.1112738715278, 255.5, 0.0, 0.0, 1.0], "cam_R_w2c": [-0.912429690361023, 0.22920134663581848, -0.33902645111083984, 0.4016617238521576, 0.6602001190185547, -0.6346681714057922, 0.07835850864648819, -0.7152640223503113, -0.6944475769996643], "cam_t_w2c": [159.0645294189453, -215.47296142578125, 622.3284912109375], "depth_scale": 1.0},
  "12": {"cam_K": [711.1112738715278, 0.0, 255.5, 0.0, 711.1112738715278, 255.5, 0.0, 0.0, 1.0], "cam_R_w2c": [-0.912429690361023, 0.22920134663581848, -0.33902645111083984, 0.4016617238521576, 0.6602001190185547, -0.6346681714057922, 0.07835850864648819, -0.7152640223503113, -0.6944475769996643], "cam_t_w2c": [159.0645294189453, -215.47296142578125, 622.3284912109375], "depth_scale": 1.0},
  "13": {"cam_K": [711.1112738715278, 0.0, 255.5, 0.0, 711.1112738715278, 255.5, 0.0, 0.0, 1.0], "cam_R_w2c": [-0.912429690361023, 0.22920134663581848, -0.33902645111083984, 0.4016617238521576, 0.6602001190185547, -0.6346681714057922, 0.07835850864648819, -0.7152640223503113, -0.6944475769996643], "cam_t_w2c": [159.0645294189453, -215.47296142578125, 622.3284912109375], "depth_scale": 1.0},
  "14": {"cam_K": [711.1112738715278, 0.0, 255.5, 0.0, 711.1112738715278, 255.5, 0.0, 0.0, 1.0], "cam_R_w2c": [-0.912429690361023, 0.22920134663581848, -0.33902645111083984, 0.4016617238521576, 0.6602001190185547, -0.6346681714057922, 0.07835850864648819, -0.7152640223503113, -0.6944475769996643], "cam_t_w2c": [159.0645294189453, -215.47296142578125, 622.3284912109375], "depth_scale": 1.0}
}