{
  "0": [{"cam_R_m2c": [0.7518308758735657, -0.21717283129692078, 0.6225642561912537, 0.5807626843452454, 0.6651773452758789, -0.46931192278862, -0.3121938407421112, 0.7144052982330322, 0.6262267827987671], "cam_t_m2c": [-1.1178584098815918, -0.8268356323242188, 893.3529663085938], "obj_id": 3}]
}