{
  "0": {"cam_K": [2346.1825408935547, 0.0, 956.150695733726, 0.0, 2351.0241982895623, 613.6550906152873, 0.0, 0.0, 1.0], "cam_R_w2c": [-0.5150558948516846, -0.85715651512146, -5.331345676040655e-08, -0.10252360254526138, 0.06160542741417885, -0.9928210377693176, 0.8510030508041382, -0.511358380317688, -0.11960893869400024], "cam_t_w2c": [-6710.7607421875, 46404.85546875, -31367.853515625], "depth_scale": 1.0}
}