{
  "0": {"cam_K": [2346.1825408935547, 0.0, 956.150695733726, 0.0, 2351.0241982895623, 613.6550906152873, 0.0, 0.0, 1.0], "cam_R_w2c": [0.8044058680534363, -0.5940800905227661, 4.261221064894016e-08, -0.321921169757843, -0.43589290976524353, -0.8404546976089478, 0.49929744005203247, 0.6760666966438293, -0.541881799697876], "cam_t_w2c": [320.9796142578125, -251.21429443359375, 847.8477172851562], "depth_scale": 1.0},
  "1": {"cam_K": [2346.1825408935547, 0.0, 956.150695733726, 0.0, 2351.0241982895623, 613.6550906152873, 0.0, 0.0, 1.0], "cam_R_w2c": [0.9053895473480225, 0.4245818853378296, -2.6302933164856768e-08, 0.23876523971557617, -0.5091493129730225, -0.8268967270851135, -0.351085364818573, 0.748663604259491, -0.5623538494110107], "cam_t_w2c": [225.77198791503906, -109.26586151123047, 365.56927490234375], "depth_scale": 1.0}
}