{
  "0": {"cam_K": [711.1112738715278, 0.0, 255.5, 0.0, 711.1112738715278, 255.5, 0.0, 0.0, 1.0], "cam_R_w2c": [-0.9955242276191711, 0.09450607746839523, -4.32377023074082e-09, 0.03931821882724762, 0.41417694091796875, -0.9093467593193054, -0.08593879640102386, -0.9052767753601074, -0.41603896021842957], "cam_t_w2c": [-413.68389892578125, -4078771.25, -1865094.25], "depth_scale": 1.0},
  "1": {"cam_K": [711.1112738715278, 0.0, 255.5, 0.0, 711.1112738715278, 255.5, 0.0, 0.0, 1.0], "cam_R_w2c": [0.9852197170257568, 0.17129528522491455, -4.57902658013154e-08, 0.17063625156879425, -0.9814292192459106, -0.08763515204191208, -0.015011534094810486, 0.08633987605571747, -0.9961526393890381], "cam_t_w2c": [420.7747497558594, -393052.0625, -4467429.0], "depth_scale": 1.0}
}