{
  "0": [{"cam_R_m2c": [-0.22336167097091675, -0.9720863699913025, 0.0718153566122055, -0.533559262752533, 0.06027504801750183, -0.843612015247345, 0.8157351613044739, -0.22674845159053802, -0.5321287512779236], "cam_t_m2c": [-661.1873168945312, 93.56570434570312, 540.7362670898438], "obj_id": 0}, {"cam_R_m2c": [-0.6651148200035095, -0.5484712719917297, -0.5067561864852905, -0.49198099970817566, -0.18866509199142456, 0.8499178886413574, -0.5617626309394836, 0.8146072626113892, -0.14435365796089172], "cam_t_m2c": [-288.7329406738281, 367.7900390625, 784.3480834960938], "obj_id": 0}],
  "1": [{"cam_R_m2c": [-0.2292528748512268, 0.9577410817146301, -0.17370900511741638, 0.6191073656082153, 0.005764918867498636, -0.7852849960327148, -0.7510983943939209, -0.28757351636886597, -0.5942661166191101], "cam_t_m2c": [690.568359375, -43.222347259521484, 716.8289184570312], "obj_id": 0}, {"cam_R_m2c": [0.6079134345054626, 0.1738254427909851, 0.7747424840927124, -0.5480849742889404, 0.7978571057319641, 0.25105154514312744, -0.5744946599006653, -0.5772423148155212, 0.5802991986274719], "cam_t_m2c": [371.83233642578125, 198.14222717285156, 1053.9718017578125], "obj_id": 0}]
}