{
  "0": {"cam_K": [711.1112738715278, 0.0, 255.5, 0.0, 711.1112738715278, 255.5, 0.0, 0.0, 1.0], "cam_R_w2c": [-0.4944000244140625, -0.869234561920166, -2.0589594385000964e-07, -0.628770649433136, 0.3576299846172333, -0.6904696226119995, 0.6001800894737244, -0.34136804938316345, -0.7233614325523376], "cam_t_w2c": [-451.94769287109375, -3096953.5, -3244082.0], "depth_scale": 1.0},
  "1": {"cam_K": [711.1112738715278, 0.0, 255.5, 0.0, 711.1112738715278, 255.5, 0.0, 0.0, 1.0], "cam_R_w2c": [0.04868987202644348, 0.9988139867782593, -7.586939432258077e-08, 0.4430808126926422, -0.021599262952804565, -0.8962214589118958, -0.8951584696769714, 0.04363689199090004, -0.443606972694397], "cam_t_w2c": [516.1847534179688, -4020054.5, -1988952.875], "depth_scale": 1.0}
}