{
  "0": {"cam_K": [711.1112738715278, 0.0, 255.5, 0.0, 711.1112738715278, 255.5, 0.0, 0.0, 1.0], "cam_R_w2c": [-0.9381706118583679, 0.17648845911026, 0.2978048026561737, -0.07643845677375793, 0.7334281802177429, -0.675455629825592, -0.3376285433769226, -0.6564563512802124, -0.6745902895927429], "cam_t_w2c": [-9.149892807006836, -73.26261901855469, 1161.68310546875], "depth_scale": 1.0},
  "1": {"cam_K": [711.1112738715278, 0.0, 255.5, 0.0, 711.1112738715278, 255.5, 0.0, 0.0, 1.0], "cam_R_w2c": [-0.9381706118583679, 0.17648845911026, 0.2978048026561737, -0.07643845677375793, 0.7334281802177429, -0.675455629825592, -0.3376285433769226, -0.6564563512802124, -0.6745902895927429], "cam_t_w2c": [-9.149892807006836, -73.26261901855469, 1161.68310546875], "depth_scale": 1.0},
  "2": {"cam_K": [711.1112738715278, 0.0, 255.5, 0.0, 711.1112738715278, 255.5, 0.0, 0.0, 1.0], "cam_R_w2c": [-0.9381706118583679, 0.17648845911026, 0.2978048026561737, -0.07643845677375793, 0.7334281802177429, -0.675455629825592, -0.3376285433769226, -0.6564563512802124, -0.6745902895927429], "cam_t_w2c": [-9.149892807006836, -73.26261901855469, 1161.68310546875], "depth_scale": 1.0},
  "3": {"cam_K": [711.1112738715278, 0.0, 255.5, 0.0, 711.1112738715278, 255.5, 0.0, 0.0, 1.0], "cam_R_w2c": [0.9685746431350708, -0.1741834282875061, -0.177547886967659, -0.21677647531032562, -0.9411700367927551, -0.25924256443977356, -0.12194700539112091, 0.2895839810371399, -0.9493523240089417], "cam_t_w2c": [23.944292068481445, -149.54104614257812, 1190.1944580078125], "depth_scale": 1.0},
  "4": {"cam_K": [711.1112738715278, 0.0, 255.5, 0.0, 711.1112738715278, 255.5, 0.0, 0.0, 1.0], "cam_R_w2c": [0.949722945690155, 0.31206682324409485, 0.02530992403626442, 0.31272369623184204, -0.9494200944900513, -0.028383349999785423, 0.015172245912253857, 0.034871332347393036, -0.9992767572402954], "cam_t_w2c": [94.09490203857422, -126.05039978027344, 1203.3814697265625], "depth_scale": 1.0}
}