{
  "0": {"cam_K": [711.1112738715278, 0.0, 255.5, 0.0, 711.1112738715278, 255.5, 0.0, 0.0, 1.0], "cam_R_w2c": [0.35736289620399475, 0.7396285533905029, 0.570299506187439, 0.4920441508293152, 0.3699132204055786, -0.7880716323852539, -0.7938416004180908, 0.5622401237487793, -0.2317366600036621], "cam_t_w2c": [-379.6297302246094, 204.36366271972656, 825.432861328125], "depth_scale": 1.0},
  "1": {"cam_K": [711.1112738715278, 0.0, 255.5, 0.0, 711.1112738715278, 255.5, 0.0, 0.0, 1.0], "cam_R_w2c": [0.35736289620399475, 0.7396285533905029, 0.570299506187439, 0.4920441508293152, 0.3699132204055786, -0.7880716323852539, -0.7938416004180908, 0.5622401237487793, -0.2317366600036621], "cam_t_w2c": [-379.6297302246094, 204.36366271972656, 825.432861328125], "depth_scale": 1.0},
  "2": {"cam_K": [711.1112738715278, 0.0, 255.5, 0.0, 711.1112738715278, 255.5, 0.0, 0.0, 1.0], "cam_R_w2c": [0.35736289620399475, 0.7396285533905029, 0.570299506187439, 0.4920441508293152, 0.3699132204055786, -0.7880716323852539, -0.7938416004180908, 0.5622401237487793, -0.2317366600036621], "cam_t_w2c": [-379.6297302246094, 204.36366271972656, 825.432861328125], "depth_scale": 1.0},
  "3": {"cam_K": [711.1112738715278, 0.0, 255.5, 0.0, 711.1112738715278, 255.5, 0.0, 0.0, 1.0], "cam_R_w2c": [0.35736289620399475, 0.7396285533905029, 0.570299506187439, 0.4920441508293152, 0.3699132204055786, -0.7880716323852539, -0.7938416004180908, 0.5622401237487793, -0.2317366600036621], "cam_t_w2c": [-379.6297302246094, 204.36366271972656, 825.432861328125], "depth_scale": 1.0},
  "4": {"cam_K": [711.1112738715278, 0.0, 255.5, 0.0, 711.1112738715278, 255.5, 0.0, 0.0, 1.0], "cam_R_w2c": [0.35736289620399475, 0.7396285533905029, 0.570299506187439, 0.4920441508293152, 0.3699132204055786, -0.7880716323852539, -0.7938416004180908, 0.5622401237487793, -0.2317366600036621], "cam_t_w2c": [-379.6297302246094, 204.36366271972656, 825.432861328125], "depth_scale": 1.0},
  "5": {"cam_K": [711.1112738715278, 0.0, 255.5, 0.0, 711.1112738715278, 255.5, 0.0, 0.0, 1.0], "cam_R_w2c": [0.35736289620399475, 0.7396285533905029, 0.570299506187439, 0.4920441508293152, 0.3699132204055786, -0.7880716323852539, -0.7938416004180908, 0.5622401237487793, -0.2317366600036621], "cam_t_w2c": [-379.6297302246094, 204.36366271972656, 825.432861328125], "depth_scale": 1.0},
  "6": {"cam_K": [711.1112738715278, 0.0, 255.5, 0.0, 711.1112738715278, 255.5, 0.0, 0.0, 1.0], "cam_R_w2c": [0.35736289620399475, 0.7396285533905029, 0.570299506187439, 0.4920441508293152, 0.3699132204055786, -0.7880716323852539, -0.7938416004180908, 0.5622401237487793, -0.2317366600036621], "cam_t_w2c": [-379.6297302246094, 204.36366271972656, 825.432861328125], "depth_scale": 1.0},
  "7": {"cam_K": [711.1112738715278, 0.0, 255.5, 0.0, 711.1112738715278, 255.5, 0.0, 0.0, 1.0], "cam_R_w2c": [0.35736289620399475, 0.7396285533905029, 0.570299506187439, 0.4920441508293152, 0.3699132204055786, -0.7880716323852539, -0.7938416004180908, 0.5622401237487793, -0.2317366600036621], "cam_t_w2c": [-379.6297302246094, 204.36366271972656, 825.432861328125], "depth_scale": 1.0},
  "8": {"cam_K": [711.1112738715278, 0.0, 255.5, 0.0, 711.1112738715278, 255.5, 0.0, 0.0, 1.0], "cam_R_w2c": [0.35736289620399475, 0.7396285533905029, 0.570299506187439, 0.4920441508293152, 0.3699132204055786, -0.7880716323852539, -0.7938416004180908, 0.5622401237487793, -0.2317366600036621], "cam_t_w2c": [-379.6297302246094, 204.36366271972656, 825.432861328125], "depth_scale": 1.0},
  "9": {"cam_K": [711.1112738715278, 0.0, 255.5, 0.0, 711.1112738715278, 255.5, 0.0, 0.0, 1.0], "cam_R_w2c": [0.35736289620399475, 0.7396285533905029, 0.570299506187439, 0.4920441508293152, 0.3699132204055786, -0.7880716323852539, -0.7938416004180908, 0.5622401237487793, -0.2317366600036621], "cam_t_w2c": [-379.6297302246094, 204.36366271972656, 825.432861328125], "depth_scale": 1.0}
}