{
  "0": {"cam_K": [711.1112738715278, 0.0, 255.5, 0.0, 711.1112738715278, 255.5, 0.0, 0.0, 1.0], "cam_R_w2c": [0.8016722202301025, -0.5977638959884644, -3.3572966628980794e-09, -0.31250834465026855, -0.4191107749938965, -0.8524580597877502, 0.5095686316490173, 0.6833919882774353, -0.5227956771850586], "cam_t_w2c": [156.46278381347656, -3823291.5, -2344029.25], "depth_scale": 1.0},
  "1": {"cam_K": [711.1112738715278, 0.0, 255.5, 0.0, 711.1112738715278, 255.5, 0.0, 0.0, 1.0], "cam_R_w2c": [-0.968172550201416, -0.2502838969230652, -2.05564703037453e-08, -0.209031343460083, 0.8085953593254089, -0.5499813556671143, 0.1376514881849289, -0.5324768424034119, -0.8351770043373108], "cam_t_w2c": [-70.7080307006836, -2466809.25, -3744626.75], "depth_scale": 1.0}
}