{
  "0": {"cam_K": [2346.1825408935547, 0.0, 956.150695733726, 0.0, 2351.0241982895623, 613.6550906152873, 0.0, 0.0, 1.0], "cam_R_w2c": [0.7948306202888489, -0.6068313121795654, 2.3688945915978366e-08, -0.26496919989585876, -0.347057968378067, -0.8996344208717346, 0.5459263324737549, 0.7150569558143616, -0.43664389848709106], "cam_t_w2c": [25.53598976135254, 414.61505126953125, 3285.456298828125], "depth_scale": 1.0}
}