{
  "0": {"cam_K": [711.1112738715278, 0.0, 255.5, 0.0, 711.1112738715278, 255.5, 0.0, 0.0, 1.0], "cam_R_w2c": [0.10455719381570816, 0.9945189952850342, -8.692706643387282e-08, 0.17562440037727356, -0.01846420019865036, -0.9842841625213623, -0.9788891673088074, 0.10291406512260437, -0.17659243941307068], "cam_t_w2c": [-226.31849670410156, -4415209.0, -791190.3125], "depth_scale": 1.0},
  "1": {"cam_K": [711.1112738715278, 0.0, 255.5, 0.0, 711.1112738715278, 255.5, 0.0, 0.0, 1.0], "cam_R_w2c": [0.7751035094261169, -0.6318342685699463, 1.704252561296471e-08, -0.32261744141578674, -0.3957713842391968, -0.8598156571388245, 0.5432609915733337, 0.6664460897445679, -0.5106045603752136], "cam_t_w2c": [-82.36137390136719, -3856676.75, -2289930.25], "depth_scale": 1.0}
}