{
  "0": {"cam_K": [711.1112738715278, 0.0, 255.5, 0.0, 711.1112738715278, 255.5, 0.0, 0.0, 1.0], "cam_R_w2c": [-0.7623236179351807, 0.6162958145141602, 0.19759100675582886, 0.16626407206058502, 0.481546550989151, -0.860505223274231, -0.6254749894142151, -0.6231311559677124, -0.4695621728897095], "cam_t_w2c": [-215.14259338378906, 65.78280639648438, 550.6945190429688], "depth_scale": 1.0},
  "1": {"cam_K": [711.1112738715278, 0.0, 255.5, 0.0, 711.1112738715278, 255.5, 0.0, 0.0, 1.0], "cam_R_w2c": [-0.378866583108902, -0.9250667095184326, -0.02667873725295067, -0.6246744990348816, 0.2768963575363159, -0.7301439642906189, 0.6828190684318542, -0.2599616050720215, -0.6827723383903503], "cam_t_w2c": [106.25519561767578, 6.743646621704102, 681.2344970703125], "depth_scale": 1.0},
  "2": {"cam_K": [711.1112738715278, 0.0, 255.5, 0.0, 711.1112738715278, 255.5, 0.0, 0.0, 1.0], "cam_R_w2c": [-0.378866583108902, -0.9250667095184326, -0.02667873725295067, -0.6246744990348816, 0.2768963575363159, -0.7301439642906189, 0.6828190684318542, -0.2599616050720215, -0.6827723383903503], "cam_t_w2c": [106.25519561767578, 6.743646621704102, 681.2344970703125], "depth_scale": 1.0}
}