{
  "0": {"cam_K": [711.1112738715278, 0.0, 255.5, 0.0, 711.1112738715278, 255.5, 0.0, 0.0, 1.0], "cam_R_w2c": [0.8035887479782104, 0.5951849818229675, -1.1429310120547598e-07, 0.13167227804660797, -0.177777498960495, -0.9752218723297119, -0.580437421798706, 0.7836772799491882, -0.22122935950756073], "cam_t_w2c": [80.76107788085938, -177.1195831298828, 1150.9267578125], "depth_scale": 1.0},
  "1": {"cam_K": [711.1112738715278, 0.0, 255.5, 0.0, 711.1112738715278, 255.5, 0.0, 0.0, 1.0], "cam_R_w2c": [0.9831854701042175, 0.18260963261127472, 5.4962625561927325e-09, 0.09447822719812393, -0.508678674697876, -0.855756938457489, -0.15626946091651917, 0.8413678407669067, -0.5173780918121338], "cam_t_w2c": [9.091212272644043, -212.96942138671875, 1163.673583984375], "depth_scale": 1.0}
}