{
  "0": {"cam_K": [711.1112738715278, 0.0, 255.5, 0.0, 711.1112738715278, 255.5, 0.0, 0.0, 1.0], "cam_R_w2c": [-0.2249588966369629, -0.9743682742118835, 9.441153991929241e-08, -0.7376421093940735, 0.17030425369739532, -0.6533609628677368, 0.636614203453064, -0.146979421377182, -0.7570465803146362], "cam_t_w2c": [179.956298828125, -2930467.5, -3394672.75], "depth_scale": 1.0},
  "1": {"cam_K": [711.1112738715278, 0.0, 255.5, 0.0, 711.1112738715278, 255.5, 0.0, 0.0, 1.0], "cam_R_w2c": [-0.9097030162811279, -0.4152594804763794, -7.707114946242655e-09, -0.14146719872951508, 0.30991020798683167, -0.9401822686195374, 0.390419602394104, -0.8552866578102112, -0.3406718373298645], "cam_t_w2c": [105.8369140625, -4216968.0, -1526868.875], "depth_scale": 1.0}
}