{
  "0": {"cam_K": [711.1112738715278, 0.0, 255.5, 0.0, 711.1112738715278, 255.5, 0.0, 0.0, 1.0], "cam_R_w2c": [-0.9128249287605286, 0.40835124254226685, 6.991231060737846e-08, 0.126105397939682, 0.28189510107040405, -0.9511217474937439, -0.38839176297187805, -0.8682076334953308, -0.30881616473197937], "cam_t_w2c": [24.032079696655273, -4266253.5, -1384231.75], "depth_scale": 1.0},
  "1": {"cam_K": [711.1112738715278, 0.0, 255.5, 0.0, 711.1112738715278, 255.5, 0.0, 0.0, 1.0], "cam_R_w2c": [0.904258131980896, -0.4269862174987793, 1.6447952333464855e-08, -0.3219321072101593, -0.6817778944969177, -0.6569159626960754, 0.2804940938949585, 0.5940216183662415, -0.7539637684822083], "cam_t_w2c": [-19.96863555908203, -2946422.75, -3381040.0], "depth_scale": 1.0}
}