{
  "0": {"cam_K": [711.1112738715278, 0.0, 255.5, 0.0, 711.1112738715278, 255.5, 0.0, 0.0, 1.0], "cam_R_w2c": [0.1193220317363739, -0.9928556084632874, 1.1816332801117824e-08, -0.9245750904083252, -0.11111607402563095, -0.36443671584129333, 0.36183303594589233, 0.04348532482981682, -0.9312281608581543], "cam_t_w2c": [173.44985961914062, -1634646.875, -4176282.75], "depth_scale": 1.0},
  "1": {"cam_K": [711.1112738715278, 0.0, 255.5, 0.0, 711.1112738715278, 255.5, 0.0, 0.0, 1.0], "cam_R_w2c": [-0.8284723162651062, 0.5600300431251526, -8.676781249050691e-08, 0.39751532673835754, 0.588058352470398, -0.7043926119804382, -0.39448100328445435, -0.5835698246955872, -0.7098106145858765], "cam_t_w2c": [-79.85446166992188, -3159681.25, -3182776.25], "depth_scale": 1.0}
}