{
  "0": {"cam_K": [711.1112738715278, 0.0, 255.5, 0.0, 711.1112738715278, 255.5, 0.0, 0.0, 1.0], "cam_R_w2c": [0.10505277663469315, 0.7916337251663208, 0.6018970012664795, 0.5030487775802612, 0.4797969162464142, -0.7188441157341003, -0.8578495383262634, 0.37830010056495667, -0.34782636165618896], "cam_t_w2c": [-2.065680980682373, -74.02635192871094, 320.6728515625], "depth_scale": 1.0},
  "1": {"cam_K": [711.1112738715278, 0.0, 255.5, 0.0, 711.1112738715278, 255.5, 0.0, 0.0, 1.0], "cam_R_w2c": [0.7374064922332764, 0.2606721520423889, -0.6231225728988647, -0.3474961817264557, -0.6446710228919983, -0.680915355682373, -0.5792047381401062, 0.7186440825462341, -0.3848020136356354], "cam_t_w2c": [-113.48544311523438, 40.81850814819336, 283.3444519042969], "depth_scale": 1.0}
}