{
  "0": {"cam_K": [2346.1825408935547, 0.0, 956.150695733726, 0.0, 2351.0241982895623, 613.6550906152873, 0.0, 0.0, 1.0], "cam_R_w2c": [-0.9975650906562805, 0.010783430188894272, 0.06890565901994705, -0.05359683185815811, 0.5136567950248718, -0.8563201427459717, -0.04462793096899986, -0.8579280376434326, -0.5118281841278076], "cam_t_w2c": [29.620820999145508, 119.01717376708984, 499.3203125], "depth_scale": 1.0},
  "1": {"cam_K": [2346.1825408935547, 0.0, 956.150695733726, 0.0, 2351.0241982895623, 613.6550906152873, 0.0, 0.0, 1.0], "cam_R_w2c": [0.589871346950531, 0.8074861764907837, -0.0042336005717515945, 0.45921120047569275, -0.33975866436958313, -0.8207857012748718, -0.6642114520072937, 0.4822138249874115, -0.5712205767631531], "cam_t_w2c": [92.36946105957031, -12.949565887451172, 717.4942016601562], "depth_scale": 1.0}
}