{
  "0": {"cam_K": [711.1112738715278, 0.0, 255.5, 0.0, 711.1112738715278, 255.5, 0.0, 0.0, 1.0], "cam_R_w2c": [0.8757902979850769, -0.44276466965675354, -0.19222602248191833, -0.34197789430618286, -0.28810766339302063, -0.8944523334503174, 0.34065011143684387, 0.8490897417068481, -0.4037376046180725], "cam_t_w2c": [-121.1061782836914, -26.075727462768555, 748.262451171875], "depth_scale": 1.0},
  "1": {"cam_K": [711.1112738715278, 0.0, 255.5, 0.0, 711.1112738715278, 255.5, 0.0, 0.0, 1.0], "cam_R_w2c": [0.8757902979850769, -0.44276466965675354, -0.19222602248191833, -0.34197789430618286, -0.28810766339302063, -0.8944523334503174, 0.34065011143684387, 0.8490897417068481, -0.4037376046180725], "cam_t_w2c": [-121.1061782836914, -26.075727462768555, 748.262451171875], "depth_scale": 1.0},
  "2": {"cam_K": [711.1112738715278, 0.0, 255.5, 0.0, 711.1112738715278, 255.5, 0.0, 0.0, 1.0], "cam_R_w2c": [0.8757902979850769, -0.44276466965675354, -0.19222602248191833, -0.34197789430618286, -0.28810766339302063, -0.8944523334503174, 0.34065011143684387, 0.8490897417068481, -0.4037376046180725], "cam_t_w2c": [-121.1061782836914, -26.075727462768555, 748.262451171875], "depth_scale": 1.0},
  "3": {"cam_K": [711.1112738715278, 0.0, 255.5, 0.0, 711.1112738715278, 255.5, 0.0, 0.0, 1.0], "cam_R_w2c": [0.8757902979850769, -0.44276466965675354, -0.19222602248191833, -0.34197789430618286, -0.28810766339302063, -0.8944523334503174, 0.34065011143684387, 0.8490897417068481, -0.4037376046180725], "cam_t_w2c": [-121.1061782836914, -26.075727462768555, 748.262451171875], "depth_scale": 1.0},
  "4": {"cam_K": [711.1112738715278, 0.0, 255.5, 0.0, 711.1112738715278, 255.5, 0.0, 0.0, 1.0], "cam_R_w2c": [0.8757902979850769, -0.44276466965675354, -0.19222602248191833, -0.34197789430618286, -0.28810766339302063, -0.8944523334503174, 0.34065011143684387, 0.8490897417068481, -0.4037376046180725], "cam_t_w2c": [-121.1061782836914, -26.075727462768555, 748.262451171875], "depth_scale": 1.0},
  "5": {"cam_K": [711.1112738715278, 0.0, 255.5, 0.0, 711.1112738715278, 255.5, 0.0, 0.0, 1.0], "cam_R_w2c": [-0.032454658299684525, -0.9777044653892517, -0.2074624001979828, -0.6079906225204468, 0.18406198918819427, -0.7723137736320496, 0.7932806015014648, 0.10107000172138214, -0.6004087924957275], "cam_t_w2c": [-205.2964630126953, 6.4918975830078125, 443.9959716796875], "depth_scale": 1.0},
  "6": {"cam_K": [711.1112738715278, 0.0, 255.5, 0.0, 711.1112738715278, 255.5, 0.0, 0.0, 1.0], "cam_R_w2c": [-0.032454658299684525, -0.9777044653892517, -0.2074624001979828, -0.6079906225204468, 0.18406198918819427, -0.7723137736320496, 0.7932806015014648, 0.10107000172138214, -0.6004087924957275], "cam_t_w2c": [-205.2964630126953, 6.4918975830078125, 443.9959716796875], "depth_scale": 1.0},
  "7": {"cam_K": [711.1112738715278, 0.0, 255.5, 0.0, 711.1112738715278, 255.5, 0.0, 0.0, 1.0], "cam_R_w2c": [-0.032454658299684525, -0.9777044653892517, -0.2074624001979828, -0.6079906225204468, 0.18406198918819427, -0.7723137736320496, 0.7932806015014648, 0.10107000172138214, -0.6004087924957275], "cam_t_w2c": [-205.2964630126953, 6.4918975830078125, 443.9959716796875], "depth_scale": 1.0},
  "8": {"cam_K": [711.1112738715278, 0.0, 255.5, 0.0, 711.1112738715278, 255.5, 0.0, 0.0, 1.0], "cam_R_w2c": [-0.032454658299684525, -0.9777044653892517, -0.2074624001979828, -0.6079906225204468, 0.18406198918819427, -0.7723137736320496, 0.7932806015014648, 0.10107000172138214, -0.6004087924957275], "cam_t_w2c": [-205.2964630126953, 6.4918975830078125, 443.9959716796875], "depth_scale": 1.0},
  "9": {"cam_K": [711.1112738715278, 0.0, 255.5, 0.0, 711.1112738715278, 255.5, 0.0, 0.0, 1.0], "cam_R_w2c": [-0.032454658299684525, -0.9777044653892517, -0.2074624001979828, -0.6079906225204468, 0.18406198918819427, -0.7723137736320496, 0.7932806015014648, 0.10107000172138214, -0.6004087924957275], "cam_t_w2c": [-205.2964630126953, 6.4918975830078125, 443.9959716796875], "depth_scale": 1.0},
  "10": {"cam_K": [711.1112738715278, 0.0, 255.5, 0.0, 711.1112738715278, 255.5, 0.0, 0.0, 1.0], "cam_R_w2c": [-0.032454658299684525, -0.9777044653892517, -0.2074624001979828, -0.6079906225204468, 0.18406198918819427, -0.7723137736320496, 0.7932806015014648, 0.10107000172138214, -0.6004087924957275], "cam_t_w2c": [-205.2964630126953, 6.4918975830078125, 443.9959716796875], "depth_scale": 1.0},
  "11": {"cam_K": [711.1112738715278, 0.0, 255.5, 0.0, 711.1112738715278, 255.5, 0.0, 0.0, 1.0], "cam_R_w2c": [-0.032454658299684525, -0.9777044653892517, -0.2074624001979828, -0.6079906225204468, 0.18406198918819427, -0.7723137736320496, 0.7932806015014648, 0.10107000172138214, -0.6004087924957275], "cam_t_w2c": [-205.2964630126953, 6.4918975830078125, 443.9959716796875], "depth_scale": 1.0},
  "12": {"cam_K": [711.1112738715278, 0.0, 255.5, 0.0, 711.1112738715278, 255.5, 0.0, 0.0, 1.0], "cam_R_w2c": [-0.032454658299684525, -0.9777044653892517, -0.2074624001979828, -0.6079906225204468, 0.18406198918819427, -0.7723137736320496, 0.7932806015014648, 0.10107000172138214, -0.6004087924957275], "cam_t_w2c": [-205.2964630126953, 6.4918975830078125, 443.9959716796875], "depth_scale": 1.0},
  "13": {"cam_K": [711.1112738715278, 0.0, 255.5, 0.0, 711.1112738715278, 255.5, 0.0, 0.0, 1.0], "cam_R_w2c": [-0.032454658299684525, -0.9777044653892517, -0.2074624001979828, -0.6079906225204468, 0.18406198918819427, -0.7723137736320496, 0.7932806015014648, 0.10107000172138214, -0.6004087924957275], "cam_t_w2c": [-205.2964630126953, 6.4918975830078125, 443.9959716796875], "depth_scale": 1.0},
  "14": {"cam_K": [711.1112738715278, 0.0, 255.5, 0.0, 711.1112738715278, 255.5, 0.0, 0.0, 1.0], "cam_R_w2c": [-0.032454658299684525, -0.9777044653892517, -0.2074624001979828, -0.6079906225204468, 0.18406198918819427, -0.7723137736320496, 0.7932806015014648, 0.10107000172138214, -0.6004087924957275], "cam_t_w2c": [-205.2964630126953, 6.4918975830078125, 443.9959716796875], "depth_scale": 1.0}
}