{
  "0": {"cam_K": [711.1112738715278, 0.0, 255.5, 0.0, 711.1112738715278, 255.5, 0.0, 0.0, 1.0], "cam_R_w2c": [0.5473831295967102, -0.8368821740150452, 8.389788774820772e-08, -0.6915814280509949, -0.4523458480834961, -0.5631150603294373, 0.4712609350681305, 0.3082396686077118, -0.8263786435127258], "cam_t_w2c": [-1776.3341064453125, -2494256.75, -3677324.25], "depth_scale": 1.0},
  "1": {"cam_K": [711.1112738715278, 0.0, 255.5, 0.0, 711.1112738715278, 255.5, 0.0, 0.0, 1.0], "cam_R_w2c": [0.6763327121734619, -0.7365962862968445, 7.223967912750595e-08, -0.17126917839050293, -0.15725718438625336, -0.9725930094718933, 0.716408371925354, 0.6577964425086975, -0.232514426112175], "cam_t_w2c": [-3384.0888671875, -4320065.5, -1041817.375], "depth_scale": 1.0}
}