{
  "0": {"cam_K": [711.1112738715278, 0.0, 255.5, 0.0, 711.1112738715278, 255.5, 0.0, 0.0, 1.0], "cam_R_w2c": [0.8549562096595764, 0.4958190321922302, -0.15235929191112518, 0.15776939690113068, -0.528390645980835, -0.8342135548591614, -0.4941241443157196, 0.6891784071922302, -0.529975950717926], "cam_t_w2c": [-109.42937469482422, -63.02446746826172, 904.57958984375], "depth_scale": 1.0},
  "1": {"cam_K": [711.1112738715278, 0.0, 255.5, 0.0, 711.1112738715278, 255.5, 0.0, 0.0, 1.0], "cam_R_w2c": [-0.22817228734493256, -0.9604478478431702, 0.15961648523807526, -0.21565446257591248, -0.11001323163509369, -0.9702526926994324, 0.9494369626045227, -0.2558067739009857, -0.18202289938926697], "cam_t_w2c": [243.3758544921875, 95.73216247558594, 691.6293334960938], "depth_scale": 1.0},
  "2": {"cam_K": [711.1112738715278, 0.0, 255.5, 0.0, 711.1112738715278, 255.5, 0.0, 0.0, 1.0], "cam_R_w2c": [-0.22817228734493256, -0.9604478478431702, 0.15961648523807526, -0.21565446257591248, -0.11001323163509369, -0.9702526926994324, 0.9494369626045227, -0.2558067739009857, -0.18202289938926697], "cam_t_w2c": [243.3758544921875, 95.73216247558594, 691.6293334960938], "depth_scale": 1.0},
  "3": {"cam_K": [711.1112738715278, 0.0, 255.5, 0.0, 711.1112738715278, 255.5, 0.0, 0.0, 1.0], "cam_R_w2c": [0.6971116662025452, 0.6840941905975342, 0.21459366381168365, 0.3248389661312103, -0.03453965112566948, -0.9451385140419006, -0.6391517519950867, 0.7285754680633545, -0.24629846215248108], "cam_t_w2c": [-333.4404296875, -85.00975036621094, 740.3588256835938], "depth_scale": 1.0},
  "4": {"cam_K": [711.1112738715278, 0.0, 255.5, 0.0, 711.1112738715278, 255.5, 0.0, 0.0, 1.0], "cam_R_w2c": [0.6971116662025452, 0.6840941905975342, 0.21459366381168365, 0.3248389661312103, -0.03453965112566948, -0.9451385140419006, -0.6391517519950867, 0.7285754680633545, -0.24629846215248108], "cam_t_w2c": [-333.4404296875, -85.00975036621094, 740.3588256835938], "depth_scale": 1.0}
}