{
  "0": {"cam_K": [711.1112738715278, 0.0, 255.5, 0.0, 711.1112738715278, 255.5, 0.0, 0.0, 1.0], "cam_R_w2c": [0.8404490351676941, -0.5226728916168213, 0.14303304255008698, 0.06997083872556686, -0.1570691466331482, -0.9851058125495911, 0.5373541712760925, 0.8379393815994263, -0.09543676674365997], "cam_t_w2c": [107.86760711669922, 15.019551277160645, 933.0708618164062], "depth_scale": 1.0},
  "1": {"cam_K": [711.1112738715278, 0.0, 255.5, 0.0, 711.1112738715278, 255.5, 0.0, 0.0, 1.0], "cam_R_w2c": [-0.1035473421216011, 0.9884472489356995, -0.1106795072555542, 0.5563556551933289, -0.03467988222837448, -0.8302202820777893, -0.8244673013687134, -0.147544264793396, -0.5463372468948364], "cam_t_w2c": [-108.700439453125, 150.08815002441406, 704.3760375976562], "depth_scale": 1.0},
  "2": {"cam_K": [711.1112738715278, 0.0, 255.5, 0.0, 711.1112738715278, 255.5, 0.0, 0.0, 1.0], "cam_R_w2c": [-0.1035473421216011, 0.9884472489356995, -0.1106795072555542, 0.5563556551933289, -0.03467988222837448, -0.8302202820777893, -0.8244673013687134, -0.147544264793396, -0.5463372468948364], "cam_t_w2c": [-108.700439453125, 150.08815002441406, 704.3760375976562], "depth_scale": 1.0},
  "3": {"cam_K": [711.1112738715278, 0.0, 255.5, 0.0, 711.1112738715278, 255.5, 0.0, 0.0, 1.0], "cam_R_w2c": [-0.6940121650695801, 0.7054262757301331, 0.14394783973693848, 0.32045188546180725, 0.4817049205303192, -0.815641462802887, -0.6447153091430664, -0.5199366807937622, -0.5603642463684082], "cam_t_w2c": [-235.1184539794922, 45.6311149597168, 686.9574584960938], "depth_scale": 1.0},
  "4": {"cam_K": [711.1112738715278, 0.0, 255.5, 0.0, 711.1112738715278, 255.5, 0.0, 0.0, 1.0], "cam_R_w2c": [-0.6940121650695801, 0.7054262757301331, 0.14394783973693848, 0.32045188546180725, 0.4817049205303192, -0.815641462802887, -0.6447153091430664, -0.5199366807937622, -0.5603642463684082], "cam_t_w2c": [-235.1184539794922, 45.6311149597168, 686.9574584960938], "depth_scale": 1.0}
}