{
  "0": {"cam_K": [2346.1825408935547, 0.0, 956.150695733726, 0.0, 2351.0241982895623, 613.6550906152873, 0.0, 0.0, 1.0], "cam_R_w2c": [-0.3446083664894104, -0.9387466311454773, 4.192201585873079e-10, -0.4084550738334656, 0.1499413549900055, -0.9003788828849792, 0.8452275991439819, -0.3102779984474182, -0.43510693311691284], "cam_t_w2c": [-26.69492530822754, 216.97291564941406, 4051.091552734375], "depth_scale": 1.0}
}