{
  "0": {"cam_K": [711.1112738715278, 0.0, 255.5, 0.0, 711.1112738715278, 255.5, 0.0, 0.0, 1.0], "cam_R_w2c": [0.7268614768981934, -0.637409508228302, 0.25569823384284973, 0.08428485691547394, -0.2867077887058258, -0.9543032646179199, 0.6815926432609558, 0.715197741985321, -0.15467287600040436], "cam_t_w2c": [-2.512157678604126, 40.81922149658203, 669.2920532226562], "depth_scale": 1.0},
  "1": {"cam_K": [711.1112738715278, 0.0, 255.5, 0.0, 711.1112738715278, 255.5, 0.0, 0.0, 1.0], "cam_R_w2c": [0.7268614768981934, -0.637409508228302, 0.25569823384284973, 0.08428485691547394, -0.2867077887058258, -0.9543032646179199, 0.6815926432609558, 0.715197741985321, -0.15467287600040436], "cam_t_w2c": [-2.512157678604126, 40.81922149658203, 669.2920532226562], "depth_scale": 1.0},
  "2": {"cam_K": [711.1112738715278, 0.0, 255.5, 0.0, 711.1112738715278, 255.5, 0.0, 0.0, 1.0], "cam_R_w2c": [-0.8047253489494324, 0.5933343768119812, 0.01927022822201252, 0.36442703008651733, 0.519367516040802, -0.7729490995407104, -0.46862560510635376, -0.614989161491394, -0.6341752409934998], "cam_t_w2c": [29.208011627197266, -169.6964111328125, 1058.37939453125], "depth_scale": 1.0},
  "3": {"cam_K": [711.1112738715278, 0.0, 255.5, 0.0, 711.1112738715278, 255.5, 0.0, 0.0, 1.0], "cam_R_w2c": [-0.8047253489494324, 0.5933343768119812, 0.01927022822201252, 0.36442703008651733, 0.519367516040802, -0.7729490995407104, -0.46862560510635376, -0.614989161491394, -0.6341752409934998], "cam_t_w2c": [29.208011627197266, -169.6964111328125, 1058.37939453125], "depth_scale": 1.0},
  "4": {"cam_K": [711.1112738715278, 0.0, 255.5, 0.0, 711.1112738715278, 255.5, 0.0, 0.0, 1.0], "cam_R_w2c": [0.9982694983482361, 0.05621463060379028, 0.017260976135730743, 0.031076397746801376, -0.25511932373046875, -0.9664100408554077, -0.04992277920246124, 0.9652740955352783, -0.25642478466033936], "cam_t_w2c": [-180.7800750732422, 42.28215408325195, 697.1395263671875], "depth_scale": 1.0}
}