{
  "0": {"cam_K": [2346.1825408935547, 0.0, 956.150695733726, 0.0, 2351.0241982895623, 613.6550906152873, 0.0, 0.0, 1.0], "cam_R_w2c": [-0.8299640417098999, 0.5576847791671753, -0.01214995700865984, 0.37959134578704834, 0.5486913919448853, -0.7448813319206238, -0.40874236822128296, -0.6228366494178772, -0.6670864820480347], "cam_t_w2c": [86.3401870727539, 23.021333694458008, 581.014404296875], "depth_scale": 1.0},
  "1": {"cam_K": [2346.1825408935547, 0.0, 956.150695733726, 0.0, 2351.0241982895623, 613.6550906152873, 0.0, 0.0, 1.0], "cam_R_w2c": [0.7150644659996033, 0.6954253911972046, 0.07117815315723419, 0.45016369223594666, -0.3801790773868561, -0.8079705834388733, -0.5348228216171265, 0.6097928881645203, -0.5849078297615051], "cam_t_w2c": [70.08560180664062, -24.088134765625, 722.8754272460938], "depth_scale": 1.0}
}