{
  "0": {"cam_K": [2346.1825408935547, 0.0, 956.150695733726, 0.0, 2351.0241982895623, 613.6550906152873, 0.0, 0.0, 1.0], "cam_R_w2c": [0.46713221073150635, 0.8834909796714783, 0.03509000316262245, 0.49837949872016907, -0.23031452298164368, -0.8358070254325867, -0.730346143245697, 0.40792056918144226, -0.5479011535644531], "cam_t_w2c": [100.89848327636719, -3.123645544052124, 632.9183959960938], "depth_scale": 1.0},
  "1": {"cam_K": [2346.1825408935547, 0.0, 956.150695733726, 0.0, 2351.0241982895623, 613.6550906152873, 0.0, 0.0, 1.0], "cam_R_w2c": [-0.6400773525238037, 0.7680275440216064, 0.020852696150541306, 0.3797423243522644, 0.33983972668647766, -0.860409677028656, -0.6679048538208008, -0.5428100228309631, -0.5091763138771057], "cam_t_w2c": [123.7170639038086, 80.12628173828125, 522.6229248046875], "depth_scale": 1.0}
}