{
  "0": {"cam_K": [711.1112738715278, 0.0, 255.5, 0.0, 711.1112738715278, 255.5, 0.0, 0.0, 1.0], "cam_R_w2c": [0.3207489550113678, 0.9471642971038818, 2.1806353345255047e-07, 0.24712777137756348, -0.08368749916553497, -0.9653623104095459, -0.9143565893173218, 0.309639036655426, -0.26091328263282776], "cam_t_w2c": [609.48876953125, -4330504.0, -1169687.875], "depth_scale": 1.0},
  "1": {"cam_K": [711.1112738715278, 0.0, 255.5, 0.0, 711.1112738715278, 255.5, 0.0, 0.0, 1.0], "cam_R_w2c": [0.15986377000808716, -0.987139105796814, 1.5099003292107227e-07, -0.9103803634643555, -0.1474331170320511, -0.38661497831344604, 0.38164278864860535, 0.061805609613657, -0.9222413301467896], "cam_t_w2c": [-518.2555541992188, -1734610.375, -4136170.5], "depth_scale": 1.0}
}