{
  "0": {"cam_K": [711.1112738715278, 0.0, 255.5, 0.0, 711.1112738715278, 255.5, 0.0, 0.0, 1.0], "cam_R_w2c": [0.0071834479458630085, 0.9999741911888123, 1.3771565932074736e-07, 0.639807939529419, -0.004596037790179253, -0.7685211300849915, -0.7685012817382812, 0.005520718637853861, -0.6398244500160217], "cam_t_w2c": [-144.9544677734375, -3447508.5, -2869009.0], "depth_scale": 1.0},
  "1": {"cam_K": [711.1112738715278, 0.0, 255.5, 0.0, 711.1112738715278, 255.5, 0.0, 0.0, 1.0], "cam_R_w2c": [0.8201996684074402, 0.5720773339271545, -1.7308474653532357e-08, 0.3239181637763977, -0.4644085764884949, -0.8242583274841309, -0.4715394973754883, 0.6760563850402832, -0.5662140250205994], "cam_t_w2c": [-250.5588836669922, -3697399.0, -2538967.75], "depth_scale": 1.0}
}