{
  "0": {"cam_K": [711.1112738715278, 0.0, 255.5, 0.0, 711.1112738715278, 255.5, 0.0, 0.0, 1.0], "cam_R_w2c": [-0.757262647151947, 0.23985418677330017, -0.6074730753898621, 0.6421205401420593, 0.4433378279209137, -0.6254061460494995, 0.11930956691503525, -0.8636675477027893, -0.4897385537624359], "cam_t_w2c": [8.274186134338379, 16.891969680786133, 299.101806640625], "depth_scale": 1.0}
}