{
  "0": {"cam_K": [711.1112738715278, 0.0, 255.5, 0.0, 711.1112738715278, 255.5, 0.0, 0.0, 1.0], "cam_R_w2c": [-0.07743941247463226, -0.948988139629364, 0.3056543171405792, -0.36232897639274597, -0.25882503390312195, -0.8953922390937805, 0.9288276433944702, -0.18008610606193542, -0.3238025903701782], "cam_t_w2c": [23.719242095947266, 29.233755111694336, 205.5699462890625], "depth_scale": 1.0}
}