{
  "0": {"cam_K": [711.1112738715278, 0.0, 255.5, 0.0, 711.1112738715278, 255.5, 0.0, 0.0, 1.0], "cam_R_w2c": [-0.7830151915550232, 0.6220026016235352, -3.753010702212123e-08, 0.4546166956424713, 0.5722994208335876, -0.682493269443512, -0.4245125651359558, -0.5344025492668152, -0.7308919429779053], "cam_t_w2c": [269.260986328125, -134.02386474609375, 1213.8023681640625], "depth_scale": 1.0},
  "1": {"cam_K": [711.1112738715278, 0.0, 255.5, 0.0, 711.1112738715278, 255.5, 0.0, 0.0, 1.0], "cam_R_w2c": [0.1956760585308075, -0.9806686043739319, 2.819261055719835e-07, -0.46400657296180725, -0.09258502721786499, -0.8809800744056702, 0.8639495372772217, 0.17238658666610718, -0.47315332293510437], "cam_t_w2c": [-73.55496978759766, 175.7056884765625, 756.435302734375], "depth_scale": 1.0}
}