{
  "0": {"cam_K": [711.1112738715278, 0.0, 255.5, 0.0, 711.1112738715278, 255.5, 0.0, 0.0, 1.0], "cam_R_w2c": [0.6797348260879517, 0.7334579229354858, -1.62702251671476e-09, 0.7200599908828735, -0.6673182249069214, -0.19026309251785278, -0.13954997062683105, 0.12932844460010529, -0.9817331433296204], "cam_t_w2c": [231.57896423339844, 31.019882202148438, 1226.635498046875], "depth_scale": 1.0},
  "1": {"cam_K": [711.1112738715278, 0.0, 255.5, 0.0, 711.1112738715278, 255.5, 0.0, 0.0, 1.0], "cam_R_w2c": [0.6695538759231567, 0.7427635192871094, -1.5183840673671511e-07, 0.16147968173027039, -0.14556385576725006, -0.9760817289352417, -0.7249979376792908, 0.6535392999649048, -0.2174040675163269], "cam_t_w2c": [232.14572143554688, 365.5809631347656, 1081.9603271484375], "depth_scale": 1.0}
}