{
  "0": {"cam_K": [711.1112738715278, 0.0, 255.5, 0.0, 711.1112738715278, 255.5, 0.0, 0.0, 1.0], "cam_R_w2c": [0.07060535997152328, 0.9771636724472046, 0.2004150152206421, 0.47708237171173096, 0.14336641132831573, -0.8670862317085266, -0.8760179281234741, 0.1568354368209839, -0.4560651183128357], "cam_t_w2c": [-64.72454071044922, 45.12129211425781, 345.5805969238281], "depth_scale": 1.0},
  "1": {"cam_K": [711.1112738715278, 0.0, 255.5, 0.0, 711.1112738715278, 255.5, 0.0, 0.0, 1.0], "cam_R_w2c": [0.2808520197868347, -0.958731472492218, -0.04422755166888237, -0.27817094326019287, -0.03721038997173309, -0.9598104953765869, 0.9185548424720764, 0.28186753392219543, -0.27714183926582336], "cam_t_w2c": [93.88697052001953, -16.269290924072266, 463.1862487792969], "depth_scale": 1.0},
  "2": {"cam_K": [711.1112738715278, 0.0, 255.5, 0.0, 711.1112738715278, 255.5, 0.0, 0.0, 1.0], "cam_R_w2c": [0.2808520197868347, -0.958731472492218, -0.04422755166888237, -0.27817094326019287, -0.03721038997173309, -0.9598104953765869, 0.9185548424720764, 0.28186753392219543, -0.27714183926582336], "cam_t_w2c": [93.88697052001953, -16.269290924072266, 463.1862487792969], "depth_scale": 1.0},
  "3": {"cam_K": [711.1112738715278, 0.0, 255.5, 0.0, 711.1112738715278, 255.5, 0.0, 0.0, 1.0], "cam_R_w2c": [0.9786046743392944, 0.20567651093006134, -0.005478811450302601, 0.11245760321617126, -0.5569905638694763, -0.8228697776794434, -0.17229662835597992, 0.8046481013298035, -0.5682034492492676], "cam_t_w2c": [76.74303436279297, 50.374053955078125, 457.56768798828125], "depth_scale": 1.0},
  "4": {"cam_K": [711.1112738715278, 0.0, 255.5, 0.0, 711.1112738715278, 255.5, 0.0, 0.0, 1.0], "cam_R_w2c": [0.9786046743392944, 0.20567651093006134, -0.005478811450302601, 0.11245760321617126, -0.5569905638694763, -0.8228697776794434, -0.17229662835597992, 0.8046481013298035, -0.5682034492492676], "cam_t_w2c": [76.74303436279297, 50.374053955078125, 457.56768798828125], "depth_scale": 1.0},
  "5": {"cam_K": [711.1112738715278, 0.0, 255.5, 0.0, 711.1112738715278, 255.5, 0.0, 0.0, 1.0], "cam_R_w2c": [0.8263923525810242, 0.5277791023254395, -0.19627758860588074, -0.013607759028673172, -0.32974952459335327, -0.9439704418182373, -0.5629302859306335, 0.7827608585357666, -0.2653205990791321], "cam_t_w2c": [34.13921356201172, 17.266841888427734, 423.0254211425781], "depth_scale": 1.0},
  "6": {"cam_K": [711.1112738715278, 0.0, 255.5, 0.0, 711.1112738715278, 255.5, 0.0, 0.0, 1.0], "cam_R_w2c": [0.8263923525810242, 0.5277791023254395, -0.19627758860588074, -0.013607759028673172, -0.32974952459335327, -0.9439704418182373, -0.5629302859306335, 0.7827608585357666, -0.2653205990791321], "cam_t_w2c": [34.13921356201172, 17.266841888427734, 423.0254211425781], "depth_scale": 1.0},
  "7": {"cam_K": [711.1112738715278, 0.0, 255.5, 0.0, 711.1112738715278, 255.5, 0.0, 0.0, 1.0], "cam_R_w2c": [0.46236076951026917, -0.886679470539093, 0.004689757712185383, -0.49782395362854004, -0.26396074891090393, -0.826133131980896, 0.7337532043457031, 0.37963685393333435, -0.5634554028511047], "cam_t_w2c": [96.02840423583984, -33.9521484375, 636.2792358398438], "depth_scale": 1.0}
}