{
  "0": {"cam_K": [711.1112738715278, 0.0, 255.5, 0.0, 711.1112738715278, 255.5, 0.0, 0.0, 1.0], "cam_R_w2c": [0.9060986638069153, 0.42306649684906006, 2.6635113670181454e-08, 0.3952944576740265, -0.8466182351112366, -0.3563425838947296, -0.1507565826177597, 0.3228815495967865, -0.9343554377555847], "cam_t_w2c": [-389.509765625, -1598129.0, -4190362.75], "depth_scale": 1.0},
  "1": {"cam_K": [711.1112738715278, 0.0, 255.5, 0.0, 711.1112738715278, 255.5, 0.0, 0.0, 1.0], "cam_R_w2c": [0.8874831199645996, -0.46084028482437134, -1.5510355666492615e-08, -0.08340371400117874, -0.16061832010746002, -0.9834864735603333, 0.4532301723957062, 0.8728276491165161, -0.18098184466362], "cam_t_w2c": [-38.445533752441406, -4411313.5, -811372.3125], "depth_scale": 1.0}
}