{
  "0": [{"cam_R_m2c": [0.1550942212343216, -0.7339661121368408, 0.6612409353256226, -0.815686821937561, -0.47274428606033325, -0.33341845870018005, 0.5573157072067261, -0.4876542389392853, -0.6720064282417297], "cam_t_m2c": [1720.45166015625, 22488.951171875, 95696.21875], "obj_id": 2}, {"cam_R_m2c": [0.7738771438598633, -0.6325633525848389, -0.03126947954297066, 0.6315388083457947, 0.7670238018035889, 0.11328364908695221, -0.047674644738435745, -0.10741551220417023, 0.9930704832077026], "cam_t_m2c": [-3.5349032878875732, 91.79096984863281, 1140.46630859375], "obj_id": 2}],
  "1": [{"cam_R_m2c": [0.9263273477554321, 0.15562830865383148, 0.3430705964565277, 0.21614912152290344, -0.9654319882392883, -0.14567354321479797, 0.30854037404060364, 0.2090958058834076, -0.9279449582099915], "cam_t_m2c": [-851.677978515625, 73952.671875, 64781.84375], "obj_id": 2}, {"cam_R_m2c": [-0.407552033662796, -0.9083866477012634, 0.09346131235361099, 0.6744720935821533, -0.23043835163116455, 0.7014167904853821, -0.6156206130981445, 0.3489009141921997, 0.706597089767456], "cam_t_m2c": [-0.21225810050964355, 314.8165283203125, 1361.3843994140625], "obj_id": 2}]
}