{
  "0": {"cam_K": [711.1112738715278, 0.0, 255.5, 0.0, 711.1112738715278, 255.5, 0.0, 0.0, 1.0], "cam_R_w2c": [0.9984598755836487, -0.05547872185707092, 3.0807734141546916e-09, -0.054155901074409485, -0.974652886390686, -0.2170688509941101, 0.012042705900967121, 0.21673454344272614, -0.9761562943458557], "cam_t_w2c": [1632.365234375, -951215.6875, -4282989.5], "depth_scale": 1.0},
  "1": {"cam_K": [711.1112738715278, 0.0, 255.5, 0.0, 711.1112738715278, 255.5, 0.0, 0.0, 1.0], "cam_R_w2c": [0.30952519178390503, 0.9508912563323975, 8.602239631727571e-08, 0.6352981328964233, -0.20679624378681183, -0.7440642714500427, -0.7075241804122925, 0.2303067147731781, -0.6681080460548401], "cam_t_w2c": [-862.7448120117188, -3263713.0, -2932047.0], "depth_scale": 1.0}
}