{
  "0": {"cam_K": [711.1112738715278, 0.0, 255.5, 0.0, 711.1112738715278, 255.5, 0.0, 0.0, 1.0], "cam_R_w2c": [0.8170469403266907, -0.5761652588844299, -0.0216318778693676, -0.5763645172119141, -0.8151745200157166, -0.05739632993936539, 0.015436012297868729, 0.059363339096307755, -0.9981170296669006], "cam_t_w2c": [-48.00548553466797, 24.815784454345703, 900.57373046875], "depth_scale": 1.0},
  "1": {"cam_K": [711.1112738715278, 0.0, 255.5, 0.0, 711.1112738715278, 255.5, 0.0, 0.0, 1.0], "cam_R_w2c": [0.8170469403266907, -0.5761652588844299, -0.0216318778693676, -0.5763645172119141, -0.8151745200157166, -0.05739632993936539, 0.015436012297868729, 0.059363339096307755, -0.9981170296669006], "cam_t_w2c": [-48.00548553466797, 24.815784454345703, 900.57373046875], "depth_scale": 1.0},
  "2": {"cam_K": [711.1112738715278, 0.0, 255.5, 0.0, 711.1112738715278, 255.5, 0.0, 0.0, 1.0], "cam_R_w2c": [0.8170469403266907, -0.5761652588844299, -0.0216318778693676, -0.5763645172119141, -0.8151745200157166, -0.05739632993936539, 0.015436012297868729, 0.059363339096307755, -0.9981170296669006], "cam_t_w2c": [-48.00548553466797, 24.815784454345703, 900.57373046875], "depth_scale": 1.0},
  "3": {"cam_K": [711.1112738715278, 0.0, 255.5, 0.0, 711.1112738715278, 255.5, 0.0, 0.0, 1.0], "cam_R_w2c": [0.8170469403266907, -0.5761652588844299, -0.0216318778693676, -0.5763645172119141, -0.8151745200157166, -0.05739632993936539, 0.015436012297868729, 0.059363339096307755, -0.9981170296669006], "cam_t_w2c": [-48.00548553466797, 24.815784454345703, 900.57373046875], "depth_scale": 1.0},
  "4": {"cam_K": [711.1112738715278, 0.0, 255.5, 0.0, 711.1112738715278, 255.5, 0.0, 0.0, 1.0], "cam_R_w2c": [0.8170469403266907, -0.5761652588844299, -0.0216318778693676, -0.5763645172119141, -0.8151745200157166, -0.05739632993936539, 0.015436012297868729, 0.059363339096307755, -0.9981170296669006], "cam_t_w2c": [-48.00548553466797, 24.815784454345703, 900.57373046875], "depth_scale": 1.0}
}