{
  "0": {"cam_K": [711.1112738715278, 0.0, 255.5, 0.0, 711.1112738715278, 255.5, 0.0, 0.0, 1.0], "cam_R_w2c": [0.23163016140460968, 0.9728039503097534, 7.231653142980576e-08, 0.9217278957366943, -0.21946869790554047, -0.3197675943374634, -0.31107115745544434, 0.07406789064407349, -0.9474960565567017], "cam_t_w2c": [-1591.4344482421875, -1428479.875, -4242473.5], "depth_scale": 1.0},
  "1": {"cam_K": [711.1112738715278, 0.0, 255.5, 0.0, 711.1112738715278, 255.5, 0.0, 0.0, 1.0], "cam_R_w2c": [-0.8168240189552307, 0.5768870115280151, 1.3073096738480672e-07, 0.4609867036342621, 0.6527189612388611, -0.6012064814567566, -0.34682828187942505, -0.49107983708381653, -0.7990937829017639], "cam_t_w2c": [-3764.020751953125, -2691989.5, -3576932.0], "depth_scale": 1.0}
}