{
  "0": {"cam_K": [711.1112738715278, 0.0, 255.5, 0.0, 711.1112738715278, 255.5, 0.0, 0.0, 1.0], "cam_R_w2c": [-0.836010754108429, 0.5487130284309387, -3.392633374232901e-08, 0.41906872391700745, 0.6384866833686829, -0.6455355882644653, -0.35421374440193176, -0.539674699306488, -0.7637302279472351], "cam_t_w2c": [-34.67569351196289, -2895472.75, -3424938.25], "depth_scale": 1.0},
  "1": {"cam_K": [711.1112738715278, 0.0, 255.5, 0.0, 711.1112738715278, 255.5, 0.0, 0.0, 1.0], "cam_R_w2c": [-0.84974205493927, -0.5271985530853271, -3.33646170247448e-07, -0.5259593725204468, 0.8477448225021362, -0.06852302700281143, 0.03612552210688591, -0.05822672322392464, -0.9976494908332825], "cam_t_w2c": [-143.04440307617188, -307335.375, -4474196.0], "depth_scale": 1.0}
}