{
  "0": {"cam_K": [711.1112738715278, 0.0, 255.5, 0.0, 711.1112738715278, 255.5, 0.0, 0.0, 1.0], "cam_R_w2c": [-0.6212944388389587, 0.5256978869438171, -0.5810636878013611, 0.6552426218986511, -0.058107901364564896, -0.7531803250312805, -0.42970970273017883, -0.8486844301223755, -0.3083575963973999], "cam_t_w2c": [-101.28289794921875, 78.24651336669922, 576.4132690429688], "depth_scale": 1.0},
  "1": {"cam_K": [711.1112738715278, 0.0, 255.5, 0.0, 711.1112738715278, 255.5, 0.0, 0.0, 1.0], "cam_R_w2c": [-0.6212944388389587, 0.5256978869438171, -0.5810636878013611, 0.6552426218986511, -0.058107901364564896, -0.7531803250312805, -0.42970970273017883, -0.8486844301223755, -0.3083575963973999], "cam_t_w2c": [-101.28289794921875, 78.24651336669922, 576.4132690429688], "depth_scale": 1.0},
  "2": {"cam_K": [711.1112738715278, 0.0, 255.5, 0.0, 711.1112738715278, 255.5, 0.0, 0.0, 1.0], "cam_R_w2c": [-0.6212944388389587, 0.5256978869438171, -0.5810636878013611, 0.6552426218986511, -0.058107901364564896, -0.7531803250312805, -0.42970970273017883, -0.8486844301223755, -0.3083575963973999], "cam_t_w2c": [-101.28289794921875, 78.24651336669922, 576.4132690429688], "depth_scale": 1.0}
}