{
  "0": {"cam_K": [711.1112738715278, 0.0, 255.5, 0.0, 711.1112738715278, 255.5, 0.0, 0.0, 1.0], "cam_R_w2c": [0.983820915222168, -0.17915473878383636, 1.696167117870573e-08, -0.13560277223587036, -0.7446572184562683, -0.6535271406173706, 0.11708248406648636, 0.642953634262085, -0.7569032311439514], "cam_t_w2c": [125.5350570678711, 477.4728088378906, 946.1783447265625], "depth_scale": 1.0},
  "1": {"cam_K": [711.1112738715278, 0.0, 255.5, 0.0, 711.1112738715278, 255.5, 0.0, 0.0, 1.0], "cam_R_w2c": [-0.18315483629703522, -0.9830840826034546, 3.3312943514829385e-07, -0.5503012537956238, 0.10252434760332108, -0.8286479115486145, 0.8146305084228516, -0.15177105367183685, -0.5597702264785767], "cam_t_w2c": [234.48931884765625, 309.0750427246094, 1265.0325927734375], "depth_scale": 1.0}
}