{
  "0": {"cam_K": [2346.1825408935547, 0.0, 956.150695733726, 0.0, 2351.0241982895623, 613.6550906152873, 0.0, 0.0, 1.0], "cam_R_w2c": [0.5250498056411743, 0.8510714769363403, -2.226428819085413e-09, 0.36640462279319763, -0.22604528069496155, -0.9025802612304688, -0.768160343170166, 0.47389963269233704, -0.43052157759666443], "cam_t_w2c": [143.06802368164062, 161.52130126953125, 4338.5], "depth_scale": 1.0}
}