{
  "0": {"cam_K": [711.1112738715278, 0.0, 255.5, 0.0, 711.1112738715278, 255.5, 0.0, 0.0, 1.0], "cam_R_w2c": [0.6750743985176086, -0.7377496361732483, 3.1879540784984783e-08, -0.5709835886955261, -0.5224759578704834, -0.6332429647445679, 0.46717479825019836, 0.4274861216545105, -0.7739530801773071], "cam_t_w2c": [-456.58233642578125, -2840384.75, -3470946.25], "depth_scale": 1.0},
  "1": {"cam_K": [711.1112738715278, 0.0, 255.5, 0.0, 711.1112738715278, 255.5, 0.0, 0.0, 1.0], "cam_R_w2c": [0.3071545958518982, 0.9516596794128418, 1.7630974014082312e-08, 0.29904451966285706, -0.09651869535446167, -0.9493454098701477, -0.9034536480903625, 0.29159584641456604, -0.31423479318618774], "cam_t_w2c": [129.58648681640625, -4258519.5, -1408246.25], "depth_scale": 1.0}
}