{
  "0": {"cam_K": [711.1112738715278, 0.0, 255.5, 0.0, 711.1112738715278, 255.5, 0.0, 0.0, 1.0], "cam_R_w2c": [-0.2236802875995636, -0.9746625423431396, -1.6234851329954836e-07, -0.3174559473991394, 0.07285477221012115, -0.9454701542854309, 0.9215143918991089, -0.21148301661014557, -0.3257085978984833], "cam_t_w2c": [67.89750671386719, 53.023563385009766, 684.1530151367188], "depth_scale": 1.0},
  "1": {"cam_K": [711.1112738715278, 0.0, 255.5, 0.0, 711.1112738715278, 255.5, 0.0, 0.0, 1.0], "cam_R_w2c": [-0.1080281212925911, 0.9941478371620178, 2.9851861427232507e-08, 0.946480393409729, 0.10284833610057831, -0.3059365749359131, -0.3041461706161499, -0.03304971382021904, -0.9520519375801086], "cam_t_w2c": [-31.29842185974121, -104.77147674560547, 972.118896484375], "depth_scale": 1.0}
}