{
  "0": {"cam_K": [711.1112738715278, 0.0, 255.5, 0.0, 711.1112738715278, 255.5, 0.0, 0.0, 1.0], "cam_R_w2c": [0.5154136419296265, -0.5346807837486267, -0.6696755290031433, -0.6894494891166687, 0.20537546277046204, -0.6946080923080444, 0.5089285373687744, 0.8197179436683655, -0.2627820670604706], "cam_t_w2c": [5.355034351348877, 7.792754650115967, 348.95196533203125], "depth_scale": 1.0}
}