{
  "0": {"cam_K": [711.1112738715278, 0.0, 255.5, 0.0, 711.1112738715278, 255.5, 0.0, 0.0, 1.0], "cam_R_w2c": [-0.9471350312232971, -0.3208354711532593, -8.569836751348703e-08, -0.22809912264347076, 0.6733691692352295, -0.7032387852668762, 0.2256239950656891, -0.66606205701828, -0.7109538316726685], "cam_t_w2c": [-341.6910095214844, 16.147274017333984, 1036.84228515625], "depth_scale": 1.0},
  "1": {"cam_K": [711.1112738715278, 0.0, 255.5, 0.0, 711.1112738715278, 255.5, 0.0, 0.0, 1.0], "cam_R_w2c": [0.867866575717926, -0.4967973828315735, -3.448641336945002e-07, -0.49475228786468506, -0.8642940521240234, -0.09064359962940216, 0.04503120109438896, 0.07866671681404114, -0.995883584022522], "cam_t_w2c": [198.83729553222656, -280.4435119628906, 758.2356567382812], "depth_scale": 1.0}
}