{
  "0": {"cam_K": [711.1112738715278, 0.0, 255.5, 0.0, 711.1112738715278, 255.5, 0.0, 0.0, 1.0], "cam_R_w2c": [-0.4987559914588928, -0.8667423129081726, -1.0983222864524578e-07, -0.46666038036346436, 0.2685340940952301, -0.8426846265792847, 0.7303904891014099, -0.4202940762042999, -0.5384072661399841], "cam_t_w2c": [2930.51904296875, -3769563.75, -2407883.0], "depth_scale": 1.0},
  "1": {"cam_K": [711.1112738715278, 0.0, 255.5, 0.0, 711.1112738715278, 255.5, 0.0, 0.0, 1.0], "cam_R_w2c": [-0.6146385669708252, -0.7888088822364807, -9.670981171439053e-08, -0.6587952971458435, 0.5133323073387146, -0.5499805808067322, 0.4338296353816986, -0.33803921937942505, -0.8351774215698242], "cam_t_w2c": [2932.332275390625, -2460453.25, -3735062.75], "depth_scale": 1.0}
}