{
  "0": {"cam_K": [2346.1825408935547, 0.0, 956.150695733726, 0.0, 2351.0241982895623, 613.6550906152873, 0.0, 0.0, 1.0], "cam_R_w2c": [0.9336314797401428, -0.35823488235473633, -2.7245846467849333e-08, -0.15692299604415894, -0.40897271037101746, -0.8989531993865967, 0.3220363259315491, 0.8392910361289978, -0.43804511427879333], "cam_t_w2c": [40.63710403442383, 7.068235874176025, 1156.627197265625], "depth_scale": 1.0}
}