{
  "0": {"cam_K": [711.1112738715278, 0.0, 255.5, 0.0, 711.1112738715278, 255.5, 0.0, 0.0, 1.0], "cam_R_w2c": [-0.6502782702445984, -0.7412651181221008, -0.16632595658302307, -0.46086403727531433, 0.5589654445648193, -0.689319908618927, 0.6039392948150635, -0.3715960681438446, -0.7051055431365967], "cam_t_w2c": [-236.638427734375, 75.1983871459961, 656.2739868164062], "depth_scale": 1.0},
  "1": {"cam_K": [711.1112738715278, 0.0, 255.5, 0.0, 711.1112738715278, 255.5, 0.0, 0.0, 1.0], "cam_R_w2c": [-0.981701135635376, -0.19001708924770355, 0.012504622340202332, -0.09546153247356415, 0.4342452883720398, -0.8957221508026123, 0.16477243602275848, -0.8805251717567444, -0.44443845748901367], "cam_t_w2c": [-250.75828552246094, 188.14227294921875, 412.92919921875], "depth_scale": 1.0},
  "2": {"cam_K": [711.1112738715278, 0.0, 255.5, 0.0, 711.1112738715278, 255.5, 0.0, 0.0, 1.0], "cam_R_w2c": [-0.981701135635376, -0.19001708924770355, 0.012504622340202332, -0.09546153247356415, 0.4342452883720398, -0.8957221508026123, 0.16477243602275848, -0.8805251717567444, -0.44443845748901367], "cam_t_w2c": [-250.75828552246094, 188.14227294921875, 412.92919921875], "depth_scale": 1.0},
  "3": {"cam_K": [711.1112738715278, 0.0, 255.5, 0.0, 711.1112738715278, 255.5, 0.0, 0.0, 1.0], "cam_R_w2c": [-0.9139876961708069, -0.3759584426879883, 0.152584508061409, -0.32183781266212463, 0.4427599608898163, -0.8368895649909973, 0.2470773458480835, -0.8140140771865845, -0.5256748795509338], "cam_t_w2c": [-298.30712890625, 118.33580780029297, 545.6748046875], "depth_scale": 1.0},
  "4": {"cam_K": [711.1112738715278, 0.0, 255.5, 0.0, 711.1112738715278, 255.5, 0.0, 0.0, 1.0], "cam_R_w2c": [-0.9139876961708069, -0.3759584426879883, 0.152584508061409, -0.32183781266212463, 0.4427599608898163, -0.8368895649909973, 0.2470773458480835, -0.8140140771865845, -0.5256748795509338], "cam_t_w2c": [-298.30712890625, 118.33580780029297, 545.6748046875], "depth_scale": 1.0},
  "5": {"cam_K": [711.1112738715278, 0.0, 255.5, 0.0, 711.1112738715278, 255.5, 0.0, 0.0, 1.0], "cam_R_w2c": [0.8105828762054443, 0.5845687389373779, 0.03514016047120094, 0.3352116346359253, -0.41394007205963135, -0.8463374376296997, -0.48019644618034363, 0.6978060007095337, -0.531486988067627], "cam_t_w2c": [13.299190521240234, 32.507755279541016, 370.27154541015625], "depth_scale": 1.0},
  "6": {"cam_K": [711.1112738715278, 0.0, 255.5, 0.0, 711.1112738715278, 255.5, 0.0, 0.0, 1.0], "cam_R_w2c": [0.8105828762054443, 0.5845687389373779, 0.03514016047120094, 0.3352116346359253, -0.41394007205963135, -0.8463374376296997, -0.48019644618034363, 0.6978060007095337, -0.531486988067627], "cam_t_w2c": [13.299190521240234, 32.507755279541016, 370.27154541015625], "depth_scale": 1.0},
  "7": {"cam_K": [711.1112738715278, 0.0, 255.5, 0.0, 711.1112738715278, 255.5, 0.0, 0.0, 1.0], "cam_R_w2c": [-0.8865987062454224, 0.43952274322509766, -0.14409193396568298, 0.3743112087249756, 0.4987713098526001, -0.7817405462265015, -0.27172383666038513, -0.7470253705978394, -0.6067282557487488], "cam_t_w2c": [3.474092960357666, -97.61468505859375, 590.1146240234375], "depth_scale": 1.0},
  "8": {"cam_K": [711.1112738715278, 0.0, 255.5, 0.0, 711.1112738715278, 255.5, 0.0, 0.0, 1.0], "cam_R_w2c": [-0.8865987062454224, 0.43952274322509766, -0.14409193396568298, 0.3743112087249756, 0.4987713098526001, -0.7817405462265015, -0.27172383666038513, -0.7470253705978394, -0.6067282557487488], "cam_t_w2c": [3.474092960357666, -97.61468505859375, 590.1146240234375], "depth_scale": 1.0},
  "9": {"cam_K": [711.1112738715278, 0.0, 255.5, 0.0, 711.1112738715278, 255.5, 0.0, 0.0, 1.0], "cam_R_w2c": [0.8723729252815247, -0.4420430362224579, 0.20871864259243011, -0.1847306191921234, -0.6934118866920471, -0.696458637714386, 0.452592670917511, 0.5690149068832397, -0.6865726709365845], "cam_t_w2c": [-4.439979076385498, 114.3285140991211, 444.5763244628906], "depth_scale": 1.0}
}