{
  "0": {"cam_K": [711.1112738715278, 0.0, 255.5, 0.0, 711.1112738715278, 255.5, 0.0, 0.0, 1.0], "cam_R_w2c": [-0.7669133543968201, 0.6417507529258728, 8.589983480078445e-08, 0.4696667194366455, 0.5612673163414001, -0.6814633011817932, -0.43732962012290955, -0.5226231813430786, -0.7318523526191711], "cam_t_w2c": [-132.06944274902344, -4.383902072906494, 717.4246826171875], "depth_scale": 1.0},
  "1": {"cam_K": [711.1112738715278, 0.0, 255.5, 0.0, 711.1112738715278, 255.5, 0.0, 0.0, 1.0], "cam_R_w2c": [-0.5989354848861694, -0.8007973432540894, -7.581004979329009e-08, -0.42555680871009827, 0.31828418374061584, -0.8471107482910156, 0.6783640384674072, -0.5073646306991577, -0.5314164161682129], "cam_t_w2c": [-24.03398323059082, -104.90123748779297, 1035.529296875], "depth_scale": 1.0}
}