{
  "0": {"cam_K": [2346.1825408935547, 0.0, 956.150695733726, 0.0, 2351.0241982895623, 613.6550906152873, 0.0, 0.0, 1.0], "cam_R_w2c": [0.2782059907913208, 0.9605215191841125, -8.915753824112471e-08, 0.4436292052268982, -0.12849320471286774, -0.8869513869285583, -0.851935863494873, 0.2467551976442337, -0.4618629813194275], "cam_t_w2c": [79.52098083496094, 30.969491958618164, 997.0946655273438], "depth_scale": 1.0},
  "1": {"cam_K": [2346.1825408935547, 0.0, 956.150695733726, 0.0, 2351.0241982895623, 613.6550906152873, 0.0, 0.0, 1.0], "cam_R_w2c": [0.13236907124519348, 0.9912005066871643, -2.1238736991335827e-08, 0.7188408374786377, -0.09599701315164566, -0.6885146498680115, -0.6824560761451721, 0.09113802015781403, -0.7252224087715149], "cam_t_w2c": [77.26695251464844, 35.24220657348633, 867.0714721679688], "depth_scale": 1.0}
}