{
  "0": {"cam_K": [711.1112738715278, 0.0, 255.5, 0.0, 711.1112738715278, 255.5, 0.0, 0.0, 1.0], "cam_R_w2c": [-0.9829245805740356, 0.16282878816127777, 0.08571081608533859, -0.0020287695806473494, 0.4561771750450134, -0.8898866772651672, -0.1839984953403473, -0.8748652338981628, -0.44805747270584106], "cam_t_w2c": [-14.810717582702637, 5.360152721405029, 760.0739135742188], "depth_scale": 1.0},
  "1": {"cam_K": [711.1112738715278, 0.0, 255.5, 0.0, 711.1112738715278, 255.5, 0.0, 0.0, 1.0], "cam_R_w2c": [-0.9829245805740356, 0.16282878816127777, 0.08571081608533859, -0.0020287695806473494, 0.4561771750450134, -0.8898866772651672, -0.1839984953403473, -0.8748652338981628, -0.44805747270584106], "cam_t_w2c": [-14.810717582702637, 5.360152721405029, 760.0739135742188], "depth_scale": 1.0},
  "2": {"cam_K": [711.1112738715278, 0.0, 255.5, 0.0, 711.1112738715278, 255.5, 0.0, 0.0, 1.0], "cam_R_w2c": [-0.9829245805740356, 0.16282878816127777, 0.08571081608533859, -0.0020287695806473494, 0.4561771750450134, -0.8898866772651672, -0.1839984953403473, -0.8748652338981628, -0.44805747270584106], "cam_t_w2c": [-14.810717582702637, 5.360152721405029, 760.0739135742188], "depth_scale": 1.0},
  "3": {"cam_K": [711.1112738715278, 0.0, 255.5, 0.0, 711.1112738715278, 255.5, 0.0, 0.0, 1.0], "cam_R_w2c": [-0.9829245805740356, 0.16282878816127777, 0.08571081608533859, -0.0020287695806473494, 0.4561771750450134, -0.8898866772651672, -0.1839984953403473, -0.8748652338981628, -0.44805747270584106], "cam_t_w2c": [-14.810717582702637, 5.360152721405029, 760.0739135742188], "depth_scale": 1.0},
  "4": {"cam_K": [711.1112738715278, 0.0, 255.5, 0.0, 711.1112738715278, 255.5, 0.0, 0.0, 1.0], "cam_R_w2c": [-0.9829245805740356, 0.16282878816127777, 0.08571081608533859, -0.0020287695806473494, 0.4561771750450134, -0.8898866772651672, -0.1839984953403473, -0.8748652338981628, -0.44805747270584106], "cam_t_w2c": [-14.810717582702637, 5.360152721405029, 760.0739135742188], "depth_scale": 1.0}
}