{
  "0": {"cam_K": [711.1112738715278, 0.0, 255.5, 0.0, 711.1112738715278, 255.5, 0.0, 0.0, 1.0], "cam_R_w2c": [0.8011246919631958, -0.5324392914772034, -0.2733268439769745, -0.44964712858200073, -0.2340482473373413, -0.8619970679283142, 0.3949894607067108, 0.8134677410125732, -0.4269116520881653], "cam_t_w2c": [-99.83625793457031, -33.989585876464844, 388.662109375], "depth_scale": 1.0}
}