{
  "0": {"cam_K": [711.1112738715278, 0.0, 255.5, 0.0, 711.1112738715278, 255.5, 0.0, 0.0, 1.0], "cam_R_w2c": [0.9716961979866028, -0.07260037213563919, -0.22480136156082153, -0.23551665246486664, -0.22362011671066284, -0.9457939267158508, 0.018394896760582924, 0.9719688296318054, -0.23438942432403564], "cam_t_w2c": [-20.18123435974121, -27.128156661987305, 402.6903991699219], "depth_scale": 1.0}
}