{
  "0": {"cam_K": [2346.1825408935547, 0.0, 956.150695733726, 0.0, 2351.0241982895623, 613.6550906152873, 0.0, 0.0, 1.0], "cam_R_w2c": [0.3322555124759674, -0.9431893825531006, 2.2058459947515985e-08, -0.6692892909049988, -0.23576925694942474, -0.7046024799346924, 0.664573609828949, 0.23410803079605103, -0.7096022367477417], "cam_t_w2c": [-45.680091857910156, -34.67485427856445, 1005.3740844726562], "depth_scale": 1.0},
  "1": {"cam_K": [2346.1825408935547, 0.0, 956.150695733726, 0.0, 2351.0241982895623, 613.6550906152873, 0.0, 0.0, 1.0], "cam_R_w2c": [0.9352686405181885, 0.35393860936164856, 7.251698264099105e-08, 0.16470937430858612, -0.4352377653121948, -0.8851208686828613, -0.3132784068584442, 0.8278257846832275, -0.46536126732826233], "cam_t_w2c": [82.12593078613281, 6.124952793121338, 877.0714721679688], "depth_scale": 1.0}
}