{
  "0": {"cam_K": [711.1112738715278, 0.0, 255.5, 0.0, 711.1112738715278, 255.5, 0.0, 0.0, 1.0], "cam_R_w2c": [0.41095849871635437, -0.9105410575866699, -0.04503519833087921, -0.5155547261238098, -0.19137819111347198, -0.8352112174034119, 0.7518752813339233, 0.3664552569389343, -0.5480822324752808], "cam_t_w2c": [68.52068328857422, -23.650497436523438, 245.51100158691406], "depth_scale": 1.0},
  "1": {"cam_K": [711.1112738715278, 0.0, 255.5, 0.0, 711.1112738715278, 255.5, 0.0, 0.0, 1.0], "cam_R_w2c": [-0.9754617214202881, 0.21833892166614532, 0.02833275869488716, 0.05359649285674095, 0.36029988527297974, -0.9312955737113953, -0.21354636549949646, -0.9069245457649231, -0.36316099762916565], "cam_t_w2c": [22.62164878845215, 53.323341369628906, 67.14437866210938], "depth_scale": 1.0}
}