{
  "0": {"cam_K": [711.1112738715278, 0.0, 255.5, 0.0, 711.1112738715278, 255.5, 0.0, 0.0, 1.0], "cam_R_w2c": [0.13099300861358643, 0.9913832545280457, 3.748191090835462e-08, 0.7704537510871887, -0.10180120170116425, -0.6293151378631592, -0.6238924860954285, 0.08243590593338013, -0.7771502137184143], "cam_t_w2c": [13.526827812194824, -2822826.75, -3485175.5], "depth_scale": 1.0},
  "1": {"cam_K": [711.1112738715278, 0.0, 255.5, 0.0, 711.1112738715278, 255.5, 0.0, 0.0, 1.0], "cam_R_w2c": [0.999754786491394, 0.022143203765153885, 8.373075566225907e-10, 0.004488922189921141, -0.20267267525196075, -0.9792363047599792, -0.021683428436517715, 0.978996217250824, -0.20272238552570343], "cam_t_w2c": [-28.1050968170166, -4392383.5, -908321.0625], "depth_scale": 1.0}
}