{
  "0": {"cam_K": [711.1112738715278, 0.0, 255.5, 0.0, 711.1112738715278, 255.5, 0.0, 0.0, 1.0], "cam_R_w2c": [-0.9997689127922058, 0.02149955928325653, -1.2962079409817306e-08, 0.02149561047554016, 0.9995851516723633, -0.019168982282280922, -0.00041211172356270254, -0.0191645510494709, -0.9998162984848022], "cam_t_w2c": [-363.8512268066406, 13.593076705932617, 593.5294799804688], "depth_scale": 1.0},
  "1": {"cam_K": [711.1112738715278, 0.0, 255.5, 0.0, 711.1112738715278, 255.5, 0.0, 0.0, 1.0], "cam_R_w2c": [-0.08235366642475128, 0.9966031312942505, 1.2437976693036035e-07, 0.5226555466651917, 0.043189436197280884, -0.8514492511749268, -0.8485569953918457, -0.07011991739273071, -0.5244369506835938], "cam_t_w2c": [-20.37176513671875, 18.417402267456055, 443.3440856933594], "depth_scale": 1.0}
}