{
  "0": {"cam_K": [711.1112738715278, 0.0, 255.5, 0.0, 711.1112738715278, 255.5, 0.0, 0.0, 1.0], "cam_R_w2c": [-0.22732163965702057, -0.8003789782524109, -0.5547237396240234, -0.3545942008495331, 0.5985625386238098, -0.7183215618133545, 0.9069663286209106, 0.033411819487810135, -0.41987597942352295], "cam_t_w2c": [39.53664016723633, -119.72518920898438, 518.9269409179688], "depth_scale": 1.0},
  "1": {"cam_K": [711.1112738715278, 0.0, 255.5, 0.0, 711.1112738715278, 255.5, 0.0, 0.0, 1.0], "cam_R_w2c": [-0.22732163965702057, -0.8003789782524109, -0.5547237396240234, -0.3545942008495331, 0.5985625386238098, -0.7183215618133545, 0.9069663286209106, 0.033411819487810135, -0.41987597942352295], "cam_t_w2c": [39.53664016723633, -119.72518920898438, 518.9269409179688], "depth_scale": 1.0},
  "2": {"cam_K": [711.1112738715278, 0.0, 255.5, 0.0, 711.1112738715278, 255.5, 0.0, 0.0, 1.0], "cam_R_w2c": [-0.22732163965702057, -0.8003789782524109, -0.5547237396240234, -0.3545942008495331, 0.5985625386238098, -0.7183215618133545, 0.9069663286209106, 0.033411819487810135, -0.41987597942352295], "cam_t_w2c": [39.53664016723633, -119.72518920898438, 518.9269409179688], "depth_scale": 1.0}
}