{
  "0": [{"cam_R_m2c": [-0.22788812220096588, 0.421275794506073, -0.8778345584869385, -0.7540801763534546, -0.6467075347900391, -0.11459594964981079, -0.6159788370132446, 0.6358426213264465, 0.46505287289619446], "cam_t_m2c": [-356.5967712402344, -119.90386199951172, 1045.450927734375], "obj_id": 0}, {"cam_R_m2c": [-0.2756054699420929, 0.9268501996994019, 0.25493142008781433, 0.3391260802745819, -0.15440145134925842, 0.9279835224151611, 0.8994636535644531, 0.34221136569976807, -0.2717650532722473], "cam_t_m2c": [8020.595703125, 22359.83984375, 27256.8671875], "obj_id": 2}],
  "1": [{"cam_R_m2c": [0.022749504074454308, 0.8134040832519531, -0.5812540054321289, -0.7547551393508911, -0.367300808429718, -0.5435391068458557, -0.6556119918823242, 0.4510696828365326, 0.6055650115013123], "cam_t_m2c": [-180.06793212890625, -286.626708984375, 1216.1851806640625], "obj_id": 0}, {"cam_R_m2c": [-0.18580113351345062, 0.9389925599098206, -0.28943192958831787, 0.13917569816112518, 0.31674087047576904, 0.9382458925247192, 0.9726808667182922, 0.13404527306556702, -0.18953575193881989], "cam_t_m2c": [2311.934814453125, 22828.220703125, 28087.111328125], "obj_id": 2}]
}