{
  "0": {"cam_K": [711.1112738715278, 0.0, 255.5, 0.0, 711.1112738715278, 255.5, 0.0, 0.0, 1.0], "cam_R_w2c": [0.6776033043861389, -0.7354275584220886, -5.665714297720115e-08, -0.6607648730278015, -0.6088109612464905, -0.4390203356742859, 0.32286763191223145, 0.2974816560745239, -0.8984770178794861], "cam_t_w2c": [7926.30078125, -1946867.25, -4003051.25], "depth_scale": 1.0},
  "1": {"cam_K": [711.1112738715278, 0.0, 255.5, 0.0, 711.1112738715278, 255.5, 0.0, 0.0, 1.0], "cam_R_w2c": [0.9645169973373413, -0.2640208303928375, 6.013873843357942e-09, -0.24608756601810455, -0.8990035653114319, -0.3622618019580841, 0.09564466774463654, 0.3494076728820801, -0.9320764541625977], "cam_t_w2c": [2188.748291015625, -1602140.5, -4152906.75], "depth_scale": 1.0}
}