{
  "0": {"cam_K": [711.1112738715278, 0.0, 255.5, 0.0, 711.1112738715278, 255.5, 0.0, 0.0, 1.0], "cam_R_w2c": [0.16940848529338837, -0.9855459928512573, -8.589852029672329e-08, -0.25487542152404785, -0.04381133243441582, -0.9659810066223145, 0.9520186185836792, 0.16364547610282898, -0.2586135268211365], "cam_t_w2c": [-99.16575622558594, -4332509.5, -1159127.625], "depth_scale": 1.0},
  "1": {"cam_K": [711.1112738715278, 0.0, 255.5, 0.0, 711.1112738715278, 255.5, 0.0, 0.0, 1.0], "cam_R_w2c": [-0.998611569404602, -0.052679382264614105, 3.205915177773022e-08, -0.044275328516960144, 0.8393005132675171, -0.5418619513511658, 0.028544927015900612, -0.541109561920166, -0.8404675722122192], "cam_t_w2c": [-6.4210004806518555, -2430211.5, -3768812.5], "depth_scale": 1.0}
}