{
  "0": {"cam_K": [711.1112738715278, 0.0, 255.5, 0.0, 711.1112738715278, 255.5, 0.0, 0.0, 1.0], "cam_R_w2c": [-0.618409276008606, 0.7597901225090027, 0.20072047412395477, 0.13615289330482483, 0.3551420271396637, -0.9248440265655518, -0.773971676826477, -0.5446035265922546, -0.3230706751346588], "cam_t_w2c": [-397.57568359375, 348.33599853515625, 601.1954956054688], "depth_scale": 1.0},
  "1": {"cam_K": [711.1112738715278, 0.0, 255.5, 0.0, 711.1112738715278, 255.5, 0.0, 0.0, 1.0], "cam_R_w2c": [-0.618409276008606, 0.7597901225090027, 0.20072047412395477, 0.13615289330482483, 0.3551420271396637, -0.9248440265655518, -0.773971676826477, -0.5446035265922546, -0.3230706751346588], "cam_t_w2c": [-397.57568359375, 348.33599853515625, 601.1954956054688], "depth_scale": 1.0},
  "2": {"cam_K": [711.1112738715278, 0.0, 255.5, 0.0, 711.1112738715278, 255.5, 0.0, 0.0, 1.0], "cam_R_w2c": [-0.7623236179351807, 0.6162958145141602, 0.19759100675582886, 0.16626407206058502, 0.481546550989151, -0.860505223274231, -0.6254749894142151, -0.6231311559677124, -0.4695621728897095], "cam_t_w2c": [-215.14259338378906, 65.78280639648438, 550.6945190429688], "depth_scale": 1.0}
}