{
  "0": {"cam_K": [711.1112738715278, 0.0, 255.5, 0.0, 711.1112738715278, 255.5, 0.0, 0.0, 1.0], "cam_R_w2c": [-0.40494680404663086, -0.9143403172492981, 2.0678187695466477e-07, -0.18657822906970978, 0.08263224363327026, -0.9789589047431946, 0.8951015472412109, -0.396426260471344, -0.2040577232837677], "cam_t_w2c": [-330.8778381347656, -4391290.5, -914301.0625], "depth_scale": 1.0},
  "1": {"cam_K": [711.1112738715278, 0.0, 255.5, 0.0, 711.1112738715278, 255.5, 0.0, 0.0, 1.0], "cam_R_w2c": [0.37798014283180237, 0.9258137941360474, 1.897826251706647e-08, 0.8491625189781189, -0.34668609499931335, -0.39841198921203613, -0.36885523796081543, 0.1505918651819229, -0.9172068238258362], "cam_t_w2c": [325.58807373046875, -1786930.125, -4113609.75], "depth_scale": 1.0}
}