{
  "0": [{"cam_R_m2c": [-0.7186594009399414, -0.5444603562355042, 0.4325408339500427, -0.011436320841312408, -0.6126980185508728, -0.7902343273162842, 0.6952682137489319, -0.5728560090065002, 0.4340945780277252], "cam_t_m2c": [-237.41714477539062, -32.390586853027344, 1166.086181640625], "obj_id": 2}, {"cam_R_m2c": [0.879073441028595, -0.4608987271785736, -0.12166429311037064, 0.46223026514053345, 0.8865617513656616, -0.018746815621852875, 0.1165032908320427, -0.03975709527730942, 0.9923942685127258], "cam_t_m2c": [-103.80264282226562, 84.60054779052734, 1272.102294921875], "obj_id": 0}],
  "1": [{"cam_R_m2c": [0.6983376741409302, 0.55699622631073, -0.44953271746635437, 0.6975374221801758, -0.6704347133636475, 0.2529003918170929, -0.1605178266763687, -0.4901757836341858, -0.8567155599594116], "cam_t_m2c": [227.2819366455078, 335.1678466796875, 622.220703125], "obj_id": 2}, {"cam_R_m2c": [-0.8792741298675537, 0.4671422243118286, 0.09303190559148788, 0.184217169880867, 0.15339694917201996, 0.9708415269851685, 0.43925032019615173, 0.8707740306854248, -0.2209334820508957], "cam_t_m2c": [91.38269805908203, 459.1759033203125, 716.9505004882812], "obj_id": 0}]
}