{
  "0": {"cam_K": [711.1112738715278, 0.0, 255.5, 0.0, 711.1112738715278, 255.5, 0.0, 0.0, 1.0], "cam_R_w2c": [0.08199480175971985, 0.8471298813819885, -0.5250217914581299, 0.17089597880840302, -0.5309440493583679, -0.82999587059021, -0.9818714261054993, -0.021668720990419388, -0.1883058100938797], "cam_t_w2c": [113.61138916015625, 187.6072540283203, 678.7584838867188], "depth_scale": 1.0},
  "1": {"cam_K": [711.1112738715278, 0.0, 255.5, 0.0, 711.1112738715278, 255.5, 0.0, 0.0, 1.0], "cam_R_w2c": [-0.019133558496832848, 0.9996134638786316, 0.020171791315078735, 0.5322917103767395, 0.02726287581026554, -0.8461219668388367, -0.8463448286056519, -0.005451995879411697, -0.5326076149940491], "cam_t_w2c": [-4.155872344970703, 113.76862335205078, 672.9945678710938], "depth_scale": 1.0},
  "2": {"cam_K": [711.1112738715278, 0.0, 255.5, 0.0, 711.1112738715278, 255.5, 0.0, 0.0, 1.0], "cam_R_w2c": [-0.019133558496832848, 0.9996134638786316, 0.020171791315078735, 0.5322917103767395, 0.02726287581026554, -0.8461219668388367, -0.8463448286056519, -0.005451995879411697, -0.5326076149940491], "cam_t_w2c": [-4.155872344970703, 113.76862335205078, 672.9945678710938], "depth_scale": 1.0},
  "3": {"cam_K": [711.1112738715278, 0.0, 255.5, 0.0, 711.1112738715278, 255.5, 0.0, 0.0, 1.0], "cam_R_w2c": [-0.11695592850446701, 0.9737998843193054, -0.1950257271528244, 0.22926925122737885, -0.16459506750106812, -0.9593456387519836, -0.966310977935791, -0.1569145768880844, -0.20401199162006378], "cam_t_w2c": [68.63764953613281, 215.63926696777344, 616.10400390625], "depth_scale": 1.0},
  "4": {"cam_K": [711.1112738715278, 0.0, 255.5, 0.0, 711.1112738715278, 255.5, 0.0, 0.0, 1.0], "cam_R_w2c": [-0.11695592850446701, 0.9737998843193054, -0.1950257271528244, 0.22926925122737885, -0.16459506750106812, -0.9593456387519836, -0.966310977935791, -0.1569145768880844, -0.20401199162006378], "cam_t_w2c": [68.63764953613281, 215.63926696777344, 616.10400390625], "depth_scale": 1.0}
}