{
  "0": {"cam_K": [711.1112738715278, 0.0, 255.5, 0.0, 711.1112738715278, 255.5, 0.0, 0.0, 1.0], "cam_R_w2c": [-0.17517580091953278, 0.9844480752944946, 0.013244549743831158, 0.9721899628639221, 0.17508704960346222, -0.15553520619869232, -0.15543527901172638, -0.014369782991707325, -0.9877415895462036], "cam_t_w2c": [18.886606216430664, -64.23249816894531, 1130.3262939453125], "depth_scale": 1.0},
  "1": {"cam_K": [711.1112738715278, 0.0, 255.5, 0.0, 711.1112738715278, 255.5, 0.0, 0.0, 1.0], "cam_R_w2c": [-0.17517580091953278, 0.9844480752944946, 0.013244549743831158, 0.9721899628639221, 0.17508704960346222, -0.15553520619869232, -0.15543527901172638, -0.014369782991707325, -0.9877415895462036], "cam_t_w2c": [18.886606216430664, -64.23249816894531, 1130.3262939453125], "depth_scale": 1.0},
  "2": {"cam_K": [711.1112738715278, 0.0, 255.5, 0.0, 711.1112738715278, 255.5, 0.0, 0.0, 1.0], "cam_R_w2c": [-0.17517580091953278, 0.9844480752944946, 0.013244549743831158, 0.9721899628639221, 0.17508704960346222, -0.15553520619869232, -0.15543527901172638, -0.014369782991707325, -0.9877415895462036], "cam_t_w2c": [18.886606216430664, -64.23249816894531, 1130.3262939453125], "depth_scale": 1.0},
  "3": {"cam_K": [711.1112738715278, 0.0, 255.5, 0.0, 711.1112738715278, 255.5, 0.0, 0.0, 1.0], "cam_R_w2c": [-0.17517580091953278, 0.9844480752944946, 0.013244549743831158, 0.9721899628639221, 0.17508704960346222, -0.15553520619869232, -0.15543527901172638, -0.014369782991707325, -0.9877415895462036], "cam_t_w2c": [18.886606216430664, -64.23249816894531, 1130.3262939453125], "depth_scale": 1.0},
  "4": {"cam_K": [711.1112738715278, 0.0, 255.5, 0.0, 711.1112738715278, 255.5, 0.0, 0.0, 1.0], "cam_R_w2c": [-0.17517580091953278, 0.9844480752944946, 0.013244549743831158, 0.9721899628639221, 0.17508704960346222, -0.15553520619869232, -0.15543527901172638, -0.014369782991707325, -0.9877415895462036], "cam_t_w2c": [18.886606216430664, -64.23249816894531, 1130.3262939453125], "depth_scale": 1.0}
}