{
  "0": {"cam_K": [711.1112738715278, 0.0, 255.5, 0.0, 711.1112738715278, 255.5, 0.0, 0.0, 1.0], "cam_R_w2c": [0.22839713096618652, -0.8876345753669739, -0.3999245762825012, -0.46812742948532104, 0.2600499093532562, -0.844529926776886, 0.8536342978477478, 0.3801038861274719, -0.3561314046382904], "cam_t_w2c": [226.62828063964844, 215.7555694580078, 581.8173217773438], "depth_scale": 1.0},
  "1": {"cam_K": [711.1112738715278, 0.0, 255.5, 0.0, 711.1112738715278, 255.5, 0.0, 0.0, 1.0], "cam_R_w2c": [0.5522167682647705, 0.7521530389785767, 0.35961443185806274, 0.4894937574863434, 0.05665974318981171, -0.870164155960083, -0.6748722791671753, 0.6565483212471008, -0.3368857502937317], "cam_t_w2c": [-104.78547668457031, 347.76995849609375, 330.0920715332031], "depth_scale": 1.0},
  "2": {"cam_K": [711.1112738715278, 0.0, 255.5, 0.0, 711.1112738715278, 255.5, 0.0, 0.0, 1.0], "cam_R_w2c": [0.5522167682647705, 0.7521530389785767, 0.35961443185806274, 0.4894937574863434, 0.05665974318981171, -0.870164155960083, -0.6748722791671753, 0.6565483212471008, -0.3368857502937317], "cam_t_w2c": [-104.78547668457031, 347.76995849609375, 330.0920715332031], "depth_scale": 1.0}
}