{
  "0": {"cam_K": [2346.1825408935547, 0.0, 956.150695733726, 0.0, 2351.0241982895623, 613.6550906152873, 0.0, 0.0, 1.0], "cam_R_w2c": [0.11939170211553574, -0.9928473234176636, -1.3913307839175104e-07, -0.421837717294693, -0.0507267490029335, -0.9052513241767883, 0.8987762331962585, 0.10807961970567703, -0.4248768389225006], "cam_t_w2c": [105.00779724121094, 472.1300964355469, 2778.109375], "depth_scale": 1.0}
}