{
  "0": {"cam_K": [711.1112738715278, 0.0, 255.5, 0.0, 711.1112738715278, 255.5, 0.0, 0.0, 1.0], "cam_R_w2c": [0.6876735091209412, -0.7206137776374817, -0.08843595534563065, -0.39458757638931274, -0.26871514320373535, -0.8786881566047668, 0.609430730342865, 0.6391463279724121, -0.46913355588912964], "cam_t_w2c": [36.4417839050293, 25.14956283569336, 493.3331298828125], "depth_scale": 1.0},
  "1": {"cam_K": [711.1112738715278, 0.0, 255.5, 0.0, 711.1112738715278, 255.5, 0.0, 0.0, 1.0], "cam_R_w2c": [-0.3280574381351471, -0.9247310757637024, 0.19300493597984314, -0.5353304743766785, 0.013647355139255524, -0.8445324897766113, 0.7783313989639282, -0.38037654757499695, -0.4995138347148895], "cam_t_w2c": [-18.26251792907715, -74.89716339111328, 687.482177734375], "depth_scale": 1.0},
  "2": {"cam_K": [711.1112738715278, 0.0, 255.5, 0.0, 711.1112738715278, 255.5, 0.0, 0.0, 1.0], "cam_R_w2c": [-0.3280574381351471, -0.9247310757637024, 0.19300493597984314, -0.5353304743766785, 0.013647355139255524, -0.8445324897766113, 0.7783313989639282, -0.38037654757499695, -0.4995138347148895], "cam_t_w2c": [-18.26251792907715, -74.89716339111328, 687.482177734375], "depth_scale": 1.0},
  "3": {"cam_K": [711.1112738715278, 0.0, 255.5, 0.0, 711.1112738715278, 255.5, 0.0, 0.0, 1.0], "cam_R_w2c": [0.46296700835227966, 0.8857896327972412, 0.03222423791885376, 0.3534134030342102, -0.15113086998462677, -0.9231785535812378, -0.8128718137741089, 0.4387897253036499, -0.3830185830593109], "cam_t_w2c": [39.675716400146484, 63.25745391845703, 389.29168701171875], "depth_scale": 1.0},
  "4": {"cam_K": [711.1112738715278, 0.0, 255.5, 0.0, 711.1112738715278, 255.5, 0.0, 0.0, 1.0], "cam_R_w2c": [0.46296700835227966, 0.8857896327972412, 0.03222423791885376, 0.3534134030342102, -0.15113086998462677, -0.9231785535812378, -0.8128718137741089, 0.4387897253036499, -0.3830185830593109], "cam_t_w2c": [39.675716400146484, 63.25745391845703, 389.29168701171875], "depth_scale": 1.0},
  "5": {"cam_K": [711.1112738715278, 0.0, 255.5, 0.0, 711.1112738715278, 255.5, 0.0, 0.0, 1.0], "cam_R_w2c": [0.7355133295059204, -0.6437297463417053, -0.2112632393836975, -0.5432208776473999, -0.3739762306213379, -0.7516999840736389, 0.4048841893672943, 0.6676479578018188, -0.6247519254684448], "cam_t_w2c": [135.61106872558594, -65.52263641357422, 583.3303833007812], "depth_scale": 1.0},
  "6": {"cam_K": [711.1112738715278, 0.0, 255.5, 0.0, 711.1112738715278, 255.5, 0.0, 0.0, 1.0], "cam_R_w2c": [0.7355133295059204, -0.6437297463417053, -0.2112632393836975, -0.5432208776473999, -0.3739762306213379, -0.7516999840736389, 0.4048841893672943, 0.6676479578018188, -0.6247519254684448], "cam_t_w2c": [135.61106872558594, -65.52263641357422, 583.3303833007812], "depth_scale": 1.0},
  "7": {"cam_K": [711.1112738715278, 0.0, 255.5, 0.0, 711.1112738715278, 255.5, 0.0, 0.0, 1.0], "cam_R_w2c": [0.4252859354019165, -0.9001478552818298, 0.09415856748819351, -0.35384905338287354, -0.2611260712146759, -0.8981115221977234, 0.8330203294754028, 0.34863635897636414, -0.4295697510242462], "cam_t_w2c": [46.787166595458984, 19.31467056274414, 501.7790832519531], "depth_scale": 1.0},
  "8": {"cam_K": [711.1112738715278, 0.0, 255.5, 0.0, 711.1112738715278, 255.5, 0.0, 0.0, 1.0], "cam_R_w2c": [0.4252859354019165, -0.9001478552818298, 0.09415856748819351, -0.35384905338287354, -0.2611260712146759, -0.8981115221977234, 0.8330203294754028, 0.34863635897636414, -0.4295697510242462], "cam_t_w2c": [46.787166595458984, 19.31467056274414, 501.7790832519531], "depth_scale": 1.0},
  "9": {"cam_K": [711.1112738715278, 0.0, 255.5, 0.0, 711.1112738715278, 255.5, 0.0, 0.0, 1.0], "cam_R_w2c": [0.33003005385398865, -0.9434769153594971, 0.03051912598311901, -0.5232524871826172, -0.2097524106502533, -0.8259603977203369, 0.7856760621070862, 0.2566225230693817, -0.5629012584686279], "cam_t_w2c": [50.21697998046875, 15.615514755249023, 530.8701171875], "depth_scale": 1.0}
}