{
  "0": {"cam_K": [711.1112738715278, 0.0, 255.5, 0.0, 711.1112738715278, 255.5, 0.0, 0.0, 1.0], "cam_R_w2c": [-0.9002240896224976, 0.24303199350833893, -0.36129242181777954, 0.43502241373062134, 0.5377546548843384, -0.7222018241882324, 0.01876855455338955, -0.8073136806488037, -0.5898241400718689], "cam_t_w2c": [-76.21484375, 103.87622833251953, 693.930419921875], "depth_scale": 1.0},
  "1": {"cam_K": [711.1112738715278, 0.0, 255.5, 0.0, 711.1112738715278, 255.5, 0.0, 0.0, 1.0], "cam_R_w2c": [-0.9002240896224976, 0.24303199350833893, -0.36129242181777954, 0.43502241373062134, 0.5377546548843384, -0.7222018241882324, 0.01876855455338955, -0.8073136806488037, -0.5898241400718689], "cam_t_w2c": [-76.21484375, 103.87622833251953, 693.930419921875], "depth_scale": 1.0},
  "2": {"cam_K": [711.1112738715278, 0.0, 255.5, 0.0, 711.1112738715278, 255.5, 0.0, 0.0, 1.0], "cam_R_w2c": [-0.562241792678833, -0.8199977874755859, -0.10718178749084473, -0.627063512802124, 0.5072287917137146, -0.5911939740180969, 0.539143443107605, -0.2651841342449188, -0.7993758916854858], "cam_t_w2c": [57.727325439453125, -28.360301971435547, 900.4918823242188], "depth_scale": 1.0}
}