{
  "0": {"cam_K": [711.1112738715278, 0.0, 255.5, 0.0, 711.1112738715278, 255.5, 0.0, 0.0, 1.0], "cam_R_w2c": [-0.12204180657863617, 0.9925249814987183, 8.880253687948425e-08, 0.9769087433815002, 0.12012164294719696, -0.17669197916984558, -0.1753712147474289, -0.02156372182071209, -0.9842662215232849], "cam_t_w2c": [-4.233939170837402, -792584.0625, -4413864.5], "depth_scale": 1.0},
  "1": {"cam_K": [711.1112738715278, 0.0, 255.5, 0.0, 711.1112738715278, 255.5, 0.0, 0.0, 1.0], "cam_R_w2c": [-0.08387377113103867, 0.996476411819458, -8.840857645964206e-08, 0.29137760400772095, 0.024525215849280357, -0.9562937021255493, -0.9529241323471069, -0.0802079439163208, -0.2924079895019531], "cam_t_w2c": [-6.558260440826416, -4289417.5, -1310705.75], "depth_scale": 1.0}
}