{
  "0": {"cam_K": [711.1112738715278, 0.0, 255.5, 0.0, 711.1112738715278, 255.5, 0.0, 0.0, 1.0], "cam_R_w2c": [-0.04405958205461502, 0.9972728490829468, 0.05920753628015518, 0.5704544186592102, 0.0737675353884697, -0.8180097937583923, -0.8201466202735901, -0.0022659827955067158, -0.5721489191055298], "cam_t_w2c": [323.31866455078125, 10.340715408325195, 310.2180480957031], "depth_scale": 1.0}
}