{
  "0": {"cam_K": [2346.1825408935547, 0.0, 956.150695733726, 0.0, 2351.0241982895623, 613.6550906152873, 0.0, 0.0, 1.0], "cam_R_w2c": [0.7707943916320801, -0.6370840072631836, 4.3848622510722635e-08, -0.46144935488700867, -0.5582977533340454, -0.6894693970680237, 0.4392499625682831, 0.5314391255378723, -0.72431480884552], "cam_t_w2c": [-129.8779296875, -45.13612365722656, 879.272705078125], "depth_scale": 1.0},
  "1": {"cam_K": [2346.1825408935547, 0.0, 956.150695733726, 0.0, 2351.0241982895623, 613.6550906152873, 0.0, 0.0, 1.0], "cam_R_w2c": [0.26929545402526855, 0.9630576372146606, 1.9065431899889518e-08, 0.44174426794052124, -0.12352295219898224, -0.8885967135429382, -0.8557698130607605, 0.23929506540298462, -0.4586893618106842], "cam_t_w2c": [177.46237182617188, 39.33781433105469, 924.5955810546875], "depth_scale": 1.0}
}