{
  "0": [{"cam_R_m2c": [0.00380946253426373, 0.9799057841300964, 0.19942404329776764, -0.15325643122196198, 0.19764170050621033, -0.968220055103302, -0.9881790280342102, -0.026874694973230362, 0.15092983841896057], "cam_t_m2c": [0.00013079989003017545, -0.00286102294921875, 834.6691284179688], "obj_id": 1}]
}