{
  "0": {"cam_K": [2346.1825408935547, 0.0, 956.150695733726, 0.0, 2351.0241982895623, 613.6550906152873, 0.0, 0.0, 1.0], "cam_R_w2c": [0.39749640226364136, -0.9176037311553955, 4.665525921154767e-08, -0.5741813778877258, -0.24872946739196777, -0.780031681060791, 0.7157599925994873, 0.3100597858428955, -0.6257400512695312], "cam_t_w2c": [48022.0390625, 26313.435546875, 40894.9140625], "depth_scale": 1.0}
}