{
  "0": {"cam_K": [711.1112738715278, 0.0, 255.5, 0.0, 711.1112738715278, 255.5, 0.0, 0.0, 1.0], "cam_R_w2c": [0.4843252897262573, -0.6529688835144043, 0.5822890996932983, -0.10596928000450134, -0.7044411301612854, -0.7018069624900818, 0.8684465885162354, 0.27819809317588806, -0.4103732705116272], "cam_t_w2c": [59.91575622558594, 26.88631248474121, 268.92230224609375], "depth_scale": 1.0},
  "1": {"cam_K": [711.1112738715278, 0.0, 255.5, 0.0, 711.1112738715278, 255.5, 0.0, 0.0, 1.0], "cam_R_w2c": [0.1587514877319336, -0.793736457824707, -0.5871801972389221, -0.6315239071846008, 0.37551626563072205, -0.678354799747467, 0.7589306235313416, 0.47850820422172546, -0.44164982438087463], "cam_t_w2c": [56.41525650024414, -61.908485412597656, 237.0489044189453], "depth_scale": 1.0}
}