{
  "0": {"cam_K": [711.1112738715278, 0.0, 255.5, 0.0, 711.1112738715278, 255.5, 0.0, 0.0, 1.0], "cam_R_w2c": [-0.8442879915237427, 0.5082043409347534, 0.17001894116401672, 0.12694571912288666, 0.4979029893875122, -0.857891321182251, -0.520637035369873, -0.7027239799499512, -0.484887957572937], "cam_t_w2c": [28.269912719726562, -28.282899856567383, 301.251220703125], "depth_scale": 1.0}
}