{
  "0": {"cam_K": [711.1112738715278, 0.0, 255.5, 0.0, 711.1112738715278, 255.5, 0.0, 0.0, 1.0], "cam_R_w2c": [-0.7980456948280334, -0.6025969982147217, -1.2061080667535862e-07, -0.29685232043266296, 0.3931346833705902, -0.8702435493469238, 0.5244061946868896, -0.6944940090179443, -0.4926217496395111], "cam_t_w2c": [-180.496826171875, -3903678.0, -2209120.25], "depth_scale": 1.0},
  "1": {"cam_K": [711.1112738715278, 0.0, 255.5, 0.0, 711.1112738715278, 255.5, 0.0, 0.0, 1.0], "cam_R_w2c": [-0.8576214909553528, 0.5142812728881836, -1.3907711604588258e-07, 0.43280866742134094, 0.7217568159103394, -0.5401331186294556, -0.2777802348136902, -0.46322986483573914, -0.8415794968605042], "cam_t_w2c": [-5.723029136657715, -2422750.25, -3774233.0], "depth_scale": 1.0}
}