{
  "0": {"cam_K": [2346.1825408935547, 0.0, 956.150695733726, 0.0, 2351.0241982895623, 613.6550906152873, 0.0, 0.0, 1.0], "cam_R_w2c": [0.6221539974212646, 0.7803874015808105, -0.0626092478632927, 0.5561604499816895, -0.4968407154083252, -0.6662092208862305, -0.5510081052780151, 0.3796639144420624, -0.7431320548057556], "cam_t_w2c": [-49.557456970214844, -38.5289192199707, 673.3596801757812], "depth_scale": 1.0},
  "1": {"cam_K": [2346.1825408935547, 0.0, 956.150695733726, 0.0, 2351.0241982895623, 613.6550906152873, 0.0, 0.0, 1.0], "cam_R_w2c": [-0.7497556209564209, 0.6617143154144287, 0.0007774492842145264, 0.46863195300102234, 0.5318123698234558, -0.7053791284561157, -0.4671729505062103, -0.5284976363182068, -0.7088297605514526], "cam_t_w2c": [87.13333129882812, -10.885135650634766, 599.2388305664062], "depth_scale": 1.0}
}