{
  "0": {"cam_K": [711.1112738715278, 0.0, 255.5, 0.0, 711.1112738715278, 255.5, 0.0, 0.0, 1.0], "cam_R_w2c": [0.5315694212913513, 0.8123657703399658, 0.23978276550769806, 0.4772788882255554, -0.053408004343509674, -0.8771274089813232, -0.6997419595718384, 0.5806973576545715, -0.4161151051521301], "cam_t_w2c": [-86.4893569946289, 82.63922119140625, 270.380615234375], "depth_scale": 1.0},
  "1": {"cam_K": [711.1112738715278, 0.0, 255.5, 0.0, 711.1112738715278, 255.5, 0.0, 0.0, 1.0], "cam_R_w2c": [0.9705144762992859, 0.15393424034118652, 0.18548840284347534, 0.2409878671169281, -0.6360952854156494, -0.733012855052948, 0.005152511410415173, 0.756100058555603, -0.654435932636261], "cam_t_w2c": [104.89366149902344, 151.53756713867188, 362.58099365234375], "depth_scale": 1.0},
  "2": {"cam_K": [711.1112738715278, 0.0, 255.5, 0.0, 711.1112738715278, 255.5, 0.0, 0.0, 1.0], "cam_R_w2c": [0.9705144762992859, 0.15393424034118652, 0.18548840284347534, 0.2409878671169281, -0.6360952854156494, -0.733012855052948, 0.005152511410415173, 0.756100058555603, -0.654435932636261], "cam_t_w2c": [104.89366149902344, 151.53756713867188, 362.58099365234375], "depth_scale": 1.0},
  "3": {"cam_K": [711.1112738715278, 0.0, 255.5, 0.0, 711.1112738715278, 255.5, 0.0, 0.0, 1.0], "cam_R_w2c": [0.6498976945877075, -0.7449473738670349, 0.1506202667951584, 0.028783254325389862, -0.17391227185726166, -0.9843404293060303, 0.7594764828681946, 0.644055962562561, -0.09158319234848022], "cam_t_w2c": [235.05166625976562, 39.44659423828125, 506.8623962402344], "depth_scale": 1.0},
  "4": {"cam_K": [711.1112738715278, 0.0, 255.5, 0.0, 711.1112738715278, 255.5, 0.0, 0.0, 1.0], "cam_R_w2c": [0.6498976945877075, -0.7449473738670349, 0.1506202667951584, 0.028783254325389862, -0.17391227185726166, -0.9843404293060303, 0.7594764828681946, 0.644055962562561, -0.09158319234848022], "cam_t_w2c": [235.05166625976562, 39.44659423828125, 506.8623962402344], "depth_scale": 1.0},
  "5": {"cam_K": [711.1112738715278, 0.0, 255.5, 0.0, 711.1112738715278, 255.5, 0.0, 0.0, 1.0], "cam_R_w2c": [0.9557445049285889, 0.2893373966217041, -0.053256914019584656, 0.15431450307369232, -0.6471533179283142, -0.7465783953666687, -0.25047847628593445, 0.705319881439209, -0.6631621718406677], "cam_t_w2c": [75.02420043945312, 151.48471069335938, 304.5015869140625], "depth_scale": 1.0},
  "6": {"cam_K": [711.1112738715278, 0.0, 255.5, 0.0, 711.1112738715278, 255.5, 0.0, 0.0, 1.0], "cam_R_w2c": [0.9557445049285889, 0.2893373966217041, -0.053256914019584656, 0.15431450307369232, -0.6471533179283142, -0.7465783953666687, -0.25047847628593445, 0.705319881439209, -0.6631621718406677], "cam_t_w2c": [75.02420043945312, 151.48471069335938, 304.5015869140625], "depth_scale": 1.0},
  "7": {"cam_K": [711.1112738715278, 0.0, 255.5, 0.0, 711.1112738715278, 255.5, 0.0, 0.0, 1.0], "cam_R_w2c": [-0.8879222869873047, 0.4599226713180542, -0.008074111305177212, 0.31410157680511475, 0.5933911800384521, -0.7410985827445984, -0.3360569179058075, -0.6605740189552307, -0.6713477373123169], "cam_t_w2c": [-217.06285095214844, -74.61283111572266, 656.8972778320312], "depth_scale": 1.0},
  "8": {"cam_K": [711.1112738715278, 0.0, 255.5, 0.0, 711.1112738715278, 255.5, 0.0, 0.0, 1.0], "cam_R_w2c": [-0.8879222869873047, 0.4599226713180542, -0.008074111305177212, 0.31410157680511475, 0.5933911800384521, -0.7410985827445984, -0.3360569179058075, -0.6605740189552307, -0.6713477373123169], "cam_t_w2c": [-217.06285095214844, -74.61283111572266, 656.8972778320312], "depth_scale": 1.0},
  "9": {"cam_K": [711.1112738715278, 0.0, 255.5, 0.0, 711.1112738715278, 255.5, 0.0, 0.0, 1.0], "cam_R_w2c": [-0.09593330323696136, -0.9912936687469482, -0.09018780291080475, -0.46573930978775024, 0.12477798014879227, -0.8760807514190674, 0.8797066807746887, -0.04204125702381134, -0.4736548066139221], "cam_t_w2c": [181.287841796875, -88.52782440185547, 588.7059936523438], "depth_scale": 1.0}
}