{
  "0": {"cam_K": [711.1112738715278, 0.0, 255.5, 0.0, 711.1112738715278, 255.5, 0.0, 0.0, 1.0], "cam_R_w2c": [0.6620169281959534, 0.749488890171051, -5.807946479308157e-08, 0.5397459864616394, -0.47675302624702454, -0.6938162446022034, -0.5200075507164001, 0.4593181014060974, -0.7201521992683411], "cam_t_w2c": [-21.94233512878418, -3111944.25, -3229456.25], "depth_scale": 1.0},
  "1": {"cam_K": [711.1112738715278, 0.0, 255.5, 0.0, 711.1112738715278, 255.5, 0.0, 0.0, 1.0], "cam_R_w2c": [0.23655471205711365, -0.9716181755065918, 1.647023850637197e-08, -0.798667848110199, -0.1944473832845688, -0.5694908499717712, 0.5533276796340942, 0.1347157210111618, -0.8219976425170898], "cam_t_w2c": [157.87191772460938, -2554486.25, -3685991.75], "depth_scale": 1.0}
}