{
  "0": {"cam_K": [711.1112738715278, 0.0, 255.5, 0.0, 711.1112738715278, 255.5, 0.0, 0.0, 1.0], "cam_R_w2c": [-0.20467008650302887, 0.9788310527801514, -5.100189923723519e-07, 0.9777755737304688, 0.20444925129413605, -0.046427518129348755, -0.045444589108228683, -0.009502819739282131, -0.9989217519760132], "cam_t_w2c": [-406.2433776855469, -208394.859375, -4479723.5], "depth_scale": 1.0},
  "1": {"cam_K": [711.1112738715278, 0.0, 255.5, 0.0, 711.1112738715278, 255.5, 0.0, 0.0, 1.0], "cam_R_w2c": [0.8156899809837341, 0.5784893035888672, 2.9356346686881807e-08, 0.21400640904903412, -0.3017563223838806, -0.9290555715560913, -0.5374487042427063, 0.757821261882782, -0.36994001269340515], "cam_t_w2c": [-295.36077880859375, -4167125.0, -1658679.375], "depth_scale": 1.0}
}