{
  "0": {"cam_K": [711.1112738715278, 0.0, 255.5, 0.0, 711.1112738715278, 255.5, 0.0, 0.0, 1.0], "cam_R_w2c": [0.8346380591392517, -0.5507988333702087, -9.73855520669531e-08, -0.5495555400848389, -0.8327541351318359, -0.06715269386768341, 0.0369875431060791, 0.05604824423789978, -0.9977428317070007], "cam_t_w2c": [84.13774108886719, 238.08914184570312, 1168.53369140625], "depth_scale": 1.0},
  "1": {"cam_K": [711.1112738715278, 0.0, 255.5, 0.0, 711.1112738715278, 255.5, 0.0, 0.0, 1.0], "cam_R_w2c": [-0.5320930480957031, -0.846686065196991, -2.586632206202921e-07, -0.8232404589653015, 0.5173587203025818, -0.2336989939212799, 0.19786979258060455, -0.12434937059879303, -0.9723091721534729], "cam_t_w2c": [218.17056274414062, 0.24071571230888367, 1059.813232421875], "depth_scale": 1.0}
}