{
  "0": {"cam_K": [711.1112738715278, 0.0, 255.5, 0.0, 711.1112738715278, 255.5, 0.0, 0.0, 1.0], "cam_R_w2c": [0.8350620269775391, -0.22453904151916504, 0.5022485256195068, 0.2620967626571655, -0.6402955651283264, -0.7220297455787659, 0.4837113618850708, 0.7345773577690125, -0.4758355915546417], "cam_t_w2c": [74.89275360107422, 20.397480010986328, 435.7256164550781], "depth_scale": 1.0},
  "1": {"cam_K": [711.1112738715278, 0.0, 255.5, 0.0, 711.1112738715278, 255.5, 0.0, 0.0, 1.0], "cam_R_w2c": [0.8350620269775391, -0.22453904151916504, 0.5022485256195068, 0.2620967626571655, -0.6402955651283264, -0.7220297455787659, 0.4837113618850708, 0.7345773577690125, -0.4758355915546417], "cam_t_w2c": [74.89275360107422, 20.397480010986328, 435.7256164550781], "depth_scale": 1.0},
  "2": {"cam_K": [711.1112738715278, 0.0, 255.5, 0.0, 711.1112738715278, 255.5, 0.0, 0.0, 1.0], "cam_R_w2c": [0.8350620269775391, -0.22453904151916504, 0.5022485256195068, 0.2620967626571655, -0.6402955651283264, -0.7220297455787659, 0.4837113618850708, 0.7345773577690125, -0.4758355915546417], "cam_t_w2c": [74.89275360107422, 20.397480010986328, 435.7256164550781], "depth_scale": 1.0}
}