{
  "0": {"cam_K": [711.1112738715278, 0.0, 255.5, 0.0, 711.1112738715278, 255.5, 0.0, 0.0, 1.0], "cam_R_w2c": [-0.5379010438919067, -0.8430081009864807, -2.1379119630182686e-07, -0.7866002917289734, 0.5019086599349976, -0.35964950919151306, 0.3031875491142273, -0.19345563650131226, -0.9330876469612122], "cam_t_w2c": [-152.26487731933594, 147.26553344726562, 906.1154174804688], "depth_scale": 1.0},
  "1": {"cam_K": [711.1112738715278, 0.0, 255.5, 0.0, 711.1112738715278, 255.5, 0.0, 0.0, 1.0], "cam_R_w2c": [0.9825849533081055, 0.1858140081167221, -1.4129862613287969e-08, 0.08740193396806717, -0.46218180656433105, -0.8824675679206848, -0.1639748364686966, 0.8670993447303772, -0.47037339210510254], "cam_t_w2c": [-37.55003356933594, -199.56736755371094, 1230.0858154296875], "depth_scale": 1.0}
}