{
  "0": {"cam_K": [2346.182657877604, 0.0, 956.150695875287, 0.0, 2351.0243155150233, 613.6550964412543, 0.0, 0.0, 1.0], "cam_R_w2c": [0.7113022208213806, 0.628583550453186, 0.31453433632850647, 0.6988171339035034, -0.5843455195426941, -0.41254687309265137, -0.07552345097064972, 0.5132474899291992, -0.854911208152771], "cam_t_w2c": [84.02690887451172, -126.65967559814453, 579.9384155273438], "depth_scale": 1.0},
  "1": {"cam_K": [2346.182657877604, 0.0, 956.150695875287, 0.0, 2351.0243155150233, 613.6550964412543, 0.0, 0.0, 1.0], "cam_R_w2c": [0.7113022208213806, 0.628583550453186, 0.31453433632850647, 0.6988171339035034, -0.5843455195426941, -0.41254687309265137, -0.07552345097064972, 0.5132474899291992, -0.854911208152771], "cam_t_w2c": [84.02690887451172, -126.65967559814453, 579.9384155273438], "depth_scale": 1.0},
  "2": {"cam_K": [2346.182657877604, 0.0, 956.150695875287, 0.0, 2351.0243155150233, 613.6550964412543, 0.0, 0.0, 1.0], "cam_R_w2c": [0.7113022208213806, 0.628583550453186, 0.31453433632850647, 0.6988171339035034, -0.5843455195426941, -0.41254687309265137, -0.07552345097064972, 0.5132474899291992, -0.854911208152771], "cam_t_w2c": [84.02690887451172, -126.65967559814453, 579.9384155273438], "depth_scale": 1.0},
  "3": {"cam_K": [2346.1825408935547, 0.0, 956.150695733726, 0.0, 2351.0241982895623, 613.6550906152873, 0.0, 0.0, 1.0], "cam_R_w2c": [-0.9977076053619385, 0.06767595559358597, -3.8685818992689747e-08, 0.061058253049850464, 0.9001461267471313, -0.43128740787506104, -0.029187750071287155, -0.4302986264228821, -0.9022148251533508], "cam_t_w2c": [-137.30091857910156, 188.53257751464844, 216.9520263671875], "depth_scale": 1.0}
}