{
  "0": {"cam_K": [711.1112738715278, 0.0, 255.5, 0.0, 711.1112738715278, 255.5, 0.0, 0.0, 1.0], "cam_R_w2c": [-0.599426805973053, -0.8004297018051147, -1.2988041930839245e-07, -0.5023966431617737, 0.3762354552745819, -0.7784886360168457, 0.623125433921814, -0.46664682030677795, -0.6276588439941406], "cam_t_w2c": [366.0921325683594, -3491734.75, -2814630.75], "depth_scale": 1.0},
  "1": {"cam_K": [711.1112738715278, 0.0, 255.5, 0.0, 711.1112738715278, 255.5, 0.0, 0.0, 1.0], "cam_R_w2c": [-0.4636768698692322, -0.8860044479370117, -2.211680225627788e-07, -0.8733770847320557, 0.4570685029029846, -0.16822867095470428, 0.14905144274234772, -0.07800354063510895, -0.9857481122016907], "cam_t_w2c": [323.985107421875, -754298.375, -4420492.0], "depth_scale": 1.0}
}