{
  "0": {"cam_K": [711.1112738715278, 0.0, 255.5, 0.0, 711.1112738715278, 255.5, 0.0, 0.0, 1.0], "cam_R_w2c": [-0.9761826395988464, 0.2035617232322693, -0.07503751665353775, 0.17598475515842438, 0.5407092571258545, -0.8225952982902527, -0.1268754005432129, -0.8162084817886353, -0.563654899597168], "cam_t_w2c": [18.895719528198242, -79.38692474365234, 473.861083984375], "depth_scale": 1.0}
}