{
  "0": {"cam_K": [711.1112738715278, 0.0, 255.5, 0.0, 711.1112738715278, 255.5, 0.0, 0.0, 1.0], "cam_R_w2c": [0.5033206343650818, -0.8640997409820557, -1.3695955658477033e-07, -0.8384630084037781, -0.4883878529071808, -0.2417794018983841, 0.20892144739627838, 0.12169268727302551, -0.9703313708305359], "cam_t_w2c": [298.91607666015625, -1089671.0, -4336361.5], "depth_scale": 1.0},
  "1": {"cam_K": [711.1112738715278, 0.0, 255.5, 0.0, 711.1112738715278, 255.5, 0.0, 0.0, 1.0], "cam_R_w2c": [0.38828977942466736, -0.9215373396873474, -5.0878224300277e-08, -0.17890764772891998, -0.07538267970085144, -0.9809737205505371, 0.904003918170929, 0.38090211153030396, -0.19414038956165314], "cam_t_w2c": [-816.2194213867188, -4388663.0, -858979.625], "depth_scale": 1.0}
}