{
  "0": [{"cam_R_m2c": [0.8381758332252502, -0.27791255712509155, -0.469282329082489, 0.5231270790100098, 0.16627594828605652, 0.8358770608901978, -0.15427032113075256, -0.9461062550544739, 0.2847520411014557], "cam_t_m2c": [-176.96475219726562, 377.4428405761719, 1021.7406616210938], "obj_id": 2}, {"cam_R_m2c": [-0.6933944821357727, -0.6951039433479309, 0.18982774019241333, 0.0423499159514904, -0.3023037910461426, -0.9522703886032104, 0.7193126082420349, -0.652259886264801, 0.23905333876609802], "cam_t_m2c": [308.3861083984375, -5268.23046875, 16202.9404296875], "obj_id": 0}],
  "1": [{"cam_R_m2c": [0.9011634588241577, -0.22556355595588684, -0.3701695203781128, 0.061264798045158386, -0.7791029810905457, 0.6238948702812195, -0.4291281998157501, -0.5849096179008484, -0.6882800459861755], "cam_t_m2c": [-131.22727966308594, 244.771484375, 430.77386474609375], "obj_id": 2}, {"cam_R_m2c": [-0.7047052979469299, -0.7067610025405884, 0.0622842013835907, 0.6864355206489563, -0.7013656497001648, -0.192074254155159, 0.17943459749221802, -0.09260165691375732, 0.9794019460678101], "cam_t_m2c": [-823.7335205078125, 11582.5654296875, 11987.1376953125], "obj_id": 0}]
}