{
  "0": {"cam_K": [2346.1825408935547, 0.0, 956.150695733726, 0.0, 2351.0241982895623, 613.6550906152873, 0.0, 0.0, 1.0], "cam_R_w2c": [-0.8849633932113647, 0.46566054224967957, -9.181322724316487e-08, 0.20051659643650055, 0.3810711205005646, -0.9025396704673767, -0.42027708888053894, -0.7987146377563477, -0.4306066036224365], "cam_t_w2c": [20.512361526489258, 405.7917175292969, 3297.898193359375], "depth_scale": 1.0}
}