{
  "0": {"cam_K": [711.1112738715278, 0.0, 255.5, 0.0, 711.1112738715278, 255.5, 0.0, 0.0, 1.0], "cam_R_w2c": [0.7438640594482422, 0.6672552824020386, -0.03790323808789253, 0.4251132309436798, -0.5161581039428711, -0.7435452938079834, -0.5156986117362976, 0.5369834303855896, -0.6676105260848999], "cam_t_w2c": [142.53880310058594, 174.74334716796875, 235.0722198486328], "depth_scale": 1.0},
  "1": {"cam_K": [711.1112738715278, 0.0, 255.5, 0.0, 711.1112738715278, 255.5, 0.0, 0.0, 1.0], "cam_R_w2c": [0.8226537704467773, 0.5660479664802551, -0.05320250988006592, 0.1712096780538559, -0.3358783423900604, -0.9262143969535828, -0.5421513319015503, 0.7528449892997742, -0.3732244670391083], "cam_t_w2c": [211.59463500976562, 67.6591796875, 245.32308959960938], "depth_scale": 1.0},
  "2": {"cam_K": [711.1112738715278, 0.0, 255.5, 0.0, 711.1112738715278, 255.5, 0.0, 0.0, 1.0], "cam_R_w2c": [0.8226537704467773, 0.5660479664802551, -0.05320250988006592, 0.1712096780538559, -0.3358783423900604, -0.9262143969535828, -0.5421513319015503, 0.7528449892997742, -0.3732244670391083], "cam_t_w2c": [211.59463500976562, 67.6591796875, 245.32308959960938], "depth_scale": 1.0},
  "3": {"cam_K": [711.1112738715278, 0.0, 255.5, 0.0, 711.1112738715278, 255.5, 0.0, 0.0, 1.0], "cam_R_w2c": [0.7504678964614868, -0.6557865738868713, -0.08210906386375427, -0.4949527382850647, -0.47534090280532837, -0.7273739576339722, 0.4379722774028778, 0.586510956287384, -0.6813114285469055], "cam_t_w2c": [320.90777587890625, -155.76535034179688, 644.1904907226562], "depth_scale": 1.0},
  "4": {"cam_K": [711.1112738715278, 0.0, 255.5, 0.0, 711.1112738715278, 255.5, 0.0, 0.0, 1.0], "cam_R_w2c": [0.7504678964614868, -0.6557865738868713, -0.08210906386375427, -0.4949527382850647, -0.47534090280532837, -0.7273739576339722, 0.4379722774028778, 0.586510956287384, -0.6813114285469055], "cam_t_w2c": [320.90777587890625, -155.76535034179688, 644.1904907226562], "depth_scale": 1.0},
  "5": {"cam_K": [711.1112738715278, 0.0, 255.5, 0.0, 711.1112738715278, 255.5, 0.0, 0.0, 1.0], "cam_R_w2c": [-0.2564900517463684, -0.9643678069114685, 0.06486546248197556, -0.3198045492172241, 0.021343864500522614, -0.9472430944442749, 0.9121062755584717, -0.26370272040367126, -0.3138836920261383], "cam_t_w2c": [-7.087895393371582, -39.55480194091797, 546.696533203125], "depth_scale": 1.0},
  "6": {"cam_K": [711.1112738715278, 0.0, 255.5, 0.0, 711.1112738715278, 255.5, 0.0, 0.0, 1.0], "cam_R_w2c": [-0.2564900517463684, -0.9643678069114685, 0.06486546248197556, -0.3198045492172241, 0.021343864500522614, -0.9472430944442749, 0.9121062755584717, -0.26370272040367126, -0.3138836920261383], "cam_t_w2c": [-7.087895393371582, -39.55480194091797, 546.696533203125], "depth_scale": 1.0},
  "7": {"cam_K": [711.1112738715278, 0.0, 255.5, 0.0, 711.1112738715278, 255.5, 0.0, 0.0, 1.0], "cam_R_w2c": [0.9946272969245911, -0.0624341256916523, -0.08257416635751724, -0.10308978706598282, -0.6700674295425415, -0.7351069450378418, -0.009434503503143787, 0.7396699786186218, -0.6729037165641785], "cam_t_w2c": [149.42251586914062, 13.719162940979004, 441.34832763671875], "depth_scale": 1.0},
  "8": {"cam_K": [711.1112738715278, 0.0, 255.5, 0.0, 711.1112738715278, 255.5, 0.0, 0.0, 1.0], "cam_R_w2c": [0.9946272969245911, -0.0624341256916523, -0.08257416635751724, -0.10308978706598282, -0.6700674295425415, -0.7351069450378418, -0.009434503503143787, 0.7396699786186218, -0.6729037165641785], "cam_t_w2c": [149.42251586914062, 13.719162940979004, 441.34832763671875], "depth_scale": 1.0},
  "9": {"cam_K": [711.1112738715278, 0.0, 255.5, 0.0, 711.1112738715278, 255.5, 0.0, 0.0, 1.0], "cam_R_w2c": [0.6876735091209412, -0.7206137776374817, -0.08843595534563065, -0.39458757638931274, -0.26871514320373535, -0.8786881566047668, 0.609430730342865, 0.6391463279724121, -0.46913355588912964], "cam_t_w2c": [36.4417839050293, 25.14956283569336, 493.3331298828125], "depth_scale": 1.0}
}