{
  "0": {"cam_K": [711.1112738715278, 0.0, 255.5, 0.0, 711.1112738715278, 255.5, 0.0, 0.0, 1.0], "cam_R_w2c": [-0.26542291045188904, 0.9641321897506714, -2.2527622434154182e-08, 0.5701510310173035, 0.1569608747959137, -0.8064063191413879, -0.7774822115898132, -0.2140386551618576, -0.5913619995117188], "cam_t_w2c": [1354.388916015625, -3615745.25, -2651450.75], "depth_scale": 1.0},
  "1": {"cam_K": [711.1112738715278, 0.0, 255.5, 0.0, 711.1112738715278, 255.5, 0.0, 0.0, 1.0], "cam_R_w2c": [0.3965241014957428, 0.9180243611335754, 1.1246437736645021e-07, 0.6749769449234009, -0.2915441691875458, -0.6777966022491455, -0.6222337484359741, 0.2687627971172333, -0.7352495789527893], "cam_t_w2c": [1368.2481689453125, -3039674.0, -3295688.75], "depth_scale": 1.0}
}