{
  "0": {"cam_K": [711.1112738715278, 0.0, 255.5, 0.0, 711.1112738715278, 255.5, 0.0, 0.0, 1.0], "cam_R_w2c": [0.06497233361005783, -0.9978688359260559, -0.006040835753083229, -0.6335570216178894, -0.036573149263858795, -0.7728311419487, 0.7709631323814392, 0.05403989180922508, -0.634583055973053], "cam_t_w2c": [154.11009216308594, -112.86177062988281, 288.015869140625], "depth_scale": 1.0},
  "1": {"cam_K": [711.1112738715278, 0.0, 255.5, 0.0, 711.1112738715278, 255.5, 0.0, 0.0, 1.0], "cam_R_w2c": [-0.8791384696960449, 0.47656410932540894, 0.0014575558016076684, 0.24292784929275513, 0.4507666230201721, -0.8589502573013306, -0.41000187397003174, -0.7547821402549744, -0.5120569467544556], "cam_t_w2c": [-281.2787170410156, -8.248409271240234, 695.5184936523438], "depth_scale": 1.0}
}