{
  "0": {"cam_K": [711.1112738715278, 0.0, 255.5, 0.0, 711.1112738715278, 255.5, 0.0, 0.0, 1.0], "cam_R_w2c": [-0.8819499015808105, -0.42947831749916077, 0.19419792294502258, -0.33216750621795654, 0.2740149199962616, -0.9025411605834961, 0.3344087302684784, -0.860502302646637, -0.38432618975639343], "cam_t_w2c": [-189.23635864257812, 54.06669616699219, 420.03790283203125], "depth_scale": 1.0},
  "1": {"cam_K": [711.1112738715278, 0.0, 255.5, 0.0, 711.1112738715278, 255.5, 0.0, 0.0, 1.0], "cam_R_w2c": [-0.8819499015808105, -0.42947831749916077, 0.19419792294502258, -0.33216750621795654, 0.2740149199962616, -0.9025411605834961, 0.3344087302684784, -0.860502302646637, -0.38432618975639343], "cam_t_w2c": [-189.23635864257812, 54.06669616699219, 420.03790283203125], "depth_scale": 1.0},
  "2": {"cam_K": [711.1112738715278, 0.0, 255.5, 0.0, 711.1112738715278, 255.5, 0.0, 0.0, 1.0], "cam_R_w2c": [0.3407725393772125, -0.933041512966156, 0.11535832285881042, -0.10676457732915878, -0.16031506657600403, -0.9812748432159424, 0.9340638518333435, 0.3220753073692322, -0.1542467176914215], "cam_t_w2c": [-223.91807556152344, -42.039512634277344, 1120.8475341796875], "depth_scale": 1.0},
  "3": {"cam_K": [711.1112738715278, 0.0, 255.5, 0.0, 711.1112738715278, 255.5, 0.0, 0.0, 1.0], "cam_R_w2c": [0.3407725393772125, -0.933041512966156, 0.11535832285881042, -0.10676457732915878, -0.16031506657600403, -0.9812748432159424, 0.9340638518333435, 0.3220753073692322, -0.1542467176914215], "cam_t_w2c": [-223.91807556152344, -42.039512634277344, 1120.8475341796875], "depth_scale": 1.0},
  "4": {"cam_K": [711.1112738715278, 0.0, 255.5, 0.0, 711.1112738715278, 255.5, 0.0, 0.0, 1.0], "cam_R_w2c": [0.18360087275505066, 0.9807778000831604, 0.06607355177402496, 0.6161385178565979, -0.0624457523226738, -0.7851585149765015, -0.7659400105476379, 0.1848662793636322, -0.615760087966919], "cam_t_w2c": [275.94390869140625, 40.54554748535156, 804.419189453125], "depth_scale": 1.0}
}