{
  "0": {"cam_K": [711.1112738715278, 0.0, 255.5, 0.0, 711.1112738715278, 255.5, 0.0, 0.0, 1.0], "cam_R_w2c": [0.6545834541320801, -0.7559897899627686, -4.3470901545106244e-08, -0.5869813561439514, -0.5082453489303589, -0.6301902532577515, 0.47641733288764954, 0.4125121235847473, -0.7764409184455872], "cam_t_w2c": [-525.4644775390625, -2826887.0, -3481557.0], "depth_scale": 1.0},
  "1": {"cam_K": [711.1112738715278, 0.0, 255.5, 0.0, 711.1112738715278, 255.5, 0.0, 0.0, 1.0], "cam_R_w2c": [-0.6699953675270081, -0.742365300655365, -5.1540080647782816e-08, -0.7400436997413635, 0.6679001450538635, -0.07902325689792633, 0.05866415426135063, -0.052945178002119064, -0.9968727827072144], "cam_t_w2c": [-263.31591796875, -353965.09375, -4470760.0], "depth_scale": 1.0}
}