{
  "0": [{"cam_R_m2c": [0.17822931706905365, 0.5881620049476624, -0.7888597846031189, -0.917193591594696, 0.38964012265205383, 0.08328568935394287, 0.3563568890094757, 0.7086931467056274, 0.608903706073761], "cam_t_m2c": [-311.5205078125, 13.688191413879395, 1349.2484130859375], "obj_id": 2}, {"cam_R_m2c": [-0.059336595237255096, -0.9981400966644287, -0.013991600833833218, -0.3466336727142334, 0.03374633193016052, -0.9373934268951416, 0.9361220598220825, -0.05077167972922325, -0.347991406917572], "cam_t_m2c": [-616.68701171875, -246.14767456054688, 1208.9710693359375], "obj_id": 0}],
  "1": [{"cam_R_m2c": [-0.9077863097190857, -0.07085150480270386, -0.4134054481983185, -0.31467321515083313, -0.5366250872612, 0.7829523086547852, -0.277317076921463, 0.8408409953117371, 0.46484583616256714], "cam_t_m2c": [-209.37564086914062, 305.6371765136719, 984.283935546875], "obj_id": 2}, {"cam_R_m2c": [-0.8598669171333313, -0.06466584652662277, -0.506406307220459, -0.006158636417239904, 0.9931870102882385, -0.1163683608174324, 0.5104812383651733, -0.09694252163171768, -0.8544068932533264], "cam_t_m2c": [-359.2370300292969, 572.1554565429688, 689.9644165039062], "obj_id": 0}]
}