{
  "0": {"cam_K": [711.1112738715278, 0.0, 255.5, 0.0, 711.1112738715278, 255.5, 0.0, 0.0, 1.0], "cam_R_w2c": [-0.7879418730735779, -0.6157495379447937, 9.744853457505087e-08, -0.6130901575088501, 0.7845388650894165, -0.09283964335918427, 0.05716589093208313, -0.07315230369567871, -0.9956810474395752], "cam_t_w2c": [216.68341064453125, -19.323949813842773, 760.9967041015625], "depth_scale": 1.0},
  "1": {"cam_K": [711.1112738715278, 0.0, 255.5, 0.0, 711.1112738715278, 255.5, 0.0, 0.0, 1.0], "cam_R_w2c": [-0.19386307895183563, 0.98102867603302, -4.4604863802533146e-08, 0.6761583089828491, 0.1336168646812439, -0.7245388627052307, -0.7107933759689331, -0.1404612958431244, -0.6892341375350952], "cam_t_w2c": [-119.54637145996094, -87.06790161132812, 975.7210083007812], "depth_scale": 1.0}
}