{
  "0": {"cam_K": [711.1112738715278, 0.0, 255.5, 0.0, 711.1112738715278, 255.5, 0.0, 0.0, 1.0], "cam_R_w2c": [0.9755338430404663, 0.21984919905662537, 2.4185558444855815e-08, 0.20991303026676178, -0.9314442276954651, -0.2972342371940613, -0.06534668803215027, 0.2899620831012726, -0.9548045992851257], "cam_t_w2c": [215.5036163330078, -1333035.875, -4282145.5], "depth_scale": 1.0},
  "1": {"cam_K": [711.1112738715278, 0.0, 255.5, 0.0, 711.1112738715278, 255.5, 0.0, 0.0, 1.0], "cam_R_w2c": [-0.26733359694480896, -0.9636040925979614, 2.1225187651907618e-07, -0.5560558438301086, 0.1542668491601944, -0.8167029619216919, 0.7869782447814941, -0.2183322012424469, -0.5770584344863892], "cam_t_w2c": [133.29298400878906, -3663629.25, -2587323.0], "depth_scale": 1.0}
}