{
  "0": {"cam_K": [711.1112738715278, 0.0, 255.5, 0.0, 711.1112738715278, 255.5, 0.0, 0.0, 1.0], "cam_R_w2c": [-0.3187589943408966, 0.9478358626365662, -9.444531201552309e-08, 0.16717036068439484, 0.05621955916285515, -0.9843238592147827, -0.9329774379730225, -0.3137620687484741, -0.17637059092521667], "cam_t_w2c": [52.27431106567383, -4414954.5, -790583.4375], "depth_scale": 1.0},
  "1": {"cam_K": [711.1112738715278, 0.0, 255.5, 0.0, 711.1112738715278, 255.5, 0.0, 0.0, 1.0], "cam_R_w2c": [-0.0012001823633909225, 0.9999992251396179, -2.428372170015791e-09, 0.6916782855987549, 0.0008301843772642314, -0.7222052216529846, -0.7222046852111816, -0.0008667990332469344, -0.6916787624359131], "cam_t_w2c": [146.5223388671875, -3239134.0, -3101835.5], "depth_scale": 1.0}
}