{
  "0": {"cam_K": [711.1112738715278, 0.0, 255.5, 0.0, 711.1112738715278, 255.5, 0.0, 0.0, 1.0], "cam_R_w2c": [0.9926376342773438, 0.007389917969703674, 0.12089637666940689, 0.1086559072136879, -0.4953787326812744, -0.8618548512458801, 0.053520459681749344, 0.8686456680297852, -0.4925345182418823], "cam_t_w2c": [58.625518798828125, 135.21322631835938, 749.1865844726562], "depth_scale": 1.0},
  "1": {"cam_K": [711.1112738715278, 0.0, 255.5, 0.0, 711.1112738715278, 255.5, 0.0, 0.0, 1.0], "cam_R_w2c": [0.284797340631485, 0.9584068059921265, -0.01862523891031742, 0.9519435167312622, -0.2850535809993744, -0.11201757937669754, -0.11266760528087616, 0.014172131195664406, -0.9935316443443298], "cam_t_w2c": [-245.64808654785156, 249.0906219482422, 602.9662475585938], "depth_scale": 1.0},
  "2": {"cam_K": [711.1112738715278, 0.0, 255.5, 0.0, 711.1112738715278, 255.5, 0.0, 0.0, 1.0], "cam_R_w2c": [0.284797340631485, 0.9584068059921265, -0.01862523891031742, 0.9519435167312622, -0.2850535809993744, -0.11201757937669754, -0.11266760528087616, 0.014172131195664406, -0.9935316443443298], "cam_t_w2c": [-245.64808654785156, 249.0906219482422, 602.9662475585938], "depth_scale": 1.0},
  "3": {"cam_K": [711.1112738715278, 0.0, 255.5, 0.0, 711.1112738715278, 255.5, 0.0, 0.0, 1.0], "cam_R_w2c": [0.284797340631485, 0.9584068059921265, -0.01862523891031742, 0.9519435167312622, -0.2850535809993744, -0.11201757937669754, -0.11266760528087616, 0.014172131195664406, -0.9935316443443298], "cam_t_w2c": [-245.64808654785156, 249.0906219482422, 602.9662475585938], "depth_scale": 1.0},
  "4": {"cam_K": [711.1112738715278, 0.0, 255.5, 0.0, 711.1112738715278, 255.5, 0.0, 0.0, 1.0], "cam_R_w2c": [0.284797340631485, 0.9584068059921265, -0.01862523891031742, 0.9519435167312622, -0.2850535809993744, -0.11201757937669754, -0.11266760528087616, 0.014172131195664406, -0.9935316443443298], "cam_t_w2c": [-245.64808654785156, 249.0906219482422, 602.9662475585938], "depth_scale": 1.0}
}