{
  "0": {"cam_K": [2346.1825408935547, 0.0, 956.150695733726, 0.0, 2351.0241982895623, 613.6550906152873, 0.0, 0.0, 1.0], "cam_R_w2c": [-0.8338693380355835, -0.5519620180130005, 1.0955070450791027e-07, -0.23861724138259888, 0.3604876399040222, -0.9017264246940613, 0.4977186620235443, -0.7519219517707825, -0.43230727314949036], "cam_t_w2c": [-87.87924194335938, 40.78261184692383, 3968.05908203125], "depth_scale": 1.0}
}