{
  "0": {"cam_K": [711.1112738715278, 0.0, 255.5, 0.0, 711.1112738715278, 255.5, 0.0, 0.0, 1.0], "cam_R_w2c": [-0.5467479228973389, -0.8372973799705505, -2.4778817220294513e-08, -0.8181969523429871, 0.5342754125595093, -0.21237590909004211, 0.1778217852115631, -0.11611604690551758, -0.9771881699562073], "cam_t_w2c": [268.0168762207031, -946528.5625, -4375659.0], "depth_scale": 1.0},
  "1": {"cam_K": [711.1112738715278, 0.0, 255.5, 0.0, 711.1112738715278, 255.5, 0.0, 0.0, 1.0], "cam_R_w2c": [0.32588961720466614, 0.9454078674316406, -3.1794410659813366e-08, 0.8921825289726257, -0.30754250288009644, -0.3307991027832031, -0.3127400577068329, 0.10780396312475204, -0.9437012672424316], "cam_t_w2c": [839.697265625, -1485370.0, -4222955.0], "depth_scale": 1.0}
}