{
  "0": [{"cam_R_m2c": [-0.9708390235900879, 0.18806377053260803, 0.1486731767654419, 0.14872244000434875, 0.9588708877563477, -0.24176077544689178, -0.18802481889724731, -0.2125997394323349, -0.9588785767555237], "cam_t_m2c": [-782.3119506835938, -3358.3515625, 2640.56005859375], "obj_id": 0}, {"cam_R_m2c": [0.3770858347415924, 0.5825357437133789, 0.7200405597686768, 0.7302001118659973, 0.2912573218345642, -0.6180428862571716, -0.5697491765022278, 0.7588289380073547, -0.3155386447906494], "cam_t_m2c": [255.28428649902344, -88.87411499023438, 801.7091064453125], "obj_id": 3}],
  "1": [{"cam_R_m2c": [0.6338805556297302, -0.7734299898147583, -0.0012035415275022388, -0.46799948811531067, -0.38231876492500305, -0.7967488169670105, 0.6157693266868591, 0.5056068301200867, -0.6043092608451843], "cam_t_m2c": [2855.711669921875, 2366.669677734375, -513.2695922851562], "obj_id": 0}, {"cam_R_m2c": [-0.7858900427818298, -0.5965769290924072, -0.1627039611339569, -0.6100332736968994, 0.7910308837890625, 0.04614724963903427, 0.10117346793413162, 0.13552150130271912, -0.9855951070785522], "cam_t_m2c": [-134.7943878173828, 127.97130584716797, 579.1903076171875], "obj_id": 3}]
}