{
  "0": {"cam_K": [711.1112738715278, 0.0, 255.5, 0.0, 711.1112738715278, 255.5, 0.0, 0.0, 1.0], "cam_R_w2c": [0.9900351166725159, -0.14082059264183044, -1.4199247289070627e-07, -0.14045993983745575, -0.9874996542930603, -0.07152530550956726, 0.010072095319628716, 0.07081259042024612, -0.9974390268325806], "cam_t_w2c": [-732.6802978515625, -324257.0, -4471693.0], "depth_scale": 1.0},
  "1": {"cam_K": [711.1112738715278, 0.0, 255.5, 0.0, 711.1112738715278, 255.5, 0.0, 0.0, 1.0], "cam_R_w2c": [-0.6620926856994629, 0.749422013759613, 4.0689872804478e-08, 0.30497822165489197, 0.2694394588470459, -0.9134498834609985, -0.6845594644546509, -0.6047884225845337, -0.40695133805274963], "cam_t_w2c": [2849.18310546875, -4095183.0, -1826089.625], "depth_scale": 1.0}
}