{
  "0": {"cam_K": [711.1112738715278, 0.0, 255.5, 0.0, 711.1112738715278, 255.5, 0.0, 0.0, 1.0], "cam_R_w2c": [0.9271028637886047, 0.12810532748699188, -0.352234810590744, -0.16092230379581451, -0.7127001285552979, -0.6827610731124878, -0.3385030925273895, 0.6896721720695496, -0.6401312947273254], "cam_t_w2c": [37.31370544433594, -92.90133666992188, 291.95513916015625], "depth_scale": 1.0},
  "1": {"cam_K": [711.1112738715278, 0.0, 255.5, 0.0, 711.1112738715278, 255.5, 0.0, 0.0, 1.0], "cam_R_w2c": [0.6091741919517517, -0.7361741065979004, 0.29488059878349304, -0.509878396987915, -0.6483770608901978, -0.5653595924377441, 0.6073968410491943, 0.19404925405979156, -0.7703338265419006], "cam_t_w2c": [-113.08113861083984, -87.1864013671875, 218.47817993164062], "depth_scale": 1.0}
}