{
  "0": {"cam_K": [711.1112738715278, 0.0, 255.5, 0.0, 711.1112738715278, 255.5, 0.0, 0.0, 1.0], "cam_R_w2c": [-0.23630881309509277, 0.9716780185699463, -3.2475145417265594e-07, 0.6209202408790588, 0.15100544691085815, -0.7691913843154907, -0.7474063038825989, -0.18176691234111786, -0.6390184760093689], "cam_t_w2c": [1996.0926513671875, -3421407.25, -2848785.25], "depth_scale": 1.0},
  "1": {"cam_K": [711.1112738715278, 0.0, 255.5, 0.0, 711.1112738715278, 255.5, 0.0, 0.0, 1.0], "cam_R_w2c": [0.7967973351478577, 0.6042466163635254, 6.184190226576902e-08, 0.5780677795410156, -0.762276291847229, -0.29115718603134155, -0.1759307086467743, 0.23199331760406494, -0.9566752314567566], "cam_t_w2c": [6045.75439453125, -1296036.75, -4259281.0], "depth_scale": 1.0}
}