{
  "0": {"cam_K": [711.1112738715278, 0.0, 255.5, 0.0, 711.1112738715278, 255.5, 0.0, 0.0, 1.0], "cam_R_w2c": [0.1587514877319336, -0.793736457824707, -0.5871801972389221, -0.6315239071846008, 0.37551626563072205, -0.678354799747467, 0.7589306235313416, 0.47850820422172546, -0.44164982438087463], "cam_t_w2c": [56.41525650024414, -61.908485412597656, 237.0489044189453], "depth_scale": 1.0},
  "1": {"cam_K": [711.1112738715278, 0.0, 255.5, 0.0, 711.1112738715278, 255.5, 0.0, 0.0, 1.0], "cam_R_w2c": [0.53708416223526, -0.6176704168319702, 0.5744770765304565, 0.037335216999053955, -0.662966251373291, -0.7477178573608398, 0.8427020311355591, 0.4230356514453888, -0.3330078721046448], "cam_t_w2c": [58.35902786254883, 41.602352142333984, 244.9689483642578], "depth_scale": 1.0}
}