{
  "0": {"cam_K": [2346.1825408935547, 0.0, 956.150695733726, 0.0, 2351.0241982895623, 613.6550906152873, 0.0, 0.0, 1.0], "cam_R_w2c": [-0.26270970702171326, -0.9648749232292175, 2.472617950388667e-07, -0.4133906364440918, 0.11255497485399246, -0.9035704731941223, 0.8718324899673462, -0.23737680912017822, -0.42843955755233765], "cam_t_w2c": [-193.12330627441406, 46.720394134521484, 1238.948486328125], "depth_scale": 1.0}
}