{
  "0": [{"cam_R_m2c": [0.02984495460987091, -0.684512734413147, 0.7283897399902344, -0.9917464256286621, -0.11118454486131668, -0.06385133415460587, 0.12469275295734406, -0.7204722762107849, -0.6821812987327576], "cam_t_m2c": [-145.3462371826172, -62.862037658691406, 1123.9698486328125], "obj_id": 2}, {"cam_R_m2c": [-0.2641841769218445, 0.01942318305373192, 0.9642765522003174, -0.28501901030540466, 0.9535711407661438, -0.09729460626840591, -0.9213960766792297, -0.30054086446762085, -0.2463824301958084], "cam_t_m2c": [-167.2470245361328, 15.879474639892578, 1110.3155517578125], "obj_id": 2}, {"cam_R_m2c": [-0.0040388149209320545, -0.48760485649108887, -0.8730550408363342, 0.08749423921108246, -0.8698861598968506, 0.4854303002357483, -0.9961567521095276, -0.07442669570446014, 0.046176034957170486], "cam_t_m2c": [11.554247856140137, -15.164295196533203, 1068.503662109375], "obj_id": 2}, {"cam_R_m2c": [-0.18031388521194458, 0.1340423822402954, 0.9744328856468201, -0.41024163365364075, -0.910640299320221, 0.0493539497256279, 0.8939734697341919, -0.39085376262664795, 0.21919097006320953], "cam_t_m2c": [129.5659637451172, 62.435707092285156, 1037.3829345703125], "obj_id": 2}]
}