{
  "0": {"cam_K": [711.1112738715278, 0.0, 255.5, 0.0, 711.1112738715278, 255.5, 0.0, 0.0, 1.0], "cam_R_w2c": [0.4971727132797241, 0.8378838896751404, 0.2253216654062271, 0.43896257877349854, -0.018895551562309265, -0.898306667804718, -0.7484191060066223, 0.5455213189125061, -0.37719401717185974], "cam_t_w2c": [-82.50743103027344, -88.15840911865234, 754.4351196289062], "depth_scale": 1.0},
  "1": {"cam_K": [711.1112738715278, 0.0, 255.5, 0.0, 711.1112738715278, 255.5, 0.0, 0.0, 1.0], "cam_R_w2c": [0.4637589752674103, -0.8401991128921509, 0.2810569703578949, -0.1326335221529007, -0.37950006127357483, -0.9156352281570435, 0.875977098941803, 0.3873564600944519, -0.2874350845813751], "cam_t_w2c": [-149.03895568847656, 27.767772674560547, 343.93756103515625], "depth_scale": 1.0},
  "2": {"cam_K": [711.1112738715278, 0.0, 255.5, 0.0, 711.1112738715278, 255.5, 0.0, 0.0, 1.0], "cam_R_w2c": [0.4637589752674103, -0.8401991128921509, 0.2810569703578949, -0.1326335221529007, -0.37950006127357483, -0.9156352281570435, 0.875977098941803, 0.3873564600944519, -0.2874350845813751], "cam_t_w2c": [-149.03895568847656, 27.767772674560547, 343.93756103515625], "depth_scale": 1.0},
  "3": {"cam_K": [711.1112738715278, 0.0, 255.5, 0.0, 711.1112738715278, 255.5, 0.0, 0.0, 1.0], "cam_R_w2c": [-0.9980871677398682, 0.05757920816540718, 0.022500285878777504, 0.01062027644366026, 0.5182634592056274, -0.8551549911499023, -0.06090022996068001, -0.8532804250717163, -0.5178835391998291], "cam_t_w2c": [231.8879852294922, 35.417362213134766, 525.6708374023438], "depth_scale": 1.0},
  "4": {"cam_K": [711.1112738715278, 0.0, 255.5, 0.0, 711.1112738715278, 255.5, 0.0, 0.0, 1.0], "cam_R_w2c": [-0.9980871677398682, 0.05757920816540718, 0.022500285878777504, 0.01062027644366026, 0.5182634592056274, -0.8551549911499023, -0.06090022996068001, -0.8532804250717163, -0.5178835391998291], "cam_t_w2c": [231.8879852294922, 35.417362213134766, 525.6708374023438], "depth_scale": 1.0},
  "5": {"cam_K": [711.1112738715278, 0.0, 255.5, 0.0, 711.1112738715278, 255.5, 0.0, 0.0, 1.0], "cam_R_w2c": [0.8254522085189819, -0.5059183835983276, -0.2503502070903778, -0.45457857847213745, -0.33286044001579285, -0.8261731863021851, 0.33464452624320984, 0.7957703471183777, -0.5047400593757629], "cam_t_w2c": [-65.91107177734375, -1.4376957416534424, 463.29180908203125], "depth_scale": 1.0},
  "6": {"cam_K": [711.1112738715278, 0.0, 255.5, 0.0, 711.1112738715278, 255.5, 0.0, 0.0, 1.0], "cam_R_w2c": [0.8254522085189819, -0.5059183835983276, -0.2503502070903778, -0.45457857847213745, -0.33286044001579285, -0.8261731863021851, 0.33464452624320984, 0.7957703471183777, -0.5047400593757629], "cam_t_w2c": [-65.91107177734375, -1.4376957416534424, 463.29180908203125], "depth_scale": 1.0},
  "7": {"cam_K": [711.1112738715278, 0.0, 255.5, 0.0, 711.1112738715278, 255.5, 0.0, 0.0, 1.0], "cam_R_w2c": [-0.9439294934272766, 0.2900297939777374, -0.1577342450618744, 0.1948314756155014, 0.10365103930234909, -0.975344717502594, -0.2665296792984009, -0.9513881206512451, -0.15434633195400238], "cam_t_w2c": [56.7563591003418, 9.364524841308594, 382.7803955078125], "depth_scale": 1.0},
  "8": {"cam_K": [711.1112738715278, 0.0, 255.5, 0.0, 711.1112738715278, 255.5, 0.0, 0.0, 1.0], "cam_R_w2c": [-0.9439294934272766, 0.2900297939777374, -0.1577342450618744, 0.1948314756155014, 0.10365103930234909, -0.975344717502594, -0.2665296792984009, -0.9513881206512451, -0.15434633195400238], "cam_t_w2c": [56.7563591003418, 9.364524841308594, 382.7803955078125], "depth_scale": 1.0},
  "9": {"cam_K": [711.1112738715278, 0.0, 255.5, 0.0, 711.1112738715278, 255.5, 0.0, 0.0, 1.0], "cam_R_w2c": [-0.11805040389299393, -0.9816154837608337, -0.14998459815979004, -0.5415576696395874, 0.19024406373500824, -0.8188545107841492, 0.8323338627815247, -0.015440719202160835, -0.5540598034858704], "cam_t_w2c": [-71.13023376464844, 39.95469284057617, 486.1192321777344], "depth_scale": 1.0}
}