{
  "0": {"cam_K": [711.1112738715278, 0.0, 255.5, 0.0, 711.1112738715278, 255.5, 0.0, 0.0, 1.0], "cam_R_w2c": [0.9871488213539124, 0.15980347990989685, 2.3497781498349468e-08, 0.13807304203510284, -0.852914035320282, -0.5034614205360413, -0.08045487105846405, 0.4969913959503174, -0.8640176653862], "cam_t_w2c": [-11117.482421875, -2249151.0, -3862227.0], "depth_scale": 1.0},
  "1": {"cam_K": [711.1112738715278, 0.0, 255.5, 0.0, 711.1112738715278, 255.5, 0.0, 0.0, 1.0], "cam_R_w2c": [-0.7776773571968079, 0.6286635994911194, -8.467542045309528e-08, 0.2563830018043518, 0.3171539902687073, -0.9130613803863525, -0.5740084648132324, -0.7100672125816345, -0.4078221619129181], "cam_t_w2c": [6151.5693359375, -4085490.75, -1813580.75], "depth_scale": 1.0}
}