{
  "0": {"cam_K": [711.1112738715278, 0.0, 255.5, 0.0, 711.1112738715278, 255.5, 0.0, 0.0, 1.0], "cam_R_w2c": [-0.9916178584098816, -0.12620802223682404, 0.02766845002770424, -0.11824420094490051, 0.8001258373260498, -0.588062047958374, 0.052079904824495316, -0.5864044427871704, -0.808342456817627], "cam_t_w2c": [-112.55046844482422, 29.700973510742188, 733.7327880859375], "depth_scale": 1.0},
  "1": {"cam_K": [711.1112738715278, 0.0, 255.5, 0.0, 711.1112738715278, 255.5, 0.0, 0.0, 1.0], "cam_R_w2c": [-0.9916178584098816, -0.12620802223682404, 0.02766845002770424, -0.11824420094490051, 0.8001258373260498, -0.588062047958374, 0.052079904824495316, -0.5864044427871704, -0.808342456817627], "cam_t_w2c": [-112.55046844482422, 29.700973510742188, 733.7327880859375], "depth_scale": 1.0},
  "2": {"cam_K": [711.1112738715278, 0.0, 255.5, 0.0, 711.1112738715278, 255.5, 0.0, 0.0, 1.0], "cam_R_w2c": [0.5944235920906067, 0.7363831996917725, -0.3231104910373688, 0.0010212038177996874, -0.4024936258792877, -0.9154222011566162, -0.8041514158248901, 0.5438185930252075, -0.24000370502471924], "cam_t_w2c": [27.29509735107422, 360.9515380859375, 406.2500305175781], "depth_scale": 1.0}
}