{
  "0": {"cam_K": [711.1112738715278, 0.0, 255.5, 0.0, 711.1112738715278, 255.5, 0.0, 0.0, 1.0], "cam_R_w2c": [-0.9995696544647217, 0.029337400570511818, 2.6117495721678097e-08, 0.018618343397974968, 0.6343557834625244, -0.7728170156478882, -0.022672459483146667, -0.7724843621253967, -0.6346290111541748], "cam_t_w2c": [1.4878993034362793, -3466696.0, -2845522.0], "depth_scale": 1.0},
  "1": {"cam_K": [711.1112738715278, 0.0, 255.5, 0.0, 711.1112738715278, 255.5, 0.0, 0.0, 1.0], "cam_R_w2c": [0.9815180897712708, 0.19136950373649597, -6.944380182005716e-09, 0.09999523311853409, -0.5128672122955322, -0.8526243567466736, -0.16316628456115723, 0.8368661999702454, -0.5225244760513306], "cam_t_w2c": [-89.56599426269531, -3824209.75, -2343012.0], "depth_scale": 1.0}
}