{
  "0": {"cam_K": [711.1112738715278, 0.0, 255.5, 0.0, 711.1112738715278, 255.5, 0.0, 0.0, 1.0], "cam_R_w2c": [0.4879997968673706, -0.8728438019752502, -1.069943955656072e-08, -0.8353961706161499, -0.46706336736679077, -0.28976795077323914, 0.2529221475124359, 0.14140672981739044, -0.9570971727371216], "cam_t_w2c": [-2242.124267578125, -1287041.5, -4275409.0], "depth_scale": 1.0},
  "1": {"cam_K": [711.1112738715278, 0.0, 255.5, 0.0, 711.1112738715278, 255.5, 0.0, 0.0, 1.0], "cam_R_w2c": [-0.9150401949882507, 0.40336260199546814, -4.9954024916587514e-08, 0.3821738064289093, 0.8669727444648743, -0.3198460042476654, -0.12901386618614197, -0.29267197847366333, -0.9474695324897766], "cam_t_w2c": [6174.73974609375, -1432565.75, -4228590.0], "depth_scale": 1.0}
}