{
  "0": {"cam_K": [711.1112738715278, 0.0, 255.5, 0.0, 711.1112738715278, 255.5, 0.0, 0.0, 1.0], "cam_R_w2c": [0.9069554805755615, 0.42122647166252136, 4.7129113056598726e-08, 0.24948182702064514, -0.5371668338775635, -0.8057361245155334, -0.3393973708152771, 0.7307668328285217, -0.5922747254371643], "cam_t_w2c": [-187.54739379882812, -3613793.0, -2655839.5], "depth_scale": 1.0},
  "1": {"cam_K": [711.1112738715278, 0.0, 255.5, 0.0, 711.1112738715278, 255.5, 0.0, 0.0, 1.0], "cam_R_w2c": [-0.15940475463867188, -0.9872133135795593, -1.2169400065431546e-07, -0.5126805901527405, 0.08278235793113708, -0.8545792698860168, 0.8436520099639893, -0.1362239420413971, -0.5193209648132324], "cam_t_w2c": [363.1749572753906, -3833065.0, -2328500.75], "depth_scale": 1.0}
}