{
  "0": [{"cam_R_m2c": [-0.7866621613502502, 0.616413950920105, 0.0345904603600502, -0.2651785910129547, -0.38795235753059387, 0.882707953453064, 0.5575329661369324, 0.6852203011512756, 0.46864718198776245], "cam_t_m2c": [-336.1988525390625, 555.8509521484375, 992.6990966796875], "obj_id": 3}, {"cam_R_m2c": [-0.7024686932563782, -0.6104455590248108, 0.3659155070781708, -0.08368604630231857, 0.581411600112915, 0.8092942833900452, -0.7067775726318359, 0.5378817915916443, -0.4595092535018921], "cam_t_m2c": [-17.164066314697266, 271.96197509765625, 924.5480346679688], "obj_id": 3}],
  "1": [{"cam_R_m2c": [-0.06127549335360527, -0.9930105805397034, 0.10087152570486069, 0.6143993735313416, 0.04212046042084694, 0.7878699898719788, -0.7866120338439941, 0.11025261878967285, 0.6075242757797241], "cam_t_m2c": [432.7300720214844, 463.11260986328125, 948.7545166015625], "obj_id": 3}, {"cam_R_m2c": [0.8242697715759277, 0.2683617174625397, 0.49855926632881165, -0.26453015208244324, 0.9610565304756165, -0.0799635797739029, -0.5006027817726135, -0.06597238779067993, 0.8631595969200134], "cam_t_m2c": [160.11984252929688, 129.12472534179688, 980.6593627929688], "obj_id": 3}]
}