{
  "0": {"cam_K": [711.1112738715278, 0.0, 255.5, 0.0, 711.1112738715278, 255.5, 0.0, 0.0, 1.0], "cam_R_w2c": [-0.10138370096683502, 0.9009959697723389, -0.4218147397041321, 0.23514096438884735, -0.390283465385437, -0.8901615738868713, -0.9666592478752136, -0.18943378329277039, -0.17229267954826355], "cam_t_w2c": [322.7182922363281, -173.4988250732422, 1332.4979248046875], "depth_scale": 1.0},
  "1": {"cam_K": [711.1112738715278, 0.0, 255.5, 0.0, 711.1112738715278, 255.5, 0.0, 0.0, 1.0], "cam_R_w2c": [-0.10138370096683502, 0.9009959697723389, -0.4218147397041321, 0.23514096438884735, -0.390283465385437, -0.8901615738868713, -0.9666592478752136, -0.18943378329277039, -0.17229267954826355], "cam_t_w2c": [322.7182922363281, -173.4988250732422, 1332.4979248046875], "depth_scale": 1.0},
  "2": {"cam_K": [711.1112738715278, 0.0, 255.5, 0.0, 711.1112738715278, 255.5, 0.0, 0.0, 1.0], "cam_R_w2c": [-0.10138370096683502, 0.9009959697723389, -0.4218147397041321, 0.23514096438884735, -0.390283465385437, -0.8901615738868713, -0.9666592478752136, -0.18943378329277039, -0.17229267954826355], "cam_t_w2c": [322.7182922363281, -173.4988250732422, 1332.4979248046875], "depth_scale": 1.0},
  "3": {"cam_K": [711.1112738715278, 0.0, 255.5, 0.0, 711.1112738715278, 255.5, 0.0, 0.0, 1.0], "cam_R_w2c": [-0.9840216636657715, 0.10843130946159363, 0.14122390747070312, 0.08586385101079941, 0.9838417172431946, -0.15710774064064026, -0.15597736835479736, -0.14247137308120728, -0.9774318933486938], "cam_t_w2c": [247.66148376464844, 270.7198181152344, 931.9247436523438], "depth_scale": 1.0},
  "4": {"cam_K": [711.1112738715278, 0.0, 255.5, 0.0, 711.1112738715278, 255.5, 0.0, 0.0, 1.0], "cam_R_w2c": [-0.9840216636657715, 0.10843130946159363, 0.14122390747070312, 0.08586385101079941, 0.9838417172431946, -0.15710774064064026, -0.15597736835479736, -0.14247137308120728, -0.9774318933486938], "cam_t_w2c": [247.66148376464844, 270.7198181152344, 931.9247436523438], "depth_scale": 1.0}
}