{
  "0": {"cam_K": [711.1112738715278, 0.0, 255.5, 0.0, 711.1112738715278, 255.5, 0.0, 0.0, 1.0], "cam_R_w2c": [0.14636528491973877, 0.9892306327819824, 9.159481351161958e-08, 0.8490009307861328, -0.12561707198619843, -0.5132424235343933, -0.507715106010437, 0.0751209631562233, -0.8582437038421631], "cam_t_w2c": [-12141.3232421875, -2224735.5, -3724358.75], "depth_scale": 1.0},
  "1": {"cam_K": [711.1112738715278, 0.0, 255.5, 0.0, 711.1112738715278, 255.5, 0.0, 0.0, 1.0], "cam_R_w2c": [-0.575846791267395, 0.8175575733184814, -5.110849343736845e-08, 0.7857685089111328, 0.5534561276435852, -0.27614152431488037, -0.2257615625858307, -0.1590152531862259, -0.9611169695854187], "cam_t_w2c": [-10646.7392578125, -1204396.375, -4167731.5], "depth_scale": 1.0}
}