{
  "0": [{"cam_R_m2c": [0.14155538380146027, -0.7067590951919556, 0.6931475400924683, -0.8105202317237854, 0.31925711035728455, 0.49105164408683777, -0.5683475136756897, -0.631321132183075, -0.527649998664856], "cam_t_m2c": [278.9953308105469, 188.34817504882812, 811.1953735351562], "obj_id": 2}],
  "1": [{"cam_R_m2c": [0.38098013401031494, -0.9242454767227173, 0.024987732991576195, -0.43704044818878174, -0.15620331466197968, 0.8857743144035339, -0.8147697448730469, -0.3483830392360687, -0.46344301104545593], "cam_t_m2c": [-1.8187373876571655, 355.4435729980469, 696.5397338867188], "obj_id": 2}]
}