{
  "0": {"cam_K": [711.1112738715278, 0.0, 255.5, 0.0, 711.1112738715278, 255.5, 0.0, 0.0, 1.0], "cam_R_w2c": [0.8207721710205078, 0.5712557435035706, -1.6600015584344874e-08, 0.5114558339118958, -0.7348526120185852, -0.445426344871521, -0.25445234775543213, 0.3655935525894165, -0.8953186273574829], "cam_t_w2c": [18538.203125, -1973361.125, -3969375.75], "depth_scale": 1.0},
  "1": {"cam_K": [711.1112738715278, 0.0, 255.5, 0.0, 711.1112738715278, 255.5, 0.0, 0.0, 1.0], "cam_R_w2c": [-0.3603198528289795, 0.9328288435935974, -2.029855892260457e-07, 0.16405873000621796, 0.06337001919746399, -0.9844130277633667, -0.9182888269424438, -0.35470354557037354, -0.17587223649024963], "cam_t_w2c": [2807.823486328125, -4361217.5, -797023.3125], "depth_scale": 1.0}
}