{
  "0": {"cam_K": [711.1112738715278, 0.0, 255.5, 0.0, 711.1112738715278, 255.5, 0.0, 0.0, 1.0], "cam_R_w2c": [0.002849728101864457, -0.9690892696380615, -0.24669411778450012, -0.7668681144714355, 0.156211256980896, -0.6225041747093201, 0.6417984962463379, 0.19095583260059357, -0.7427184581756592], "cam_t_w2c": [-14.752618789672852, 117.62754821777344, 82.47248077392578], "depth_scale": 1.0},
  "1": {"cam_K": [711.1112738715278, 0.0, 255.5, 0.0, 711.1112738715278, 255.5, 0.0, 0.0, 1.0], "cam_R_w2c": [0.7432985901832581, -0.5239548683166504, 0.4159068465232849, -0.2782970070838928, -0.8075628280639648, -0.5199931859970093, 0.608323872089386, 0.2707645893096924, -0.7460753917694092], "cam_t_w2c": [-118.77232360839844, 32.542720794677734, 85.14769744873047], "depth_scale": 1.0}
}