{
  "0": {"cam_K": [711.1112738715278, 0.0, 255.5, 0.0, 711.1112738715278, 255.5, 0.0, 0.0, 1.0], "cam_R_w2c": [-0.5803268551826477, -0.8143838047981262, 1.0697425523176207e-07, -0.7417263388633728, 0.5285512208938599, -0.4128870964050293, 0.3362484872341156, -0.239609494805336, -0.9107823967933655], "cam_t_w2c": [-153.6074981689453, -1852363.25, -4084758.75], "depth_scale": 1.0},
  "1": {"cam_K": [711.1112738715278, 0.0, 255.5, 0.0, 711.1112738715278, 255.5, 0.0, 0.0, 1.0], "cam_R_w2c": [0.808761715888977, -0.5881364345550537, -2.0176919690584327e-08, -0.4387986361980438, -0.6034034490585327, -0.6658529043197632, 0.39161232113838196, 0.5385163426399231, -0.7460830807685852], "cam_t_w2c": [185.3340606689453, -2987103.0, -3345914.5], "depth_scale": 1.0}
}