{
  "0": {"cam_K": [711.1112738715278, 0.0, 255.5, 0.0, 711.1112738715278, 255.5, 0.0, 0.0, 1.0], "cam_R_w2c": [0.9834308624267578, -0.09324531257152557, -0.15546412765979767, -0.1763274073600769, -0.2928512990474701, -0.9397589564323425, 0.04210025072097778, 0.9516005516052246, -0.3044407069683075], "cam_t_w2c": [158.3314971923828, 39.632286071777344, 216.52273559570312], "depth_scale": 1.0},
  "1": {"cam_K": [711.1112738715278, 0.0, 255.5, 0.0, 711.1112738715278, 255.5, 0.0, 0.0, 1.0], "cam_R_w2c": [0.4244985580444336, 0.9021601676940918, 0.07686367630958557, 0.192472904920578, -0.006960992235690355, -0.9812776446342468, -0.884734570980072, 0.4313451647758484, -0.17659634351730347], "cam_t_w2c": [-146.83529663085938, 29.35658073425293, 250.8336639404297], "depth_scale": 1.0},
  "2": {"cam_K": [711.1112738715278, 0.0, 255.5, 0.0, 711.1112738715278, 255.5, 0.0, 0.0, 1.0], "cam_R_w2c": [0.4244985580444336, 0.9021601676940918, 0.07686367630958557, 0.192472904920578, -0.006960992235690355, -0.9812776446342468, -0.884734570980072, 0.4313451647758484, -0.17659634351730347], "cam_t_w2c": [-146.83529663085938, 29.35658073425293, 250.8336639404297], "depth_scale": 1.0},
  "3": {"cam_K": [711.1112738715278, 0.0, 255.5, 0.0, 711.1112738715278, 255.5, 0.0, 0.0, 1.0], "cam_R_w2c": [-0.9024448990821838, -0.36743101477622986, -0.22491711378097534, 0.07624861598014832, 0.3776147961616516, -0.922818124294281, 0.4240040183067322, -0.8499420881271362, -0.31276047229766846], "cam_t_w2c": [-42.39500045776367, -70.01023864746094, 765.6281127929688], "depth_scale": 1.0},
  "4": {"cam_K": [711.1112738715278, 0.0, 255.5, 0.0, 711.1112738715278, 255.5, 0.0, 0.0, 1.0], "cam_R_w2c": [-0.9024448990821838, -0.36743101477622986, -0.22491711378097534, 0.07624861598014832, 0.3776147961616516, -0.922818124294281, 0.4240040183067322, -0.8499420881271362, -0.31276047229766846], "cam_t_w2c": [-42.39500045776367, -70.01023864746094, 765.6281127929688], "depth_scale": 1.0},
  "5": {"cam_K": [711.1112738715278, 0.0, 255.5, 0.0, 711.1112738715278, 255.5, 0.0, 0.0, 1.0], "cam_R_w2c": [-0.37207475304603577, 0.8978162407875061, 0.23555545508861542, 0.4792013168334961, 0.40314236283302307, -0.7796424031257629, -0.7949380278587341, -0.17720678448677063, -0.5802338123321533], "cam_t_w2c": [116.50989532470703, -92.05390930175781, 644.7459106445312], "depth_scale": 1.0},
  "6": {"cam_K": [711.1112738715278, 0.0, 255.5, 0.0, 711.1112738715278, 255.5, 0.0, 0.0, 1.0], "cam_R_w2c": [-0.37207475304603577, 0.8978162407875061, 0.23555545508861542, 0.4792013168334961, 0.40314236283302307, -0.7796424031257629, -0.7949380278587341, -0.17720678448677063, -0.5802338123321533], "cam_t_w2c": [116.50989532470703, -92.05390930175781, 644.7459106445312], "depth_scale": 1.0},
  "7": {"cam_K": [711.1112738715278, 0.0, 255.5, 0.0, 711.1112738715278, 255.5, 0.0, 0.0, 1.0], "cam_R_w2c": [0.6431781053543091, 0.7584114074707031, 0.1055181697010994, 0.5834237337112427, -0.3961332142353058, -0.7090100049972534, -0.4959219992160797, 0.5175815224647522, -0.6972594261169434], "cam_t_w2c": [-125.76590728759766, -143.35838317871094, 643.5277709960938], "depth_scale": 1.0},
  "8": {"cam_K": [711.1112738715278, 0.0, 255.5, 0.0, 711.1112738715278, 255.5, 0.0, 0.0, 1.0], "cam_R_w2c": [0.6431781053543091, 0.7584114074707031, 0.1055181697010994, 0.5834237337112427, -0.3961332142353058, -0.7090100049972534, -0.4959219992160797, 0.5175815224647522, -0.6972594261169434], "cam_t_w2c": [-125.76590728759766, -143.35838317871094, 643.5277709960938], "depth_scale": 1.0},
  "9": {"cam_K": [711.1112738715278, 0.0, 255.5, 0.0, 711.1112738715278, 255.5, 0.0, 0.0, 1.0], "cam_R_w2c": [0.09375181794166565, -0.9955918192863464, 0.0027325067203491926, -0.6401739120483398, -0.06238466873764992, -0.7656927704811096, 0.7624879479408264, 0.07003577798604965, -0.6432005763053894], "cam_t_w2c": [-56.52618408203125, 157.24021911621094, 246.0441131591797], "depth_scale": 1.0}
}