{
  "0": {"cam_K": [711.1112738715278, 0.0, 255.5, 0.0, 711.1112738715278, 255.5, 0.0, 0.0, 1.0], "cam_R_w2c": [0.4519534111022949, 0.8920415639877319, 9.051508698121324e-08, 0.5379025340080261, -0.27252858877182007, -0.7977399826049805, -0.7116171717643738, 0.36054137349128723, -0.603001594543457], "cam_t_w2c": [112.24789428710938, -3578441.25, -2703811.25], "depth_scale": 1.0},
  "1": {"cam_K": [711.1112738715278, 0.0, 255.5, 0.0, 711.1112738715278, 255.5, 0.0, 0.0, 1.0], "cam_R_w2c": [0.9835848808288574, -0.1804460734128952, -9.270612721934413e-09, -0.13621294498443604, -0.7424767017364502, -0.655876874923706, 0.11835040152072906, 0.6451106071472168, -0.7548679113388062], "cam_t_w2c": [-190.35218811035156, -2942098.75, -3384846.5], "depth_scale": 1.0}
}