{
  "0": {"cam_K": [711.1112738715278, 0.0, 255.5, 0.0, 711.1112738715278, 255.5, 0.0, 0.0, 1.0], "cam_R_w2c": [-0.27000224590301514, 0.9628597497940063, -2.849015743322525e-07, 0.749297559261322, 0.2101154774427414, -0.6280165314674377, -0.604691743850708, -0.16956603527069092, -0.7782001495361328], "cam_t_w2c": [-97.13384246826172, -2816678.0, -3489867.25], "depth_scale": 1.0},
  "1": {"cam_K": [711.1112738715278, 0.0, 255.5, 0.0, 711.1112738715278, 255.5, 0.0, 0.0, 1.0], "cam_R_w2c": [-0.9862757921218872, 0.16510631144046783, -3.879699050912677e-08, 0.06158654764294624, 0.36789193749427795, -0.9278268218040466, -0.15319004654884338, -0.9150931239128113, -0.3730112314224243], "cam_t_w2c": [-336.14306640625, -4161694.75, -1672357.625], "depth_scale": 1.0}
}