{
  "0": {"cam_K": [711.1112738715278, 0.0, 255.5, 0.0, 711.1112738715278, 255.5, 0.0, 0.0, 1.0], "cam_R_w2c": [0.324939101934433, 0.945734977722168, 3.1740506756250397e-07, 0.2727977931499481, -0.09372856467962265, -0.957494854927063, -0.9055362939834595, 0.31112760305404663, -0.2884504795074463], "cam_t_w2c": [9543.6279296875, -4230008.5, -1287761.25], "depth_scale": 1.0},
  "1": {"cam_K": [711.1112738715278, 0.0, 255.5, 0.0, 711.1112738715278, 255.5, 0.0, 0.0, 1.0], "cam_R_w2c": [0.7940746545791626, 0.6078202724456787, -4.877963277749586e-08, 0.446647971868515, -0.583514392375946, -0.6782452464103699, -0.41225123405456543, 0.5385773181915283, -0.734835684299469], "cam_t_w2c": [15655.5029296875, -2994546.75, -3252841.5], "depth_scale": 1.0}
}