{
  "0": {"cam_K": [711.1112738715278, 0.0, 255.5, 0.0, 711.1112738715278, 255.5, 0.0, 0.0, 1.0], "cam_R_w2c": [0.40134939551353455, 0.7614607810974121, 0.5090149641036987, 0.6357993483543396, 0.16841468214988708, -0.7532567977905273, -0.6593011021614075, 0.6259505748748779, -0.4165431559085846], "cam_t_w2c": [-274.8882141113281, 341.3913879394531, 45.941001892089844], "depth_scale": 1.0},
  "1": {"cam_K": [711.1112738715278, 0.0, 255.5, 0.0, 711.1112738715278, 255.5, 0.0, 0.0, 1.0], "cam_R_w2c": [0.8961149454116821, -0.07448769360780716, 0.4375266134738922, 0.4219493567943573, -0.16267509758472443, -0.8919056057929993, 0.13761067390441895, 0.9838640093803406, -0.11434555798768997], "cam_t_w2c": [199.5143280029297, 455.2648010253906, 326.68060302734375], "depth_scale": 1.0},
  "2": {"cam_K": [711.1112738715278, 0.0, 255.5, 0.0, 711.1112738715278, 255.5, 0.0, 0.0, 1.0], "cam_R_w2c": [0.8961149454116821, -0.07448769360780716, 0.4375266134738922, 0.4219493567943573, -0.16267509758472443, -0.8919056057929993, 0.13761067390441895, 0.9838640093803406, -0.11434555798768997], "cam_t_w2c": [199.5143280029297, 455.2648010253906, 326.68060302734375], "depth_scale": 1.0}
}