{
  "0": {"cam_K": [711.1112738715278, 0.0, 255.5, 0.0, 711.1112738715278, 255.5, 0.0, 0.0, 1.0], "cam_R_w2c": [-0.4556708037853241, -0.7452621459960938, 0.48677363991737366, -0.7928123474121094, 0.09114325046539307, -0.6026122570037842, 0.4047379195690155, -0.6605129241943359, -0.6323843598365784], "cam_t_w2c": [-135.62969970703125, 32.773414611816406, 107.64734649658203], "depth_scale": 1.0}
}