{
  "0": {"cam_K": [711.1112738715278, 0.0, 255.5, 0.0, 711.1112738715278, 255.5, 0.0, 0.0, 1.0], "cam_R_w2c": [0.39345628023147583, 0.9193433523178101, 7.185857242575366e-09, 0.23824341595172882, -0.10196234285831451, -0.9658384323120117, -0.887937068939209, 0.38001519441604614, -0.25914523005485535], "cam_t_w2c": [-247.69581604003906, -4332120.0, -1161163.875], "depth_scale": 1.0},
  "1": {"cam_K": [711.1112738715278, 0.0, 255.5, 0.0, 711.1112738715278, 255.5, 0.0, 0.0, 1.0], "cam_R_w2c": [-0.9998120665550232, 0.019389042630791664, 2.1869224653414676e-08, 0.019276753067970276, 0.9940218329429626, -0.10746603459119797, -0.0020836852490901947, -0.10744582861661911, -0.994208812713623], "cam_t_w2c": [431.94122314453125, -482103.78125, -4458521.5], "depth_scale": 1.0}
}