{
  "0": {"cam_K": [711.1112738715278, 0.0, 255.5, 0.0, 711.1112738715278, 255.5, 0.0, 0.0, 1.0], "cam_R_w2c": [0.9809191823005676, -0.19441601634025574, -8.327925016260451e-10, -0.14946989715099335, -0.7541452050209045, -0.6394715905189514, 0.1243235170841217, 0.627269983291626, -0.7688148021697998], "cam_t_w2c": [95.24755096435547, -182.76536560058594, 1154.98486328125], "depth_scale": 1.0},
  "1": {"cam_K": [711.1112738715278, 0.0, 255.5, 0.0, 711.1112738715278, 255.5, 0.0, 0.0, 1.0], "cam_R_w2c": [0.15377117693424225, -0.9881065487861633, 5.266047509167038e-08, -0.8637706637382507, -0.1344219148159027, -0.4856244623661041, 0.4798486828804016, 0.07467502355575562, -0.8741676807403564], "cam_t_w2c": [-205.83453369140625, -144.88575744628906, 1061.5450439453125], "depth_scale": 1.0}
}