{
  "0": [{"bbox_obj": [753, 375, 123, 275], "bbox_visib": [753, 375, 123, 275], "px_count_all": 8490, "px_count_valid": 8490, "px_count_visib": 7119, "visib_fract": 0.8385159010600707}, {"bbox_obj": [756, 485, 210, 143], "bbox_visib": [756, 485, 210, 143], "px_count_all": 7240, "px_count_valid": 7240, "px_count_visib": 7049, "visib_fract": 0.9736187845303867}, {"bbox_obj": [939, 505, 36, 204], "bbox_visib": [939, 505, 36, 204], "px_count_all": 6106, "px_count_valid": 6106, "px_count_visib": 6106, "visib_fract": 1.0}, {"bbox_obj": [-1, -1, -1, -1], "bbox_visib": [-1, -1, -1, -1], "px_count_all": 21187584, "px_count_valid": 2354176, "px_count_visib": 0, "visib_fract": 0.0}]
}