{
  "0": {"cam_K": [2346.1825408935547, 0.0, 956.150695733726, 0.0, 2351.0241982895623, 613.6550906152873, 0.0, 0.0, 1.0], "cam_R_w2c": [-0.3119528293609619, -0.9500975608825684, 1.0884837564617555e-07, -0.4134957194328308, 0.1357661336660385, -0.9003270864486694, 0.8553985357284546, -0.2808596193790436, -0.43521392345428467], "cam_t_w2c": [29.13789939880371, 58.06783676147461, 1120.2216796875], "depth_scale": 1.0}
}