{
  "0": [{"cam_R_m2c": [0.9601508378982544, 0.2751210629940033, 0.049180593341588974, 0.2640111744403839, -0.8351115584373474, -0.4825831949710846, -0.09169752895832062, 0.47633689641952515, -0.8744680881500244], "cam_t_m2c": [-66.05337524414062, -49.46314239501953, 1113.7843017578125], "obj_id": 1}, {"cam_R_m2c": [-0.5848051905632019, -0.5338208079338074, -0.6107686161994934, 0.4898879826068878, 0.36770644783973694, -0.790444016456604, 0.646539032459259, -0.7614639401435852, 0.04647574573755264], "cam_t_m2c": [-40.74533462524414, -27.269989013671875, 1071.8231201171875], "obj_id": 1}, {"cam_R_m2c": [0.4562835097312927, -0.021207397803664207, -0.8895817399024963, -0.7398815751075745, 0.5463514924049377, -0.3925243318080902, 0.4943487346172333, 0.8372874855995178, 0.2336001992225647], "cam_t_m2c": [-7.786024798406288e-05, 1.5017576515674591e-05, 1076.5506591796875], "obj_id": 1}, {"cam_R_m2c": [0.9482396841049194, 0.1971505731344223, 0.24894413352012634, 0.03750651329755783, -0.8479834198951721, 0.5286939144134521, 0.31533282995224, -0.4919915497303009, -0.8114859461784363], "cam_t_m2c": [54.004371643066406, -63.29640579223633, 1070.373291015625], "obj_id": 3}]
}