{
  "0": {"cam_K": [711.1112738715278, 0.0, 255.5, 0.0, 711.1112738715278, 255.5, 0.0, 0.0, 1.0], "cam_R_w2c": [0.871000349521637, -0.4912824034690857, -4.764620200603531e-07, -0.49057555198669434, -0.8697470426559448, -0.05362514406442642, 0.026344675570726395, 0.04670775309205055, -0.9985611438751221], "cam_t_w2c": [69.07530212402344, -240591.796875, -4477948.0], "depth_scale": 1.0},
  "1": {"cam_K": [711.1112738715278, 0.0, 255.5, 0.0, 711.1112738715278, 255.5, 0.0, 0.0, 1.0], "cam_R_w2c": [-0.2431253045797348, -0.9699949622154236, 4.751426274651749e-08, -0.8996445536613464, 0.22549214959144592, -0.37388908863067627, 0.36267051100730896, -0.0909019187092781, -0.9274735450744629], "cam_t_w2c": [-35.747718811035156, -1677153.875, -4159300.25], "depth_scale": 1.0}
}