{
  "0": {"cam_K": [711.1112738715278, 0.0, 255.5, 0.0, 711.1112738715278, 255.5, 0.0, 0.0, 1.0], "cam_R_w2c": [-0.6952910423278809, -0.7187285423278809, -7.001777646564733e-08, -0.71590656042099, 0.6925609707832336, -0.08852775394916534, 0.0636274665594101, -0.061552491039037704, -0.9960739016532898], "cam_t_w2c": [-235.45489501953125, -397144.59375, -4467243.5], "depth_scale": 1.0},
  "1": {"cam_K": [711.1112738715278, 0.0, 255.5, 0.0, 711.1112738715278, 255.5, 0.0, 0.0, 1.0], "cam_R_w2c": [-0.14305150508880615, 0.9897152781486511, 5.8300518190890216e-08, 0.929660975933075, 0.13437138497829437, -0.34303754568099976, -0.3395094871520996, -0.04907197877764702, -0.9393216967582703], "cam_t_w2c": [121.51314544677734, -1538600.875, -4212822.5], "depth_scale": 1.0}
}