{
  "0": {"cam_K": [711.1112738715278, 0.0, 255.5, 0.0, 711.1112738715278, 255.5, 0.0, 0.0, 1.0], "cam_R_w2c": [-0.9959885478019714, 0.029180962592363358, -0.08459066599607468, 0.05547850579023361, 0.9430884718894958, -0.3278815746307373, 0.0702085793018341, -0.33125922083854675, -0.9409242272377014], "cam_t_w2c": [307.9271240234375, -135.73728942871094, 912.5606689453125], "depth_scale": 1.0},
  "1": {"cam_K": [711.1112738715278, 0.0, 255.5, 0.0, 711.1112738715278, 255.5, 0.0, 0.0, 1.0], "cam_R_w2c": [-0.9959885478019714, 0.029180962592363358, -0.08459066599607468, 0.05547850579023361, 0.9430884718894958, -0.3278815746307373, 0.0702085793018341, -0.33125922083854675, -0.9409242272377014], "cam_t_w2c": [307.9271240234375, -135.73728942871094, 912.5606689453125], "depth_scale": 1.0}
}