{
  "0": [{"cam_R_m2c": [0.6590821146965027, 0.7423414587974548, -0.12058160454034805, 0.038951169699430466, -0.19381104409694672, -0.9802653193473816, -0.7510616183280945, 0.6413785219192505, -0.15665245056152344], "cam_t_m2c": [-6.953461647033691, -419.4902038574219, 646.8588256835938], "obj_id": 2}, {"cam_R_m2c": [0.2669147551059723, 0.19780364632606506, 0.9432020783424377, 0.7204143404960632, -0.691034197807312, -0.05894826725125313, 0.6401247382164001, 0.6952304840087891, -0.32694780826568604], "cam_t_m2c": [-3797.136962890625, 5649.48681640625, 13186.59375], "obj_id": 2}],
  "1": [{"cam_R_m2c": [0.20896118879318237, 0.5666267275810242, 0.7970378398895264, 0.5031375288963318, 0.6365900039672852, -0.5844705104827881, -0.8385629653930664, 0.5231512784957886, -0.15206857025623322], "cam_t_m2c": [361.09869384765625, -212.02182006835938, 661.3814697265625], "obj_id": 2}, {"cam_R_m2c": [-0.46048906445503235, 0.7583543658256531, 0.4613550901412964, 0.6495181322097778, -0.06639830023050308, 0.7574414014816284, 0.6050421595573425, 0.6484519839286804, -0.46198922395706177], "cam_t_m2c": [-5726.2412109375, 849.6131591796875, 13709.34765625], "obj_id": 2}]
}