{
  "0": {"cam_K": [711.1112738715278, 0.0, 255.5, 0.0, 711.1112738715278, 255.5, 0.0, 0.0, 1.0], "cam_R_w2c": [-0.2809106111526489, -0.9597339034080505, -2.805539907058119e-07, -0.9556596279144287, 0.27971819043159485, -0.09204552322626114, 0.08833928406238556, -0.025856299325823784, -0.9957547187805176], "cam_t_w2c": [-3574.6015625, -407126.21875, -4453353.0], "depth_scale": 1.0},
  "1": {"cam_K": [711.1112738715278, 0.0, 255.5, 0.0, 711.1112738715278, 255.5, 0.0, 0.0, 1.0], "cam_R_w2c": [0.7211966514587402, -0.6927304267883301, -1.9423261221618304e-07, -0.6832780838012695, -0.7113559246063232, -0.16463273763656616, 0.11404596269130707, 0.11873271316289902, -0.9863550662994385], "cam_t_w2c": [-5713.740234375, -737380.375, -4410697.5], "depth_scale": 1.0}
}