{
  "0": {"cam_K": [711.1112738715278, 0.0, 255.5, 0.0, 711.1112738715278, 255.5, 0.0, 0.0, 1.0], "cam_R_w2c": [-0.6700879335403442, 0.548180878162384, 0.5004796981811523, 0.28143006563186646, 0.8115289211273193, -0.5120722055435181, -0.6868619322776794, -0.2022833526134491, -0.6980702877044678], "cam_t_w2c": [80.05294036865234, 323.9290771484375, 720.8773193359375], "depth_scale": 1.0},
  "1": {"cam_K": [711.1112738715278, 0.0, 255.5, 0.0, 711.1112738715278, 255.5, 0.0, 0.0, 1.0], "cam_R_w2c": [-0.6700879335403442, 0.548180878162384, 0.5004796981811523, 0.28143006563186646, 0.8115289211273193, -0.5120722055435181, -0.6868619322776794, -0.2022833526134491, -0.6980702877044678], "cam_t_w2c": [80.05294036865234, 323.9290771484375, 720.8773193359375], "depth_scale": 1.0},
  "2": {"cam_K": [711.1112738715278, 0.0, 255.5, 0.0, 711.1112738715278, 255.5, 0.0, 0.0, 1.0], "cam_R_w2c": [-0.6700879335403442, 0.548180878162384, 0.5004796981811523, 0.28143006563186646, 0.8115289211273193, -0.5120722055435181, -0.6868619322776794, -0.2022833526134491, -0.6980702877044678], "cam_t_w2c": [80.05294036865234, 323.9290771484375, 720.8773193359375], "depth_scale": 1.0},
  "3": {"cam_K": [711.1112738715278, 0.0, 255.5, 0.0, 711.1112738715278, 255.5, 0.0, 0.0, 1.0], "cam_R_w2c": [-0.6700879335403442, 0.548180878162384, 0.5004796981811523, 0.28143006563186646, 0.8115289211273193, -0.5120722055435181, -0.6868619322776794, -0.2022833526134491, -0.6980702877044678], "cam_t_w2c": [80.05294036865234, 323.9290771484375, 720.8773193359375], "depth_scale": 1.0},
  "4": {"cam_K": [711.1112738715278, 0.0, 255.5, 0.0, 711.1112738715278, 255.5, 0.0, 0.0, 1.0], "cam_R_w2c": [-0.6700879335403442, 0.548180878162384, 0.5004796981811523, 0.28143006563186646, 0.8115289211273193, -0.5120722055435181, -0.6868619322776794, -0.2022833526134491, -0.6980702877044678], "cam_t_w2c": [80.05294036865234, 323.9290771484375, 720.8773193359375], "depth_scale": 1.0}
}