{
  "0": {"cam_K": [711.1112738715278, 0.0, 255.5, 0.0, 711.1112738715278, 255.5, 0.0, 0.0, 1.0], "cam_R_w2c": [-0.2970195710659027, 0.954871416091919, -2.8179800892758067e-07, 0.24591004848480225, 0.07649175822734833, -0.9662697911262512, -0.9226633906364441, -0.2870011031627655, -0.2575320601463318], "cam_t_w2c": [-129.60089111328125, -4334584.5, -1154527.375], "depth_scale": 1.0},
  "1": {"cam_K": [711.1112738715278, 0.0, 255.5, 0.0, 711.1112738715278, 255.5, 0.0, 0.0, 1.0], "cam_R_w2c": [0.9235001802444458, -0.3835980296134949, 6.930734208765443e-09, -0.28497129678726196, -0.6860594153404236, -0.6694130897521973, 0.2567855417728424, 0.6182031035423279, -0.7428904175758362], "cam_t_w2c": [168.57896423339844, -3002917.0, -3331640.5], "depth_scale": 1.0}
}