{
  "0": {"cam_K": [711.1112738715278, 0.0, 255.5, 0.0, 711.1112738715278, 255.5, 0.0, 0.0, 1.0], "cam_R_w2c": [-0.9724537134170532, 0.23309598863124847, -5.7161045674547495e-08, 0.18121178448200226, 0.7559977769851685, -0.6289910078048706, -0.14661523699760437, -0.6116646528244019, -0.7774125933647156], "cam_t_w2c": [10776.671875, -2804062.5, -3455548.75], "depth_scale": 1.0},
  "1": {"cam_K": [711.1112738715278, 0.0, 255.5, 0.0, 711.1112738715278, 255.5, 0.0, 0.0, 1.0], "cam_R_w2c": [-0.35489824414253235, -0.934904932975769, 1.370685396295812e-07, -0.37460651993751526, 0.14220385253429413, -0.9162139296531677, 0.8565729260444641, -0.325162798166275, -0.40068936347961426], "cam_t_w2c": [7240.07373046875, -4073830.25, -1791382.375], "depth_scale": 1.0}
}