{
  "0": [{"cam_R_m2c": [0.26746630668640137, 0.18713784217834473, -0.9452201724052429, -0.8926125168800354, -0.32134145498275757, -0.31620028614997864, -0.3629114627838135, 0.9282882809638977, 0.08109355717897415], "cam_t_m2c": [-411.85443115234375, -178.27439880371094, 909.5944213867188], "obj_id": 0}, {"cam_R_m2c": [0.6422467231750488, 0.19410574436187744, 0.7415133714675903, 0.08893858641386032, 0.9419982433319092, -0.32361894845962524, -0.7613205909729004, 0.2737923860549927, 0.5877318382263184], "cam_t_m2c": [10567.3330078125, 17386.080078125, 31731.099609375], "obj_id": 0}],
  "1": [{"cam_R_m2c": [0.4958992898464203, 0.8507316708564758, 0.17418254911899567, -0.6903303265571594, 0.5078952312469482, -0.5152538418769836, -0.5268092155456543, 0.13527055084705353, 0.8391507267951965], "cam_t_m2c": [168.5851287841797, -181.99070739746094, 1475.037841796875], "obj_id": 0}, {"cam_R_m2c": [-0.4618608355522156, -0.5308685898780823, 0.7105371356010437, -0.2078346312046051, 0.8435719013214111, 0.4951678514480591, -0.8622581958770752, 0.08102443814277649, -0.4999457001686096], "cam_t_m2c": [7250.28466796875, 35964.82421875, 6193.0380859375], "obj_id": 0}]
}