{
  "0": {"cam_K": [711.1112738715278, 0.0, 255.5, 0.0, 711.1112738715278, 255.5, 0.0, 0.0, 1.0], "cam_R_w2c": [-0.278948038816452, -0.9603062868118286, -3.027908945796298e-08, -0.4701438844203949, 0.13656648993492126, -0.8719601035118103, 0.8373486995697021, -0.24323147535324097, -0.48957711458206177], "cam_t_w2c": [-6655.3447265625, -3869467.5, -2187401.25], "depth_scale": 1.0},
  "1": {"cam_K": [711.1112738715278, 0.0, 255.5, 0.0, 711.1112738715278, 255.5, 0.0, 0.0, 1.0], "cam_R_w2c": [-0.28930526971817017, 0.9572370052337646, -7.515317435036195e-08, 0.3101525604724884, 0.09373707324266434, -0.9460543990135193, -0.9055981636047363, -0.27369844913482666, -0.32400819659233093], "cam_t_w2c": [13022.6630859375, -4208065.5, -1432098.0], "depth_scale": 1.0}
}