{
  "0": [{"cam_R_m2c": [-0.4756847620010376, -0.8080354928970337, -0.34756651520729065, -0.7573350071907043, 0.17525050044059753, 0.6290714144706726, -0.44740086793899536, 0.5624640583992004, -0.6953175663948059], "cam_t_m2c": [-186.8543243408203, 244.5967254638672, 548.6364135742188], "obj_id": 2}, {"cam_R_m2c": [0.6935670375823975, -0.4810671806335449, 0.536226749420166, -0.25231626629829407, 0.534985363483429, 0.8063046336174011, -0.6747601628303528, -0.6945250034332275, 0.24966712296009064], "cam_t_m2c": [-16317.375, 25188.1328125, 6305.09521484375], "obj_id": 2}],
  "1": [{"cam_R_m2c": [0.40941864252090454, 0.45710107684135437, 0.789578914642334, -0.753244161605835, 0.657667338848114, 0.00984287541359663, -0.5147810578346252, -0.5987756252288818, 0.6135700345039368], "cam_t_m2c": [361.9014892578125, -4.666388034820557, 1046.2103271484375], "obj_id": 2}, {"cam_R_m2c": [-0.32832181453704834, 0.8760513067245483, -0.35318389534950256, -0.7693976759910583, -0.03113386780023575, 0.6380108594894409, 0.5479342937469482, 0.48121178150177, 0.6842538118362427], "cam_t_m2c": [17806.625, 24131.482421875, 6397.60986328125], "obj_id": 2}]
}