{
  "0": {"cam_K": [711.1112738715278, 0.0, 255.5, 0.0, 711.1112738715278, 255.5, 0.0, 0.0, 1.0], "cam_R_w2c": [0.5395150184631348, -0.8419759273529053, -5.878717246332599e-08, -0.7299469709396362, -0.4677298367023468, -0.49840351939201355, 0.419643759727478, 0.268896222114563, -0.8669450879096985], "cam_t_w2c": [-60.76553726196289, 80.86626434326172, 1066.1619873046875], "depth_scale": 1.0},
  "1": {"cam_K": [711.1112738715278, 0.0, 255.5, 0.0, 711.1112738715278, 255.5, 0.0, 0.0, 1.0], "cam_R_w2c": [-0.05701249837875366, -0.9983735084533691, 1.6293303417569405e-07, -0.6433403491973877, 0.03673800081014633, -0.764698326587677, 0.7634545564651489, -0.04359743371605873, -0.6443884968757629], "cam_t_w2c": [-70.578125, 176.48402404785156, 937.310791015625], "depth_scale": 1.0}
}