{
  "0": {"cam_K": [711.1112738715278, 0.0, 255.5, 0.0, 711.1112738715278, 255.5, 0.0, 0.0, 1.0], "cam_R_w2c": [-0.557797372341156, -0.82997727394104, 6.650104467098572e-08, -0.4658460021018982, 0.3130779266357422, -0.827629029750824, 0.6869131922721863, -0.4616492688655853, -0.5612756609916687], "cam_t_w2c": [441.5614013671875, -3712120.75, -2516905.75], "depth_scale": 1.0},
  "1": {"cam_K": [711.1112738715278, 0.0, 255.5, 0.0, 711.1112738715278, 255.5, 0.0, 0.0, 1.0], "cam_R_w2c": [-0.9189226627349854, 0.3944375813007355, -5.66785516298296e-08, 0.39369121193885803, 0.9171838760375977, -0.06148923188447952, -0.024253612384200096, -0.05650387704372406, -0.9981076717376709], "cam_t_w2c": [264.3137512207031, -276200.90625, -4475896.5], "depth_scale": 1.0}
}