{
  "0": {"cam_K": [2346.1825408935547, 0.0, 956.150695733726, 0.0, 2351.0241982895623, 613.6550906152873, 0.0, 0.0, 1.0], "cam_R_w2c": [0.6749151349067688, 0.7364418506622314, 0.04629218205809593, 0.5084940195083618, -0.4187159538269043, -0.7524033784866333, -0.5347180366516113, 0.5313477516174316, -0.6570740342140198], "cam_t_w2c": [-52.24040222167969, -34.17749786376953, 672.3690795898438], "depth_scale": 1.0},
  "1": {"cam_K": [2346.1825408935547, 0.0, 956.150695733726, 0.0, 2351.0241982895623, 613.6550906152873, 0.0, 0.0, 1.0], "cam_R_w2c": [0.20216794312000275, 0.9767831563949585, -0.07087226212024689, 0.48474836349487305, -0.1626846194267273, -0.859390914440155, -0.8509683609008789, 0.1393861025571823, -0.5063836574554443], "cam_t_w2c": [-0.3664161264896393, -25.517822265625, 691.78515625], "depth_scale": 1.0}
}