{
  "0": {"cam_K": [711.1112738715278, 0.0, 255.5, 0.0, 711.1112738715278, 255.5, 0.0, 0.0, 1.0], "cam_R_w2c": [0.9004305601119995, 0.43499982357025146, 4.161568512017766e-08, 0.3358049690723419, -0.6951014995574951, -0.6356641054153442, -0.2765137553215027, 0.5723714232444763, -0.7719656825065613], "cam_t_w2c": [-108.81611633300781, -90.0236587524414, 1356.376953125], "depth_scale": 1.0},
  "1": {"cam_K": [711.1112738715278, 0.0, 255.5, 0.0, 711.1112738715278, 255.5, 0.0, 0.0, 1.0], "cam_R_w2c": [0.8317062854766846, 0.5552158951759338, -1.1150412149163458e-08, 0.16123323142528534, -0.24152544140815735, -0.9569061994552612, -0.5312895178794861, 0.7958649396896362, -0.2903974950313568], "cam_t_w2c": [-66.26998901367188, 122.84156799316406, 1230.4718017578125], "depth_scale": 1.0}
}