{
  "0": {"cam_K": [711.1112738715278, 0.0, 255.5, 0.0, 711.1112738715278, 255.5, 0.0, 0.0, 1.0], "cam_R_w2c": [-0.9045997262001038, 0.4196159541606903, 0.07497858256101608, 0.07845867425203323, 0.3367990255355835, -0.9383019804954529, -0.4189791977405548, -0.8429050445556641, -0.3375908434391022], "cam_t_w2c": [-304.448486328125, 96.5906982421875, 585.9285278320312], "depth_scale": 1.0},
  "1": {"cam_K": [711.1112738715278, 0.0, 255.5, 0.0, 711.1112738715278, 255.5, 0.0, 0.0, 1.0], "cam_R_w2c": [0.804963231086731, 0.5930555462837219, 0.017869042232632637, 0.4276575446128845, -0.5590637922286987, -0.7103216648101807, -0.41127023100852966, 0.5794246792793274, -0.7036504745483398], "cam_t_w2c": [-10.721689224243164, 380.78125, 239.44061279296875], "depth_scale": 1.0}
}