{
  "0": {"cam_K": [711.1112738715278, 0.0, 255.5, 0.0, 711.1112738715278, 255.5, 0.0, 0.0, 1.0], "cam_R_w2c": [0.8661175966262817, -0.4940362870693207, 0.07595022022724152, 0.020440267398953438, -0.11681455373764038, -0.9929434657096863, 0.499422162771225, 0.8615582585334778, -0.09107691794633865], "cam_t_w2c": [173.1764373779297, 32.70462417602539, 505.2091979980469], "depth_scale": 1.0},
  "1": {"cam_K": [711.1112738715278, 0.0, 255.5, 0.0, 711.1112738715278, 255.5, 0.0, 0.0, 1.0], "cam_R_w2c": [-0.6654930710792542, -0.7462085485458374, 0.017080167308449745, -0.4762219488620758, 0.40686726570129395, -0.7795329689979553, 0.5747448205947876, -0.526907742023468, -0.6261282563209534], "cam_t_w2c": [11.93935775756836, -107.54598236083984, 621.521728515625], "depth_scale": 1.0},
  "2": {"cam_K": [711.1112738715278, 0.0, 255.5, 0.0, 711.1112738715278, 255.5, 0.0, 0.0, 1.0], "cam_R_w2c": [-0.6654930710792542, -0.7462085485458374, 0.017080167308449745, -0.4762219488620758, 0.40686726570129395, -0.7795329689979553, 0.5747448205947876, -0.526907742023468, -0.6261282563209534], "cam_t_w2c": [11.93935775756836, -107.54598236083984, 621.521728515625], "depth_scale": 1.0},
  "3": {"cam_K": [711.1112738715278, 0.0, 255.5, 0.0, 711.1112738715278, 255.5, 0.0, 0.0, 1.0], "cam_R_w2c": [0.7969560623168945, -0.5616912245750427, 0.2221800982952118, -0.19840751588344574, -0.5908399820327759, -0.7820119857788086, 0.570522129535675, 0.5791470408439636, -0.5823172926902771], "cam_t_w2c": [177.48202514648438, 70.13737487792969, 471.0599060058594], "depth_scale": 1.0},
  "4": {"cam_K": [711.1112738715278, 0.0, 255.5, 0.0, 711.1112738715278, 255.5, 0.0, 0.0, 1.0], "cam_R_w2c": [0.7969560623168945, -0.5616912245750427, 0.2221800982952118, -0.19840751588344574, -0.5908399820327759, -0.7820119857788086, 0.570522129535675, 0.5791470408439636, -0.5823172926902771], "cam_t_w2c": [177.48202514648438, 70.13737487792969, 471.0599060058594], "depth_scale": 1.0},
  "5": {"cam_K": [711.1112738715278, 0.0, 255.5, 0.0, 711.1112738715278, 255.5, 0.0, 0.0, 1.0], "cam_R_w2c": [-0.32738980650901794, -0.9448450207710266, 0.009148421697318554, -0.610221266746521, 0.204030379652977, -0.7655074000358582, 0.7214192748069763, -0.25620192289352417, -0.6433619856834412], "cam_t_w2c": [83.63447570800781, -87.12757110595703, 586.9925537109375], "depth_scale": 1.0},
  "6": {"cam_K": [711.1112738715278, 0.0, 255.5, 0.0, 711.1112738715278, 255.5, 0.0, 0.0, 1.0], "cam_R_w2c": [-0.32738980650901794, -0.9448450207710266, 0.009148421697318554, -0.610221266746521, 0.204030379652977, -0.7655074000358582, 0.7214192748069763, -0.25620192289352417, -0.6433619856834412], "cam_t_w2c": [83.63447570800781, -87.12757110595703, 586.9925537109375], "depth_scale": 1.0},
  "7": {"cam_K": [711.1112738715278, 0.0, 255.5, 0.0, 711.1112738715278, 255.5, 0.0, 0.0, 1.0], "cam_R_w2c": [-0.9944283962249756, 0.016851788386702538, -0.10406005382537842, 0.1030358299612999, 0.3639523386955261, -0.9257010221481323, 0.02227318473160267, -0.9312651753425598, -0.36366093158721924], "cam_t_w2c": [-134.74046325683594, -12.61658000946045, 730.0443725585938], "depth_scale": 1.0},
  "8": {"cam_K": [711.1112738715278, 0.0, 255.5, 0.0, 711.1112738715278, 255.5, 0.0, 0.0, 1.0], "cam_R_w2c": [-0.9944283962249756, 0.016851788386702538, -0.10406005382537842, 0.1030358299612999, 0.3639523386955261, -0.9257010221481323, 0.02227318473160267, -0.9312651753425598, -0.36366093158721924], "cam_t_w2c": [-134.74046325683594, -12.61658000946045, 730.0443725585938], "depth_scale": 1.0},
  "9": {"cam_K": [711.1112738715278, 0.0, 255.5, 0.0, 711.1112738715278, 255.5, 0.0, 0.0, 1.0], "cam_R_w2c": [0.6815481185913086, -0.7046024203300476, -0.1975543349981308, -0.2399657517671585, 0.03984112665057182, -0.9699636101722717, 0.6913094520568848, 0.7084832191467285, -0.1419268250465393], "cam_t_w2c": [210.42593383789062, -11.245818138122559, 479.69390869140625], "depth_scale": 1.0}
}