{
  "0": {"cam_K": [711.1112738715278, 0.0, 255.5, 0.0, 711.1112738715278, 255.5, 0.0, 0.0, 1.0], "cam_R_w2c": [-0.9619779586791992, -0.19794295728206635, 0.18819361925125122, -0.27060362696647644, 0.5972909331321716, -0.754994809627533, 0.03703957796096802, -0.7772142887115479, -0.6281447410583496], "cam_t_w2c": [152.5388946533203, 73.45574188232422, 346.18243408203125], "depth_scale": 1.0},
  "1": {"cam_K": [711.1112738715278, 0.0, 255.5, 0.0, 711.1112738715278, 255.5, 0.0, 0.0, 1.0], "cam_R_w2c": [-0.9619779586791992, -0.19794295728206635, 0.18819361925125122, -0.27060362696647644, 0.5972909331321716, -0.754994809627533, 0.03703957796096802, -0.7772142887115479, -0.6281447410583496], "cam_t_w2c": [152.5388946533203, 73.45574188232422, 346.18243408203125], "depth_scale": 1.0},
  "2": {"cam_K": [711.1112738715278, 0.0, 255.5, 0.0, 711.1112738715278, 255.5, 0.0, 0.0, 1.0], "cam_R_w2c": [-0.9619779586791992, -0.19794295728206635, 0.18819361925125122, -0.27060362696647644, 0.5972909331321716, -0.754994809627533, 0.03703957796096802, -0.7772142887115479, -0.6281447410583496], "cam_t_w2c": [152.5388946533203, 73.45574188232422, 346.18243408203125], "depth_scale": 1.0},
  "3": {"cam_K": [711.1112738715278, 0.0, 255.5, 0.0, 711.1112738715278, 255.5, 0.0, 0.0, 1.0], "cam_R_w2c": [-0.9619779586791992, -0.19794295728206635, 0.18819361925125122, -0.27060362696647644, 0.5972909331321716, -0.754994809627533, 0.03703957796096802, -0.7772142887115479, -0.6281447410583496], "cam_t_w2c": [152.5388946533203, 73.45574188232422, 346.18243408203125], "depth_scale": 1.0},
  "4": {"cam_K": [711.1112738715278, 0.0, 255.5, 0.0, 711.1112738715278, 255.5, 0.0, 0.0, 1.0], "cam_R_w2c": [-0.9619779586791992, -0.19794295728206635, 0.18819361925125122, -0.27060362696647644, 0.5972909331321716, -0.754994809627533, 0.03703957796096802, -0.7772142887115479, -0.6281447410583496], "cam_t_w2c": [152.5388946533203, 73.45574188232422, 346.18243408203125], "depth_scale": 1.0}
}