{
  "0": {"cam_K": [2346.1825408935547, 0.0, 956.150695733726, 0.0, 2351.0241982895623, 613.6550906152873, 0.0, 0.0, 1.0], "cam_R_w2c": [-0.23394258320331573, -0.9722504019737244, 4.0268183454372775e-08, -0.4997659921646118, 0.12025348842144012, -0.857772171497345, 0.8339692950248718, -0.20066945254802704, -0.5140300989151001], "cam_t_w2c": [-75.21188354492188, 52.770782470703125, 974.8054809570312], "depth_scale": 1.0},
  "1": {"cam_K": [2346.1825408935547, 0.0, 956.150695733726, 0.0, 2351.0241982895623, 613.6550906152873, 0.0, 0.0, 1.0], "cam_R_w2c": [-0.9998319745063782, 0.018330175429582596, 4.303883471834524e-08, 0.008441083133220673, 0.4604267477989197, -0.8876575827598572, -0.016270939260721207, -0.8875084519386292, -0.46050411462783813], "cam_t_w2c": [-12.490476608276367, 86.61976623535156, 733.031005859375], "depth_scale": 1.0}
}