{
  "0": {"cam_K": [711.1112738715278, 0.0, 255.5, 0.0, 711.1112738715278, 255.5, 0.0, 0.0, 1.0], "cam_R_w2c": [-0.9816169738769531, 0.19086144864559174, 5.7601290848197095e-08, 0.11705268919467926, 0.6020123958587646, -0.7898606061935425, -0.15075397491455078, -0.7753405570983887, -0.6132864356040955], "cam_t_w2c": [-71.66796112060547, 140.64126586914062, 904.373291015625], "depth_scale": 1.0},
  "1": {"cam_K": [711.1112738715278, 0.0, 255.5, 0.0, 711.1112738715278, 255.5, 0.0, 0.0, 1.0], "cam_R_w2c": [0.3860906958580017, 0.9224608540534973, 2.0831818403621583e-07, 0.5048197507858276, -0.21128933131694794, -0.8369671106338501, -0.7720693349838257, 0.3231453597545624, -0.5472533106803894], "cam_t_w2c": [102.07654571533203, 119.41271209716797, 871.9105224609375], "depth_scale": 1.0}
}