{
  "0": {"cam_K": [711.1112738715278, 0.0, 255.5, 0.0, 711.1112738715278, 255.5, 0.0, 0.0, 1.0], "cam_R_w2c": [-0.9804398417472839, 0.1968187689781189, 4.7470226860468756e-08, 0.1778719425201416, 0.8860576152801514, -0.4280928671360016, -0.08425675332546234, -0.41971930861473083, -0.9037346839904785], "cam_t_w2c": [-45.51398849487305, -1920322.875, -4052504.0], "depth_scale": 1.0},
  "1": {"cam_K": [711.1112738715278, 0.0, 255.5, 0.0, 711.1112738715278, 255.5, 0.0, 0.0, 1.0], "cam_R_w2c": [-0.3206617534160614, 0.9471938014030457, 1.7340691726985824e-07, 0.8368143439292908, 0.28329405188560486, -0.46849364042282104, -0.44375431537628174, -0.15022782981395721, -0.8834669589996338], "cam_t_w2c": [-161.6915740966797, -2101428.25, -3961942.0], "depth_scale": 1.0}
}