{
  "0": {"cam_K": [711.1112738715278, 0.0, 255.5, 0.0, 711.1112738715278, 255.5, 0.0, 0.0, 1.0], "cam_R_w2c": [-0.45888572931289673, 0.8625012636184692, -0.2133437544107437, -0.030704224482178688, -0.2553686797618866, -0.966356098651886, -0.88796466588974, -0.4368964433670044, 0.14366742968559265], "cam_t_w2c": [82.08467102050781, 489.30230712890625, 996.4002075195312], "depth_scale": 1.0},
  "1": {"cam_K": [711.1112738715278, 0.0, 255.5, 0.0, 711.1112738715278, 255.5, 0.0, 0.0, 1.0], "cam_R_w2c": [-0.45888572931289673, 0.8625012636184692, -0.2133437544107437, -0.030704224482178688, -0.2553686797618866, -0.966356098651886, -0.88796466588974, -0.4368964433670044, 0.14366742968559265], "cam_t_w2c": [82.08467102050781, 489.30230712890625, 996.4002075195312], "depth_scale": 1.0},
  "2": {"cam_K": [711.1112738715278, 0.0, 255.5, 0.0, 711.1112738715278, 255.5, 0.0, 0.0, 1.0], "cam_R_w2c": [-0.45888572931289673, 0.8625012636184692, -0.2133437544107437, -0.030704224482178688, -0.2553686797618866, -0.966356098651886, -0.88796466588974, -0.4368964433670044, 0.14366742968559265], "cam_t_w2c": [82.08467102050781, 489.30230712890625, 996.4002075195312], "depth_scale": 1.0},
  "3": {"cam_K": [711.1112738715278, 0.0, 255.5, 0.0, 711.1112738715278, 255.5, 0.0, 0.0, 1.0], "cam_R_w2c": [-0.45888572931289673, 0.8625012636184692, -0.2133437544107437, -0.030704224482178688, -0.2553686797618866, -0.966356098651886, -0.88796466588974, -0.4368964433670044, 0.14366742968559265], "cam_t_w2c": [82.08467102050781, 489.30230712890625, 996.4002075195312], "depth_scale": 1.0},
  "4": {"cam_K": [711.1112738715278, 0.0, 255.5, 0.0, 711.1112738715278, 255.5, 0.0, 0.0, 1.0], "cam_R_w2c": [-0.45888572931289673, 0.8625012636184692, -0.2133437544107437, -0.030704224482178688, -0.2553686797618866, -0.966356098651886, -0.88796466588974, -0.4368964433670044, 0.14366742968559265], "cam_t_w2c": [82.08467102050781, 489.30230712890625, 996.4002075195312], "depth_scale": 1.0},
  "5": {"cam_K": [711.1112738715278, 0.0, 255.5, 0.0, 711.1112738715278, 255.5, 0.0, 0.0, 1.0], "cam_R_w2c": [-0.45888572931289673, 0.8625012636184692, -0.2133437544107437, -0.030704224482178688, -0.2553686797618866, -0.966356098651886, -0.88796466588974, -0.4368964433670044, 0.14366742968559265], "cam_t_w2c": [82.08467102050781, 489.30230712890625, 996.4002075195312], "depth_scale": 1.0},
  "6": {"cam_K": [711.1112738715278, 0.0, 255.5, 0.0, 711.1112738715278, 255.5, 0.0, 0.0, 1.0], "cam_R_w2c": [-0.45888572931289673, 0.8625012636184692, -0.2133437544107437, -0.030704224482178688, -0.2553686797618866, -0.966356098651886, -0.88796466588974, -0.4368964433670044, 0.14366742968559265], "cam_t_w2c": [82.08467102050781, 489.30230712890625, 996.4002075195312], "depth_scale": 1.0},
  "7": {"cam_K": [711.1112738715278, 0.0, 255.5, 0.0, 711.1112738715278, 255.5, 0.0, 0.0, 1.0], "cam_R_w2c": [-0.45888572931289673, 0.8625012636184692, -0.2133437544107437, -0.030704224482178688, -0.2553686797618866, -0.966356098651886, -0.88796466588974, -0.4368964433670044, 0.14366742968559265], "cam_t_w2c": [82.08467102050781, 489.30230712890625, 996.4002075195312], "depth_scale": 1.0},
  "8": {"cam_K": [711.1112738715278, 0.0, 255.5, 0.0, 711.1112738715278, 255.5, 0.0, 0.0, 1.0], "cam_R_w2c": [-0.45888572931289673, 0.8625012636184692, -0.2133437544107437, -0.030704224482178688, -0.2553686797618866, -0.966356098651886, -0.88796466588974, -0.4368964433670044, 0.14366742968559265], "cam_t_w2c": [82.08467102050781, 489.30230712890625, 996.4002075195312], "depth_scale": 1.0},
  "9": {"cam_K": [711.1112738715278, 0.0, 255.5, 0.0, 711.1112738715278, 255.5, 0.0, 0.0, 1.0], "cam_R_w2c": [-0.45888572931289673, 0.8625012636184692, -0.2133437544107437, -0.030704224482178688, -0.2553686797618866, -0.966356098651886, -0.88796466588974, -0.4368964433670044, 0.14366742968559265], "cam_t_w2c": [82.08467102050781, 489.30230712890625, 996.4002075195312], "depth_scale": 1.0}
}