{
  "0": {"cam_K": [2346.1825408935547, 0.0, 956.150695733726, 0.0, 2351.0241982895623, 613.6550906152873, 0.0, 0.0, 1.0], "cam_R_w2c": [0.7904284000396729, 0.6125543713569641, 1.4215792987215536e-09, 0.2684093713760376, -0.3463502526283264, -0.8988869786262512, -0.5506172180175781, 0.7105058431625366, -0.43818041682243347], "cam_t_w2c": [-69.19847869873047, 80.25944519042969, 1113.2691650390625], "depth_scale": 1.0}
}