{
  "0": {"cam_K": [711.1112738715278, 0.0, 255.5, 0.0, 711.1112738715278, 255.5, 0.0, 0.0, 1.0], "cam_R_w2c": [0.3849886655807495, -0.922921359539032, 3.9783920158242836e-08, -0.20273719727993011, -0.08457016944885254, -0.9755744934082031, 0.9003784656524658, 0.37558513879776, -0.21966905891895294], "cam_t_w2c": [2035.2344970703125, -4375217.0, -984440.875], "depth_scale": 1.0},
  "1": {"cam_K": [711.1112738715278, 0.0, 255.5, 0.0, 711.1112738715278, 255.5, 0.0, 0.0, 1.0], "cam_R_w2c": [-0.746407151222229, -0.6654898524284363, 3.944779081166416e-08, -0.6543720364570618, 0.7339373230934143, -0.18202544748783112, 0.12113604694604874, -0.13586509227752686, -0.9832940101623535], "cam_t_w2c": [849.86328125, -818176.5, -4408728.0], "depth_scale": 1.0}
}