{
  "0": {"cam_K": [711.1112738715278, 0.0, 255.5, 0.0, 711.1112738715278, 255.5, 0.0, 0.0, 1.0], "cam_R_w2c": [-0.41905477643013, -0.8911481499671936, 0.17391972243785858, 0.3053218126296997, -0.3187018632888794, -0.8973336219787598, 0.8550857305526733, -0.3229304850101471, 0.40564054250717163], "cam_t_w2c": [-448.9668273925781, 604.5628662109375, 362.96185302734375], "depth_scale": 1.0},
  "1": {"cam_K": [711.1112738715278, 0.0, 255.5, 0.0, 711.1112738715278, 255.5, 0.0, 0.0, 1.0], "cam_R_w2c": [-0.41905477643013, -0.8911481499671936, 0.17391972243785858, 0.3053218126296997, -0.3187018632888794, -0.8973336219787598, 0.8550857305526733, -0.3229304850101471, 0.40564054250717163], "cam_t_w2c": [-448.9668273925781, 604.5628662109375, 362.96185302734375], "depth_scale": 1.0},
  "2": {"cam_K": [711.1112738715278, 0.0, 255.5, 0.0, 711.1112738715278, 255.5, 0.0, 0.0, 1.0], "cam_R_w2c": [-0.41905477643013, -0.8911481499671936, 0.17391972243785858, 0.3053218126296997, -0.3187018632888794, -0.8973336219787598, 0.8550857305526733, -0.3229304850101471, 0.40564054250717163], "cam_t_w2c": [-448.9668273925781, 604.5628662109375, 362.96185302734375], "depth_scale": 1.0},
  "3": {"cam_K": [711.1112738715278, 0.0, 255.5, 0.0, 711.1112738715278, 255.5, 0.0, 0.0, 1.0], "cam_R_w2c": [-0.41905477643013, -0.8911481499671936, 0.17391972243785858, 0.3053218126296997, -0.3187018632888794, -0.8973336219787598, 0.8550857305526733, -0.3229304850101471, 0.40564054250717163], "cam_t_w2c": [-448.9668273925781, 604.5628662109375, 362.96185302734375], "depth_scale": 1.0},
  "4": {"cam_K": [711.1112738715278, 0.0, 255.5, 0.0, 711.1112738715278, 255.5, 0.0, 0.0, 1.0], "cam_R_w2c": [-0.41905477643013, -0.8911481499671936, 0.17391972243785858, 0.3053218126296997, -0.3187018632888794, -0.8973336219787598, 0.8550857305526733, -0.3229304850101471, 0.40564054250717163], "cam_t_w2c": [-448.9668273925781, 604.5628662109375, 362.96185302734375], "depth_scale": 1.0},
  "5": {"cam_K": [711.1112738715278, 0.0, 255.5, 0.0, 711.1112738715278, 255.5, 0.0, 0.0, 1.0], "cam_R_w2c": [-0.41905477643013, -0.8911481499671936, 0.17391972243785858, 0.3053218126296997, -0.3187018632888794, -0.8973336219787598, 0.8550857305526733, -0.3229304850101471, 0.40564054250717163], "cam_t_w2c": [-448.9668273925781, 604.5628662109375, 362.96185302734375], "depth_scale": 1.0},
  "6": {"cam_K": [711.1112738715278, 0.0, 255.5, 0.0, 711.1112738715278, 255.5, 0.0, 0.0, 1.0], "cam_R_w2c": [-0.41905477643013, -0.8911481499671936, 0.17391972243785858, 0.3053218126296997, -0.3187018632888794, -0.8973336219787598, 0.8550857305526733, -0.3229304850101471, 0.40564054250717163], "cam_t_w2c": [-448.9668273925781, 604.5628662109375, 362.96185302734375], "depth_scale": 1.0},
  "7": {"cam_K": [711.1112738715278, 0.0, 255.5, 0.0, 711.1112738715278, 255.5, 0.0, 0.0, 1.0], "cam_R_w2c": [-0.41905477643013, -0.8911481499671936, 0.17391972243785858, 0.3053218126296997, -0.3187018632888794, -0.8973336219787598, 0.8550857305526733, -0.3229304850101471, 0.40564054250717163], "cam_t_w2c": [-448.9668273925781, 604.5628662109375, 362.96185302734375], "depth_scale": 1.0},
  "8": {"cam_K": [711.1112738715278, 0.0, 255.5, 0.0, 711.1112738715278, 255.5, 0.0, 0.0, 1.0], "cam_R_w2c": [-0.41905477643013, -0.8911481499671936, 0.17391972243785858, 0.3053218126296997, -0.3187018632888794, -0.8973336219787598, 0.8550857305526733, -0.3229304850101471, 0.40564054250717163], "cam_t_w2c": [-448.9668273925781, 604.5628662109375, 362.96185302734375], "depth_scale": 1.0},
  "9": {"cam_K": [711.1112738715278, 0.0, 255.5, 0.0, 711.1112738715278, 255.5, 0.0, 0.0, 1.0], "cam_R_w2c": [-0.41905477643013, -0.8911481499671936, 0.17391972243785858, 0.3053218126296997, -0.3187018632888794, -0.8973336219787598, 0.8550857305526733, -0.3229304850101471, 0.40564054250717163], "cam_t_w2c": [-448.9668273925781, 604.5628662109375, 362.96185302734375], "depth_scale": 1.0}
}