{
  "0": [{"cam_R_m2c": [0.2444119155406952, 0.4848753809928894, 0.8397372364997864, -0.17649060487747192, 0.8737812042236328, -0.45316386222839355, -0.9534746408462524, -0.03744708001613617, 0.29913848638534546], "cam_t_m2c": [434.0747985839844, -115.28498077392578, 903.9547729492188], "obj_id": 0}, {"cam_R_m2c": [0.8276550769805908, -0.25637468695640564, 0.49925848841667175, 0.559911847114563, 0.31608709692955017, -0.7658900618553162, 0.03854569420218468, 0.9134335517883301, 0.4051583409309387], "cam_t_m2c": [-486.1596374511719, 11687.5751953125, -10526.5087890625], "obj_id": 0}],
  "1": [{"cam_R_m2c": [0.6259132623672485, 0.5954263806343079, 0.5036864876747131, 0.40604206919670105, 0.30260807275772095, -0.8622981905937195, -0.6658546924591064, 0.7442417740821838, -0.05236174538731575], "cam_t_m2c": [292.2812805175781, -361.9093017578125, 1017.6651611328125], "obj_id": 0}, {"cam_R_m2c": [0.7992317080497742, -0.5921570062637329, 0.10285313427448273, -0.09431760758161545, -0.2925817668437958, -0.9515776634216309, 0.5935763120651245, 0.7508301734924316, -0.2896914482116699], "cam_t_m2c": [6993.6953125, 14468.56640625, 3459.32421875], "obj_id": 0}]
}