{
  "0": {"cam_K": [711.1112738715278, 0.0, 255.5, 0.0, 711.1112738715278, 255.5, 0.0, 0.0, 1.0], "cam_R_w2c": [0.5576626062393188, -0.8300677537918091, -2.967878742765606e-08, -0.299978643655777, -0.20153400301933289, -0.9324145913124084, 0.7739672064781189, 0.5199727416038513, -0.3613905906677246], "cam_t_w2c": [-501.9972229003906, -4173079.0, -1625652.875], "depth_scale": 1.0},
  "1": {"cam_K": [711.1112738715278, 0.0, 255.5, 0.0, 711.1112738715278, 255.5, 0.0, 0.0, 1.0], "cam_R_w2c": [0.06518305838108063, -0.9978733062744141, -1.4369523171353649e-07, -0.9497342109680176, -0.06203843653202057, -0.30684879422187805, 0.3061962127685547, 0.020001472905278206, -0.9517582654953003], "cam_t_w2c": [3780.497314453125, -1367174.375, -4264088.5], "depth_scale": 1.0}
}