{
  "0": {"cam_K": [711.1112738715278, 0.0, 255.5, 0.0, 711.1112738715278, 255.5, 0.0, 0.0, 1.0], "cam_R_w2c": [0.6412017941474915, 0.56722491979599, 0.516832709312439, 0.7577759027481079, -0.3618541955947876, -0.5429890751838684, -0.12097883969545364, 0.739808976650238, -0.6618509292602539], "cam_t_w2c": [106.54613494873047, -56.12693405151367, 387.43634033203125], "depth_scale": 1.0}
}