{
  "0": [{"cam_R_m2c": [-0.9856225848197937, -0.05352967232465744, -0.160257488489151, 0.16758830845355988, -0.4303911626338959, -0.8869484066963196, -0.021495366469025612, -0.9010537266731262, 0.43317437171936035], "cam_t_m2c": [-104.37699127197266, -381.8258972167969, 933.9788208007812], "obj_id": 2}, {"cam_R_m2c": [0.021529052406549454, -0.4064900577068329, 0.9134014844894409, -0.7973463535308838, -0.5581436157226562, -0.22959642112255096, 0.6031378507614136, -0.7233543395996094, -0.33612966537475586], "cam_t_m2c": [6744.630859375, 40506.1640625, 66390.359375], "obj_id": 2}],
  "1": [{"cam_R_m2c": [0.3765493929386139, -0.16362930834293365, -0.9118310809135437, 0.6933184266090393, -0.6030392646789551, 0.3945286273956299, -0.6144265532493591, -0.7807488441467285, -0.11362673342227936], "cam_t_m2c": [-377.6861877441406, 174.71485900878906, 859.3338623046875], "obj_id": 2}, {"cam_R_m2c": [-0.9101613163948059, -0.25310689210891724, -0.3279380202293396, 0.38585859537124634, -0.22994104027748108, -0.8934429287910461, 0.150730162858963, -0.9397149085998535, 0.30694687366485596], "cam_t_m2c": [19936.037109375, 42115.78125, 62758.72265625], "obj_id": 2}]
}