{
  "0": {"cam_K": [711.1112738715278, 0.0, 255.5, 0.0, 711.1112738715278, 255.5, 0.0, 0.0, 1.0], "cam_R_w2c": [-0.3196210265159607, -0.9475454688072205, 4.9063249463188185e-08, -0.9144887924194336, 0.3084704875946045, -0.26183241605758667, 0.24809810519218445, -0.0836871862411499, -0.9651134014129639], "cam_t_w2c": [6568.59521484375, -1133997.75, -4262837.5], "depth_scale": 1.0},
  "1": {"cam_K": [711.1112738715278, 0.0, 255.5, 0.0, 711.1112738715278, 255.5, 0.0, 0.0, 1.0], "cam_R_w2c": [-0.8560073375701904, 0.5169636607170105, 3.382227475867694e-08, 0.3782142996788025, 0.6262611150741577, -0.6817264556884766, -0.3524278402328491, -0.5835628509521484, -0.7316071391105652], "cam_t_w2c": [19976.9296875, -3015792.25, -3219141.75], "depth_scale": 1.0}
}