{
  "0": {"cam_K": [2346.1825408935547, 0.0, 956.150695733726, 0.0, 2351.0241982895623, 613.6550906152873, 0.0, 0.0, 1.0], "cam_R_w2c": [0.6936333179473877, 0.7203282713890076, -1.0263109828656525e-07, 0.3106656074523926, -0.299152672290802, -0.9022164940834045, -0.6498920917510986, 0.6258074045181274, -0.43128350377082825], "cam_t_w2c": [4.243746757507324, 82.1192626953125, 1133.6612548828125], "depth_scale": 1.0}
}