{
  "0": [{"cam_R_m2c": [0.030457522720098495, 0.19897642731666565, 0.9795308709144592, 0.5861194729804993, 0.7902601361274719, -0.1787538230419159, -0.8096519708633423, 0.5795665383338928, -0.09255459159612656], "cam_t_m2c": [-15.630401611328125, 11.981415748596191, 1006.1136474609375], "obj_id": 2}, {"cam_R_m2c": [-0.7384136915206909, -0.6137431263923645, 0.2794002294540405, -0.621296763420105, 0.4580979347229004, -0.6357173919677734, 0.2621745467185974, -0.6430129408836365, -0.7195823788642883], "cam_t_m2c": [112.43640899658203, -20.810932159423828, 1109.4779052734375], "obj_id": 1}, {"cam_R_m2c": [0.597959578037262, -0.06972665339708328, -0.798487663269043, 0.6976260542869568, -0.4452531635761261, 0.5613088011741638, -0.3946673274040222, -0.8926857709884644, -0.2176002562046051], "cam_t_m2c": [47.592247009277344, 44.3307991027832, 1037.413330078125], "obj_id": 3}, {"cam_R_m2c": [-0.8569817543029785, 0.5018958449363708, 0.11697397381067276, -0.49699658155441284, -0.8649261593818665, 0.06997976452112198, 0.13629639148712158, 0.0018357145600020885, 0.990666389465332], "cam_t_m2c": [106.18557739257812, -26.157737731933594, 1073.79150390625], "obj_id": 3}]
}