{
  "0": {"cam_K": [711.1112738715278, 0.0, 255.5, 0.0, 711.1112738715278, 255.5, 0.0, 0.0, 1.0], "cam_R_w2c": [-0.1422433704137802, -0.9898318648338318, -2.1684325446358343e-09, -0.7737489938735962, 0.11119106411933899, -0.6236579418182373, 0.6173164248466492, -0.08871112763881683, -0.7816976308822632], "cam_t_w2c": [14222.43359375, -2753818.5, -3456073.25], "depth_scale": 1.0},
  "1": {"cam_K": [711.1112738715278, 0.0, 255.5, 0.0, 711.1112738715278, 255.5, 0.0, 0.0, 1.0], "cam_R_w2c": [0.9984138011932373, 0.05630169063806534, 2.5396136582589435e-11, 0.03893169388175011, -0.6903866529464722, -0.722392201423645, -0.040671903640031815, 0.7212463617324829, -0.6914834976196289], "cam_t_w2c": [-5995.33740234375, -3183532.5, -3064958.25], "depth_scale": 1.0}
}