{
  "0": [{"cam_R_m2c": [-0.9102029800415039, 0.021562747657299042, -0.4136006534099579, 0.2077907919883728, 0.887636125087738, -0.4110049903392792, 0.3582644760608673, -0.4600403904914856, -0.812409520149231], "cam_t_m2c": [13505.8759765625, 34000.06640625, 50840.16015625], "obj_id": 0}, {"cam_R_m2c": [-0.04957307502627373, -0.49786970019340515, 0.8658337593078613, 0.67926025390625, 0.6187376976013184, 0.39467597007751465, -0.7322211861610413, 0.6076918244361877, 0.3075104355812073], "cam_t_m2c": [342.9994201660156, 244.67611694335938, 993.28173828125], "obj_id": 0}],
  "1": [{"cam_R_m2c": [0.23978988826274872, -0.9656675457954407, -0.0999353677034378, -0.3126959204673767, 0.020628351718187332, -0.9496293663978577, 0.9190877079963684, 0.2589609622955322, -0.29701387882232666], "cam_t_m2c": [1874.484375, 53370.0234375, 32262.1875], "obj_id": 0}, {"cam_R_m2c": [-0.958325982093811, -0.004154511261731386, -0.28564658761024475, -0.2761048674583435, 0.27013257145881653, 0.9223852157592773, 0.07333038747310638, 0.9628141522407532, -0.2600221037864685], "cam_t_m2c": [-130.80221557617188, 449.07257080078125, 753.7499389648438], "obj_id": 0}]
}