{
  "0": {"cam_K": [711.1112738715278, 0.0, 255.5, 0.0, 711.1112738715278, 255.5, 0.0, 0.0, 1.0], "cam_R_w2c": [0.8057617545127869, -0.5922398567199707, -2.480850369579457e-08, -0.5621432662010193, -0.7648144960403442, -0.31472861766815186, 0.1863947957754135, 0.25359630584716797, -0.9491819143295288], "cam_t_w2c": [84.77535247802734, -1411921.625, -4256721.0], "depth_scale": 1.0},
  "1": {"cam_K": [711.1112738715278, 0.0, 255.5, 0.0, 711.1112738715278, 255.5, 0.0, 0.0, 1.0], "cam_R_w2c": [0.6043752431869507, 0.7966998219490051, 7.941281410239753e-08, 0.1611359566450119, -0.12223737686872482, -0.9793330430984497, -0.7802344560623169, 0.5918846130371094, -0.20225422084331512], "cam_t_w2c": [132.8248291015625, -4393035.5, -906467.6875], "depth_scale": 1.0}
}