{
  "0": {"cam_K": [711.1112738715278, 0.0, 255.5, 0.0, 711.1112738715278, 255.5, 0.0, 0.0, 1.0], "cam_R_w2c": [-0.9030270576477051, -0.1337168663740158, 0.4082428216934204, -0.4255066215991974, 0.14779499173164368, -0.8928050398826599, 0.059046827256679535, -0.9799370169639587, -0.19036038219928741], "cam_t_w2c": [-22.38109016418457, 85.42943572998047, 641.8068237304688], "depth_scale": 1.0},
  "1": {"cam_K": [711.1112738715278, 0.0, 255.5, 0.0, 711.1112738715278, 255.5, 0.0, 0.0, 1.0], "cam_R_w2c": [-0.9030270576477051, -0.1337168663740158, 0.4082428216934204, -0.4255066215991974, 0.14779499173164368, -0.8928050398826599, 0.059046827256679535, -0.9799370169639587, -0.19036038219928741], "cam_t_w2c": [-22.38109016418457, 85.42943572998047, 641.8068237304688], "depth_scale": 1.0},
  "2": {"cam_K": [711.1112738715278, 0.0, 255.5, 0.0, 711.1112738715278, 255.5, 0.0, 0.0, 1.0], "cam_R_w2c": [-0.6743336915969849, 0.6174858808517456, 0.4049510061740875, 0.09068216383457184, 0.613494336605072, -0.7844752669334412, -0.7328375577926636, -0.49227625131607056, -0.4696948528289795], "cam_t_w2c": [-187.6610565185547, -28.106660842895508, 682.2544555664062], "depth_scale": 1.0}
}