{
  "0": {"cam_K": [711.1112738715278, 0.0, 255.5, 0.0, 711.1112738715278, 255.5, 0.0, 0.0, 1.0], "cam_R_w2c": [-0.7827420234680176, -0.6223464608192444, -1.8758937869733927e-07, -0.5374708771705627, 0.6759917140007019, -0.5041430592536926, 0.31375178694725037, -0.3946138024330139, -0.8636202812194824], "cam_t_w2c": [-81.79508209228516, -2260979.75, -3873575.75], "depth_scale": 1.0},
  "1": {"cam_K": [711.1112738715278, 0.0, 255.5, 0.0, 711.1112738715278, 255.5, 0.0, 0.0, 1.0], "cam_R_w2c": [0.3839971125125885, -0.9233343005180359, 1.420511068772612e-07, -0.5258932113647461, -0.21870911121368408, -0.8219505548477173, 0.7589352130889893, 0.3156265914440155, -0.5695589184761047], "cam_t_w2c": [-565.5884399414062, -3687034.75, -2554199.5], "depth_scale": 1.0}
}