{
  "0": {"cam_K": [2346.1825408935547, 0.0, 956.150695733726, 0.0, 2351.0241982895623, 613.6550906152873, 0.0, 0.0, 1.0], "cam_R_w2c": [-0.877435028553009, 0.479695588350296, -3.6283367421674484e-08, 0.36417248845100403, 0.6661259531974792, -0.6508875489234924, -0.31222787499427795, -0.5711115598678589, -0.7591741681098938], "cam_t_w2c": [144.62391662597656, 122.19352722167969, 765.0692138671875], "depth_scale": 1.0},
  "1": {"cam_K": [2346.1825408935547, 0.0, 956.150695733726, 0.0, 2351.0241982895623, 613.6550906152873, 0.0, 0.0, 1.0], "cam_R_w2c": [-0.9096536636352539, -0.4153675138950348, 2.1060442279008385e-08, -0.20864711701869965, 0.4569365680217743, -0.8646821975708008, 0.3591609001159668, -0.7865613698959351, -0.5023192763328552], "cam_t_w2c": [52.130584716796875, 170.07716369628906, 818.03466796875], "depth_scale": 1.0}
}