{
  "0": {"cam_K": [711.1112738715278, 0.0, 255.5, 0.0, 711.1112738715278, 255.5, 0.0, 0.0, 1.0], "cam_R_w2c": [-0.762114405632019, 0.6474426984786987, 3.133045822778513e-08, 0.17474985122680664, 0.20570054650306702, -0.9628862738609314, -0.623413622379303, -0.7338293194770813, -0.26990801095962524], "cam_t_w2c": [29.616640090942383, -32.27491760253906, 745.842529296875], "depth_scale": 1.0},
  "1": {"cam_K": [711.1112738715278, 0.0, 255.5, 0.0, 711.1112738715278, 255.5, 0.0, 0.0, 1.0], "cam_R_w2c": [-0.9131259918212891, 0.4076777398586273, 9.364682362900112e-09, 0.40612420439720154, 0.909646213054657, -0.08721747994422913, -0.03555663302540779, -0.07964053750038147, -0.9961894154548645], "cam_t_w2c": [-33.8620719909668, 212.26303100585938, 754.19384765625], "depth_scale": 1.0}
}