{
  "0": {"cam_K": [711.1112738715278, 0.0, 255.5, 0.0, 711.1112738715278, 255.5, 0.0, 0.0, 1.0], "cam_R_w2c": [-0.75099778175354, 0.6202016472816467, 0.2266101837158203, 0.25762391090393066, 0.5912047028541565, -0.7642688751220703, -0.6079738140106201, -0.5155840516090393, -0.6037721633911133], "cam_t_w2c": [448.5406188964844, 0.47869986295700073, 966.8565673828125], "depth_scale": 1.0},
  "1": {"cam_K": [711.1112738715278, 0.0, 255.5, 0.0, 711.1112738715278, 255.5, 0.0, 0.0, 1.0], "cam_R_w2c": [0.704201877117157, -0.709511399269104, 0.026331095024943352, -0.2586706280708313, -0.29091906547546387, -0.9211165308952332, 0.6612029075622559, 0.641840934753418, -0.3883955180644989], "cam_t_w2c": [-212.953125, 96.76879119873047, 456.6106872558594], "depth_scale": 1.0},
  "2": {"cam_K": [711.1112738715278, 0.0, 255.5, 0.0, 711.1112738715278, 255.5, 0.0, 0.0, 1.0], "cam_R_w2c": [0.704201877117157, -0.709511399269104, 0.026331095024943352, -0.2586706280708313, -0.29091906547546387, -0.9211165308952332, 0.6612029075622559, 0.641840934753418, -0.3883955180644989], "cam_t_w2c": [-212.953125, 96.76879119873047, 456.6106872558594], "depth_scale": 1.0},
  "3": {"cam_K": [711.1112738715278, 0.0, 255.5, 0.0, 711.1112738715278, 255.5, 0.0, 0.0, 1.0], "cam_R_w2c": [0.94375079870224, -0.307117223739624, 0.12252914160490036, -0.06523106247186661, -0.5362054109573364, -0.8415632843971252, 0.3241593539714813, 0.7862333655357361, -0.5260778665542603], "cam_t_w2c": [-275.26519775390625, 53.31089401245117, 512.2576293945312], "depth_scale": 1.0},
  "4": {"cam_K": [711.1112738715278, 0.0, 255.5, 0.0, 711.1112738715278, 255.5, 0.0, 0.0, 1.0], "cam_R_w2c": [0.94375079870224, -0.307117223739624, 0.12252914160490036, -0.06523106247186661, -0.5362054109573364, -0.8415632843971252, 0.3241593539714813, 0.7862333655357361, -0.5260778665542603], "cam_t_w2c": [-275.26519775390625, 53.31089401245117, 512.2576293945312], "depth_scale": 1.0}
}