{
  "0": {"cam_K": [711.1112738715278, 0.0, 255.5, 0.0, 711.1112738715278, 255.5, 0.0, 0.0, 1.0], "cam_R_w2c": [0.15645407140254974, 0.8706870675086975, 0.4662899076938629, 0.8584100604057312, 0.11363989859819412, -0.5002182722091675, -0.4885227084159851, 0.4785291254520416, -0.7296271324157715], "cam_t_w2c": [-46.45594024658203, -55.782047271728516, 260.3405456542969], "depth_scale": 1.0}
}