{
  "0": {"cam_K": [711.1112738715278, 0.0, 255.5, 0.0, 711.1112738715278, 255.5, 0.0, 0.0, 1.0], "cam_R_w2c": [0.507284939289093, -0.6937416791915894, 0.5112577676773071, -0.4075380563735962, -0.7158487439155579, -0.5669863224029541, 0.7593252062797546, 0.07926665246486664, -0.6458654403686523], "cam_t_w2c": [62.0873908996582, 89.52010345458984, 915.278076171875], "depth_scale": 1.0},
  "1": {"cam_K": [711.1112738715278, 0.0, 255.5, 0.0, 711.1112738715278, 255.5, 0.0, 0.0, 1.0], "cam_R_w2c": [-0.8391959071159363, -0.430016428232193, 0.3329203724861145, -0.4753689467906952, 0.2826880216598511, -0.8331337571144104, 0.2641485929489136, -0.8574224710464478, -0.44164708256721497], "cam_t_w2c": [-52.63471984863281, 1.8423666954040527, 795.3546142578125], "depth_scale": 1.0},
  "2": {"cam_K": [711.1112738715278, 0.0, 255.5, 0.0, 711.1112738715278, 255.5, 0.0, 0.0, 1.0], "cam_R_w2c": [-0.5750380158424377, -0.7915564775466919, 0.2068086713552475, -0.763105034828186, 0.4278085231781006, -0.48440754413604736, 0.2949613928794861, -0.4363694190979004, -0.8500468730926514], "cam_t_w2c": [-234.82296752929688, 216.882568359375, 1168.7354736328125], "depth_scale": 1.0},
  "3": {"cam_K": [711.1112738715278, 0.0, 255.5, 0.0, 711.1112738715278, 255.5, 0.0, 0.0, 1.0], "cam_R_w2c": [-0.514702558517456, 0.7099659442901611, -0.48065561056137085, 0.7523062825202942, 0.10508329421281815, -0.6503790020942688, -0.41123804450035095, -0.6963518857955933, -0.5881984829902649], "cam_t_w2c": [5.598018646240234, 95.38656616210938, 935.3057861328125], "depth_scale": 1.0},
  "4": {"cam_K": [711.1112738715278, 0.0, 255.5, 0.0, 711.1112738715278, 255.5, 0.0, 0.0, 1.0], "cam_R_w2c": [-0.15648037195205688, -0.9756994247436523, 0.15337781608104706, -0.4022652804851532, -0.0788690373301506, -0.9121198058128357, 0.9020514488220215, -0.2044273018836975, -0.38014864921569824], "cam_t_w2c": [-54.15340042114258, 33.7908821105957, 637.6937255859375], "depth_scale": 1.0},
  "5": {"cam_K": [711.1112738715278, 0.0, 255.5, 0.0, 711.1112738715278, 255.5, 0.0, 0.0, 1.0], "cam_R_w2c": [0.20941606163978577, 0.8641151785850525, 0.4576568007469177, 0.5842548608779907, 0.2647255063056946, -0.7671809196472168, -0.7840861678123474, 0.42804819345474243, -0.44942569732666016], "cam_t_w2c": [-101.2466812133789, -32.125938415527344, 1066.339599609375], "depth_scale": 1.0},
  "6": {"cam_K": [711.1112738715278, 0.0, 255.5, 0.0, 711.1112738715278, 255.5, 0.0, 0.0, 1.0], "cam_R_w2c": [-0.33762940764427185, -0.9308621883392334, -0.1396511048078537, -0.3887258470058441, 0.2730100154876709, -0.8799760937690735, 0.8572624921798706, -0.2428196370601654, -0.4540264904499054], "cam_t_w2c": [-163.78570556640625, 39.53053665161133, 1200.201416015625], "depth_scale": 1.0},
  "7": {"cam_K": [711.1112738715278, 0.0, 255.5, 0.0, 711.1112738715278, 255.5, 0.0, 0.0, 1.0], "cam_R_w2c": [-0.7572137117385864, 0.6310306787490845, -0.16860535740852356, 0.44652867317199707, 0.3117215633392334, -0.8387144207954407, -0.47669658064842224, -0.7103731036186218, -0.5178131461143494], "cam_t_w2c": [-118.25642395019531, 81.2295913696289, 688.4637451171875], "depth_scale": 1.0},
  "8": {"cam_K": [711.1112738715278, 0.0, 255.5, 0.0, 711.1112738715278, 255.5, 0.0, 0.0, 1.0], "cam_R_w2c": [-0.7546135783195496, -0.633056104183197, 0.17262253165245056, -0.6433632373809814, 0.6621017456054688, -0.3843241035938263, 0.12900501489639282, -0.4010751247406006, -0.9069160223007202], "cam_t_w2c": [-220.0044403076172, -46.746150970458984, 1216.49658203125], "depth_scale": 1.0},
  "9": {"cam_K": [711.1112738715278, 0.0, 255.5, 0.0, 711.1112738715278, 255.5, 0.0, 0.0, 1.0], "cam_R_w2c": [0.731667160987854, -0.6812983751296997, 0.02226373180747032, -0.658327043056488, -0.714715838432312, -0.23619186878204346, 0.17682938277721405, 0.15815702080726624, -0.9714512228965759], "cam_t_w2c": [103.4307861328125, 36.28853225708008, 922.4052734375], "depth_scale": 1.0}
}