{
  "0": {"cam_K": [711.1112738715278, 0.0, 255.5, 0.0, 711.1112738715278, 255.5, 0.0, 0.0, 1.0], "cam_R_w2c": [0.5764394402503967, -0.8171398639678955, -7.887294373176701e-08, -0.43891119956970215, -0.3096234202384949, -0.8434988260269165, 0.689256489276886, 0.48622602224349976, -0.5371310114860535], "cam_t_w2c": [-6.362329006195068, 17.434532165527344, 1053.4984130859375], "depth_scale": 1.0},
  "1": {"cam_K": [711.1112738715278, 0.0, 255.5, 0.0, 711.1112738715278, 255.5, 0.0, 0.0, 1.0], "cam_R_w2c": [0.30693963170051575, 0.9517289996147156, -5.2941832251462984e-08, 0.19134695827960968, -0.06171092018485069, -0.9795806407928467, -0.9322952628135681, 0.30067214369773865, -0.2010520100593567], "cam_t_w2c": [31.623485565185547, 45.118370056152344, 895.0126342773438], "depth_scale": 1.0}
}