{
  "0": {"cam_K": [711.1112738715278, 0.0, 255.5, 0.0, 711.1112738715278, 255.5, 0.0, 0.0, 1.0], "cam_R_w2c": [-0.9019677639007568, 0.4259720742702484, 0.07072374224662781, 0.19325627386569977, 0.5446974635124207, -0.8160616755485535, -0.3861425220966339, -0.7223935723304749, -0.5736213326454163], "cam_t_w2c": [185.9647674560547, 164.24940490722656, 186.1731414794922], "depth_scale": 1.0}
}