{
  "0": [{"cam_R_m2c": [0.8892815709114075, -0.41496512293815613, -0.19230753183364868, 0.4566977620124817, 0.8283014893531799, 0.3245670199394226, 0.02460463158786297, -0.37645789980888367, 0.9261069297790527], "cam_t_m2c": [-4778.138671875, -29900.509765625, 8483.765625], "obj_id": 0}, {"cam_R_m2c": [-0.7687031626701355, 0.30175477266311646, -0.5639498233795166, -0.5869377255439758, 0.017574938014149666, 0.8094412684440613, 0.2541641294956207, 0.9532235264778137, 0.16360139846801758], "cam_t_m2c": [-257.8246765136719, 322.79656982421875, 1166.52197265625], "obj_id": 2}],
  "1": [{"cam_R_m2c": [0.9174056053161621, -0.353213906288147, -0.18332192301750183, 0.39558035135269165, 0.8596448302268982, 0.32330626249313354, 0.04339547082781792, -0.3691215217113495, 0.9283674359321594], "cam_t_m2c": [-6873.1962890625, -29616.603515625, 7898.11865234375], "obj_id": 0}, {"cam_R_m2c": [-0.8097915649414062, 0.2886565327644348, -0.5107982754707336, -0.5376396179199219, -0.01651252992451191, 0.8430129885673523, 0.2349066287279129, 0.9572902917861938, 0.16856499016284943], "cam_t_m2c": [-237.10740661621094, 337.9248962402344, 1107.07080078125], "obj_id": 2}]
}