{
  "0": {"cam_K": [711.1112738715278, 0.0, 255.5, 0.0, 711.1112738715278, 255.5, 0.0, 0.0, 1.0], "cam_R_w2c": [-0.1723918318748474, 0.9850284457206726, -1.2026515605612076e-07, 0.9634706377983093, 0.16861890256404877, -0.20806735754013062, -0.20495225489139557, -0.03586922585964203, -0.9781145453453064], "cam_t_w2c": [-16966.349609375, -926421.9375, -4336997.0], "depth_scale": 1.0},
  "1": {"cam_K": [711.1112738715278, 0.0, 255.5, 0.0, 711.1112738715278, 255.5, 0.0, 0.0, 1.0], "cam_R_w2c": [-0.1046060174703598, 0.9945136904716492, -1.2625019962797523e-07, 0.9757329225540161, 0.10263064503669739, -0.19342228770256042, -0.19236110150814056, -0.020233266055583954, -0.9811155200004578], "cam_t_w2c": [-17168.6953125, -860321.9375, -4350648.0], "depth_scale": 1.0}
}