{
  "0": {"cam_K": [711.1112738715278, 0.0, 255.5, 0.0, 711.1112738715278, 255.5, 0.0, 0.0, 1.0], "cam_R_w2c": [0.9814021587371826, 0.1919631063938141, 8.728903111432373e-08, 0.19133101403713226, -0.9781706929206848, -0.08108561486005783, -0.015565359964966774, 0.07957760989665985, -0.9967073202133179], "cam_t_w2c": [466.5583801269531, -363443.75, -4469943.5], "depth_scale": 1.0},
  "1": {"cam_K": [711.1112738715278, 0.0, 255.5, 0.0, 711.1112738715278, 255.5, 0.0, 0.0, 1.0], "cam_R_w2c": [-0.9844977259635925, 0.17539750039577484, 3.4513963242943646e-08, 0.14124692976474762, 0.7928123474121094, -0.5928725600242615, -0.10398838669061661, -0.5836817026138306, -0.8052963614463806], "cam_t_w2c": [-537.8291015625, -2659548.25, -3611289.5], "depth_scale": 1.0}
}