{
  "0": {"cam_K": [711.1112738715278, 0.0, 255.5, 0.0, 711.1112738715278, 255.5, 0.0, 0.0, 1.0], "cam_R_w2c": [-0.6209380030632019, -0.7838597893714905, 5.52986918478382e-08, -0.7732836604118347, 0.6125599145889282, -0.1637154221534729, 0.12832990288734436, -0.10165715962648392, -0.9865077137947083], "cam_t_w2c": [192.30198669433594, 276.5723571777344, 1087.5880126953125], "depth_scale": 1.0},
  "1": {"cam_K": [711.1112738715278, 0.0, 255.5, 0.0, 711.1112738715278, 255.5, 0.0, 0.0, 1.0], "cam_R_w2c": [0.9886983633041382, -0.149918332695961, -2.65028816670565e-08, -0.0866011306643486, -0.5711267590522766, -0.8162808418273926, 0.12237545847892761, 0.8070555329322815, -0.5776551961898804], "cam_t_w2c": [-286.42718505859375, 330.2898254394531, 1173.247314453125], "depth_scale": 1.0}
}