{
  "0": {"cam_K": [2346.1825408935547, 0.0, 956.150695733726, 0.0, 2351.0241982895623, 613.6550906152873, 0.0, 0.0, 1.0], "cam_R_w2c": [0.3535756468772888, -0.9354059100151062, -1.9016803776139568e-07, -0.4008764326572418, -0.1515277773141861, -0.9035139083862305, 0.8451522588729858, 0.31946060061454773, -0.42855873703956604], "cam_t_w2c": [-2.9915542602539062, 163.7254180908203, 3973.318115234375], "depth_scale": 1.0}
}