{
  "0": {"cam_K": [711.1112738715278, 0.0, 255.5, 0.0, 711.1112738715278, 255.5, 0.0, 0.0, 1.0], "cam_R_w2c": [0.7447788715362549, 0.6673113703727722, -4.41260148420497e-08, 0.41555196046829224, -0.4637930393218994, -0.782440185546875, -0.5221312046051025, 0.5827448964118958, -0.622725784778595], "cam_t_w2c": [-312.6723937988281, -3509952.25, -2793042.75], "depth_scale": 1.0},
  "1": {"cam_K": [711.1112738715278, 0.0, 255.5, 0.0, 711.1112738715278, 255.5, 0.0, 0.0, 1.0], "cam_R_w2c": [0.17518271505832672, 0.9845359325408936, 1.693135800451273e-06, 0.9843422770500183, -0.17514826357364655, -0.019834520295262337, -0.019527502357959747, 0.003476332174614072, -0.9998033046722412], "cam_t_w2c": [-397.1061096191406, -88969.8359375, -4484328.0], "depth_scale": 1.0}
}