{
  "0": {"cam_K": [711.1112738715278, 0.0, 255.5, 0.0, 711.1112738715278, 255.5, 0.0, 0.0, 1.0], "cam_R_w2c": [-0.8501634001731873, -0.3117789328098297, 0.42428287863731384, -0.5243696570396423, 0.5741056799888611, -0.6288394927978516, -0.04752429574728012, -0.7570974230766296, -0.6515710353851318], "cam_t_w2c": [-150.5138397216797, 109.05810546875, 558.5654296875], "depth_scale": 1.0},
  "1": {"cam_K": [711.1112738715278, 0.0, 255.5, 0.0, 711.1112738715278, 255.5, 0.0, 0.0, 1.0], "cam_R_w2c": [-0.8501634001731873, -0.3117789328098297, 0.42428287863731384, -0.5243696570396423, 0.5741056799888611, -0.6288394927978516, -0.04752429574728012, -0.7570974230766296, -0.6515710353851318], "cam_t_w2c": [-150.5138397216797, 109.05810546875, 558.5654296875], "depth_scale": 1.0},
  "2": {"cam_K": [711.1112738715278, 0.0, 255.5, 0.0, 711.1112738715278, 255.5, 0.0, 0.0, 1.0], "cam_R_w2c": [-0.8501634001731873, -0.3117789328098297, 0.42428287863731384, -0.5243696570396423, 0.5741056799888611, -0.6288394927978516, -0.04752429574728012, -0.7570974230766296, -0.6515710353851318], "cam_t_w2c": [-150.5138397216797, 109.05810546875, 558.5654296875], "depth_scale": 1.0},
  "3": {"cam_K": [711.1112738715278, 0.0, 255.5, 0.0, 711.1112738715278, 255.5, 0.0, 0.0, 1.0], "cam_R_w2c": [-0.8501634001731873, -0.3117789328098297, 0.42428287863731384, -0.5243696570396423, 0.5741056799888611, -0.6288394927978516, -0.04752429574728012, -0.7570974230766296, -0.6515710353851318], "cam_t_w2c": [-150.5138397216797, 109.05810546875, 558.5654296875], "depth_scale": 1.0},
  "4": {"cam_K": [711.1112738715278, 0.0, 255.5, 0.0, 711.1112738715278, 255.5, 0.0, 0.0, 1.0], "cam_R_w2c": [-0.8501634001731873, -0.3117789328098297, 0.42428287863731384, -0.5243696570396423, 0.5741056799888611, -0.6288394927978516, -0.04752429574728012, -0.7570974230766296, -0.6515710353851318], "cam_t_w2c": [-150.5138397216797, 109.05810546875, 558.5654296875], "depth_scale": 1.0}
}