{
  "0": {"cam_K": [711.1112738715278, 0.0, 255.5, 0.0, 711.1112738715278, 255.5, 0.0, 0.0, 1.0], "cam_R_w2c": [0.364249050617218, 0.898013174533844, 0.24676935374736786, 0.7300452589988708, -0.11080930382013321, -0.6743556261062622, -0.5782358050346375, 0.42578622698783875, -0.6959524750709534], "cam_t_w2c": [27.067157745361328, 17.465686798095703, 1093.39404296875], "depth_scale": 1.0},
  "1": {"cam_K": [711.1112738715278, 0.0, 255.5, 0.0, 711.1112738715278, 255.5, 0.0, 0.0, 1.0], "cam_R_w2c": [0.364249050617218, 0.898013174533844, 0.24676935374736786, 0.7300452589988708, -0.11080930382013321, -0.6743556261062622, -0.5782358050346375, 0.42578622698783875, -0.6959524750709534], "cam_t_w2c": [27.067157745361328, 17.465686798095703, 1093.39404296875], "depth_scale": 1.0},
  "2": {"cam_K": [711.1112738715278, 0.0, 255.5, 0.0, 711.1112738715278, 255.5, 0.0, 0.0, 1.0], "cam_R_w2c": [0.364249050617218, 0.898013174533844, 0.24676935374736786, 0.7300452589988708, -0.11080930382013321, -0.6743556261062622, -0.5782358050346375, 0.42578622698783875, -0.6959524750709534], "cam_t_w2c": [27.067157745361328, 17.465686798095703, 1093.39404296875], "depth_scale": 1.0},
  "3": {"cam_K": [711.1112738715278, 0.0, 255.5, 0.0, 711.1112738715278, 255.5, 0.0, 0.0, 1.0], "cam_R_w2c": [0.364249050617218, 0.898013174533844, 0.24676935374736786, 0.7300452589988708, -0.11080930382013321, -0.6743556261062622, -0.5782358050346375, 0.42578622698783875, -0.6959524750709534], "cam_t_w2c": [27.067157745361328, 17.465686798095703, 1093.39404296875], "depth_scale": 1.0},
  "4": {"cam_K": [711.1112738715278, 0.0, 255.5, 0.0, 711.1112738715278, 255.5, 0.0, 0.0, 1.0], "cam_R_w2c": [0.364249050617218, 0.898013174533844, 0.24676935374736786, 0.7300452589988708, -0.11080930382013321, -0.6743556261062622, -0.5782358050346375, 0.42578622698783875, -0.6959524750709534], "cam_t_w2c": [27.067157745361328, 17.465686798095703, 1093.39404296875], "depth_scale": 1.0}
}