{
  "0": [{"cam_R_m2c": [-0.831788182258606, -0.4552197754383087, 0.3176523745059967, -0.24319012463092804, 0.8132561445236206, 0.528652012348175, -0.49898561835289, 0.3624766767024994, -0.7871618270874023], "cam_t_m2c": [4069.363525390625, 22505.55859375, -5139.6396484375], "obj_id": 2}, {"cam_R_m2c": [0.04027209430932999, -0.5639990568161011, 0.824792742729187, 0.8488975763320923, -0.4160763621330261, -0.3259649872779846, 0.5270208120346069, 0.7132918834686279, 0.4620212912559509], "cam_t_m2c": [317.4035339355469, -192.75186157226562, 1098.369384765625], "obj_id": 0}],
  "1": [{"cam_R_m2c": [0.13660913705825806, 0.17446093261241913, -0.9751416444778442, -0.6898414492607117, 0.7232193350791931, 0.032749008387327194, 0.7109547257423401, 0.6682193279266357, 0.21914876997470856], "cam_t_m2c": [-15742.341796875, 14984.4765625, 10350.09765625], "obj_id": 2}, {"cam_R_m2c": [0.03631730005145073, 0.9968660473823547, 0.07027866691350937, 0.9726528525352478, -0.051403600722551346, 0.2265041023492813, 0.22940683364868164, 0.060130733996629715, -0.9714714288711548], "cam_t_m2c": [136.4966278076172, 98.09004974365234, 630.7089233398438], "obj_id": 0}]
}