{
  "0": {"cam_K": [711.1112738715278, 0.0, 255.5, 0.0, 711.1112738715278, 255.5, 0.0, 0.0, 1.0], "cam_R_w2c": [0.3357253968715668, 0.9419599175453186, -1.1102704888799053e-07, 0.4433564245700836, -0.15801750123500824, -0.8823069930076599, -0.8310977816581726, 0.2962128520011902, -0.4706744849681854], "cam_t_w2c": [4236.84033203125, -3935318.0, -2116515.5], "depth_scale": 1.0},
  "1": {"cam_K": [711.1112738715278, 0.0, 255.5, 0.0, 711.1112738715278, 255.5, 0.0, 0.0, 1.0], "cam_R_w2c": [-0.9830347895622253, -0.18341977894306183, -3.835269168916966e-08, -0.05410517007112503, 0.28997576236724854, -0.9555034041404724, 0.17525821924209595, -0.9392929673194885, -0.2949802875518799], "cam_t_w2c": [-15856.86328125, -4271161.5, -1312990.375], "depth_scale": 1.0}
}