{
  "0": {"cam_K": [711.1112738715278, 0.0, 255.5, 0.0, 711.1112738715278, 255.5, 0.0, 0.0, 1.0], "cam_R_w2c": [-0.9885968565940857, -0.014410212635993958, 0.14989502727985382, -0.12734641134738922, 0.6112572550773621, -0.7811193466186523, -0.08036833256483078, -0.7913007736206055, -0.6061220765113831], "cam_t_w2c": [-149.93812561035156, -161.10736083984375, 683.0634155273438], "depth_scale": 1.0},
  "1": {"cam_K": [711.1112738715278, 0.0, 255.5, 0.0, 711.1112738715278, 255.5, 0.0, 0.0, 1.0], "cam_R_w2c": [-0.284546434879303, 0.9536639451980591, -0.09776747226715088, 0.6837612390518188, 0.13041162490844727, -0.7179577946662903, -0.6719404458999634, -0.271141916513443, -0.6891865730285645], "cam_t_w2c": [-233.5548095703125, 85.77395629882812, 347.3063049316406], "depth_scale": 1.0},
  "2": {"cam_K": [711.1112738715278, 0.0, 255.5, 0.0, 711.1112738715278, 255.5, 0.0, 0.0, 1.0], "cam_R_w2c": [-0.284546434879303, 0.9536639451980591, -0.09776747226715088, 0.6837612390518188, 0.13041162490844727, -0.7179577946662903, -0.6719404458999634, -0.271141916513443, -0.6891865730285645], "cam_t_w2c": [-233.5548095703125, 85.77395629882812, 347.3063049316406], "depth_scale": 1.0},
  "3": {"cam_K": [711.1112738715278, 0.0, 255.5, 0.0, 711.1112738715278, 255.5, 0.0, 0.0, 1.0], "cam_R_w2c": [0.9775239825248718, -0.17770935595035553, 0.11342929303646088, -0.048525549471378326, -0.7132383584976196, -0.6992396116256714, 0.20516356825828552, 0.6780192852020264, -0.7058310508728027], "cam_t_w2c": [249.47793579101562, 93.6957778930664, 410.4964599609375], "depth_scale": 1.0},
  "4": {"cam_K": [711.1112738715278, 0.0, 255.5, 0.0, 711.1112738715278, 255.5, 0.0, 0.0, 1.0], "cam_R_w2c": [0.9775239825248718, -0.17770935595035553, 0.11342929303646088, -0.048525549471378326, -0.7132383584976196, -0.6992396116256714, 0.20516356825828552, 0.6780192852020264, -0.7058310508728027], "cam_t_w2c": [249.47793579101562, 93.6957778930664, 410.4964599609375], "depth_scale": 1.0},
  "5": {"cam_K": [711.1112738715278, 0.0, 255.5, 0.0, 711.1112738715278, 255.5, 0.0, 0.0, 1.0], "cam_R_w2c": [-0.47152966260910034, -0.8562474250793457, -0.21095071732997894, -0.16117404401302338, 0.3188629150390625, -0.9339964389801025, 0.8669964075088501, -0.4064072370529175, -0.288358211517334], "cam_t_w2c": [13.085134506225586, -116.70021057128906, 803.5056762695312], "depth_scale": 1.0},
  "6": {"cam_K": [711.1112738715278, 0.0, 255.5, 0.0, 711.1112738715278, 255.5, 0.0, 0.0, 1.0], "cam_R_w2c": [-0.47152966260910034, -0.8562474250793457, -0.21095071732997894, -0.16117404401302338, 0.3188629150390625, -0.9339964389801025, 0.8669964075088501, -0.4064072370529175, -0.288358211517334], "cam_t_w2c": [13.085134506225586, -116.70021057128906, 803.5056762695312], "depth_scale": 1.0},
  "7": {"cam_K": [711.1112738715278, 0.0, 255.5, 0.0, 711.1112738715278, 255.5, 0.0, 0.0, 1.0], "cam_R_w2c": [-0.9774730205535889, 0.1736384630203247, 0.11998231709003448, -0.018350310623645782, 0.49640652537345886, -0.8678961396217346, -0.21026016771793365, -0.8505469560623169, -0.48203760385513306], "cam_t_w2c": [-293.9790344238281, -100.15780639648438, 563.758544921875], "depth_scale": 1.0},
  "8": {"cam_K": [711.1112738715278, 0.0, 255.5, 0.0, 711.1112738715278, 255.5, 0.0, 0.0, 1.0], "cam_R_w2c": [-0.9774730205535889, 0.1736384630203247, 0.11998231709003448, -0.018350310623645782, 0.49640652537345886, -0.8678961396217346, -0.21026016771793365, -0.8505469560623169, -0.48203760385513306], "cam_t_w2c": [-293.9790344238281, -100.15780639648438, 563.758544921875], "depth_scale": 1.0},
  "9": {"cam_K": [711.1112738715278, 0.0, 255.5, 0.0, 711.1112738715278, 255.5, 0.0, 0.0, 1.0], "cam_R_w2c": [0.7438640594482422, 0.6672552824020386, -0.03790323808789253, 0.4251132309436798, -0.5161581039428711, -0.7435452938079834, -0.5156986117362976, 0.5369834303855896, -0.6676105260848999], "cam_t_w2c": [142.53880310058594, 174.74334716796875, 235.0722198486328], "depth_scale": 1.0}
}