{
  "0": {"cam_K": [711.1112738715278, 0.0, 255.5, 0.0, 711.1112738715278, 255.5, 0.0, 0.0, 1.0], "cam_R_w2c": [-0.2892247140407562, 0.9572612047195435, 2.58118092233417e-07, 0.4119149446487427, 0.1244552731513977, -0.9026831984519958, -0.8641036748886108, -0.2610781788825989, -0.43030571937561035], "cam_t_w2c": [-220.73077392578125, 265.1307067871094, 799.5481567382812], "depth_scale": 1.0},
  "1": {"cam_K": [711.1112738715278, 0.0, 255.5, 0.0, 711.1112738715278, 255.5, 0.0, 0.0, 1.0], "cam_R_w2c": [-0.9999939799308777, -0.0034898766316473484, -9.177150595007788e-09, -0.002250662539154291, 0.6449098587036133, -0.7642553448677063, 0.002667162800207734, -0.7642506957054138, -0.6449137926101685], "cam_t_w2c": [-392.0138244628906, 26.29648208618164, 901.1585083007812], "depth_scale": 1.0}
}