{
  "0": {"cam_K": [711.1112738715278, 0.0, 255.5, 0.0, 711.1112738715278, 255.5, 0.0, 0.0, 1.0], "cam_R_w2c": [-0.9012021422386169, -0.43339893221855164, 1.4213640042726183e-07, -0.4231398105621338, 0.8798694610595703, -0.21629247069358826, 0.0937407985329628, -0.1949232965707779, -0.9763286113739014], "cam_t_w2c": [-5909.83935546875, -930434.6875, -4295579.0], "depth_scale": 1.0},
  "1": {"cam_K": [711.1112738715278, 0.0, 255.5, 0.0, 711.1112738715278, 255.5, 0.0, 0.0, 1.0], "cam_R_w2c": [-0.9304789304733276, -0.36634573340415955, 5.0626063341496774e-08, -0.2043347954750061, 0.518988311290741, -0.8299990892410278, 0.30406656861305237, -0.7722966074943542, -0.5577649474143982], "cam_t_w2c": [-4364.982421875, -3636949.0, -2468800.5], "depth_scale": 1.0}
}