{
  "0": {"cam_K": [711.1112738715278, 0.0, 255.5, 0.0, 711.1112738715278, 255.5, 0.0, 0.0, 1.0], "cam_R_w2c": [-0.7651945352554321, 0.6437992453575134, -2.7222471388199665e-08, 0.6096622347831726, 0.724620521068573, -0.32130521535873413, -0.20685604214668274, -0.2458609938621521, -0.9469757676124573], "cam_t_w2c": [-208.3307342529297, -1441584.0, -4246586.5], "depth_scale": 1.0},
  "1": {"cam_K": [711.1112738715278, 0.0, 255.5, 0.0, 711.1112738715278, 255.5, 0.0, 0.0, 1.0], "cam_R_w2c": [0.6457540392875671, -0.7635455131530762, 1.4091487088307986e-08, -0.6841747164726257, -0.5786278247833252, -0.4439537823200226, 0.33897891640663147, 0.28668496012687683, -0.8960497975349426], "cam_t_w2c": [282.9675598144531, -1990889.25, -4018526.5], "depth_scale": 1.0}
}