{
  "0": {"cam_K": [711.1112738715278, 0.0, 255.5, 0.0, 711.1112738715278, 255.5, 0.0, 0.0, 1.0], "cam_R_w2c": [-0.10884548723697662, -0.9940586686134338, -5.478934994584961e-08, -0.3556033670902252, 0.038937222212553024, -0.9338255524635315, 0.9282773733139038, -0.1016426831483841, -0.3577287495136261], "cam_t_w2c": [-203.9833526611328, -4188838.75, -1603843.5], "depth_scale": 1.0},
  "1": {"cam_K": [711.1112738715278, 0.0, 255.5, 0.0, 711.1112738715278, 255.5, 0.0, 0.0, 1.0], "cam_R_w2c": [-0.9640121459960938, -0.2658580541610718, 1.2763482004629623e-07, -0.2655351459980011, 0.9628413915634155, -0.049270302057266235, 0.013098783791065216, -0.047497205436229706, -0.9987854361534119], "cam_t_w2c": [-158.79981994628906, -220853.03125, -4479362.0], "depth_scale": 1.0}
}