{
  "0": {"cam_K": [711.1112738715278, 0.0, 255.5, 0.0, 711.1112738715278, 255.5, 0.0, 0.0, 1.0], "cam_R_w2c": [-0.98630291223526, 0.16494408249855042, 4.307328715924541e-09, 0.06568805128335953, 0.3927896320819855, -0.9172793626785278, -0.15129978954792023, -0.9047152996063232, -0.3982444107532501], "cam_t_w2c": [-1809.3175048828125, -4104157.75, -1786641.5], "depth_scale": 1.0},
  "1": {"cam_K": [711.1112738715278, 0.0, 255.5, 0.0, 711.1112738715278, 255.5, 0.0, 0.0, 1.0], "cam_R_w2c": [-0.4779147505760193, -0.8784063458442688, 1.9493954539484548e-07, -0.5653210878372192, 0.3075741231441498, -0.7653824687004089, 0.6723166704177856, -0.3657875955104828, -0.6435758471488953], "cam_t_w2c": [-5468.46630859375, -3426260.5, -2879944.5], "depth_scale": 1.0}
}