{
  "0": {"cam_K": [711.1112738715278, 0.0, 255.5, 0.0, 711.1112738715278, 255.5, 0.0, 0.0, 1.0], "cam_R_w2c": [-0.7208229303359985, 0.6384257674217224, 0.2698650360107422, 0.2724892795085907, 0.619017481803894, -0.7365915179252625, -0.6373101472854614, -0.4574165940284729, -0.6201661825180054], "cam_t_w2c": [121.41609954833984, 118.66681671142578, 129.5010986328125], "depth_scale": 1.0}
}