{
  "0": {"cam_K": [711.1112738715278, 0.0, 255.5, 0.0, 711.1112738715278, 255.5, 0.0, 0.0, 1.0], "cam_R_w2c": [-0.8937762975692749, -0.42069199681282043, 0.155506893992424, -0.19144348800182343, 0.04429013654589653, -0.9805038571357727, 0.40560269355773926, -0.9061217904090881, -0.12012429535388947], "cam_t_w2c": [-111.87116241455078, -39.52293395996094, 1069.749267578125], "depth_scale": 1.0},
  "1": {"cam_K": [711.1112738715278, 0.0, 255.5, 0.0, 711.1112738715278, 255.5, 0.0, 0.0, 1.0], "cam_R_w2c": [-0.9748436808586121, -0.07215333729982376, 0.2108875811100006, -0.2088388353586197, 0.6262974739074707, -0.7510910630226135, -0.07788462191820145, -0.776237964630127, -0.6256105303764343], "cam_t_w2c": [-219.82443237304688, -148.77655029296875, 1059.27099609375], "depth_scale": 1.0},
  "2": {"cam_K": [711.1112738715278, 0.0, 255.5, 0.0, 711.1112738715278, 255.5, 0.0, 0.0, 1.0], "cam_R_w2c": [-0.9748436808586121, -0.07215333729982376, 0.2108875811100006, -0.2088388353586197, 0.6262974739074707, -0.7510910630226135, -0.07788462191820145, -0.776237964630127, -0.6256105303764343], "cam_t_w2c": [-219.82443237304688, -148.77655029296875, 1059.27099609375], "depth_scale": 1.0},
  "3": {"cam_K": [711.1112738715278, 0.0, 255.5, 0.0, 711.1112738715278, 255.5, 0.0, 0.0, 1.0], "cam_R_w2c": [0.8837750554084778, -0.44919028878211975, -0.13103334605693817, -0.35726574063301086, -0.46695083379745483, -0.8088993430137634, 0.30216360092163086, 0.7616987824440002, -0.5731598138809204], "cam_t_w2c": [268.3629150390625, 15.935577392578125, 560.7433471679688], "depth_scale": 1.0},
  "4": {"cam_K": [711.1112738715278, 0.0, 255.5, 0.0, 711.1112738715278, 255.5, 0.0, 0.0, 1.0], "cam_R_w2c": [0.8837750554084778, -0.44919028878211975, -0.13103334605693817, -0.35726574063301086, -0.46695083379745483, -0.8088993430137634, 0.30216360092163086, 0.7616987824440002, -0.5731598138809204], "cam_t_w2c": [268.3629150390625, 15.935577392578125, 560.7433471679688], "depth_scale": 1.0},
  "5": {"cam_K": [711.1112738715278, 0.0, 255.5, 0.0, 711.1112738715278, 255.5, 0.0, 0.0, 1.0], "cam_R_w2c": [0.9819091558456421, -0.1429893523454666, 0.12413059175014496, 0.014807933010160923, -0.5955588221549988, -0.8031752109527588, 0.18877257406711578, 0.7904832363128662, -0.5826672911643982], "cam_t_w2c": [255.38978576660156, 109.95933532714844, 693.1588134765625], "depth_scale": 1.0},
  "6": {"cam_K": [711.1112738715278, 0.0, 255.5, 0.0, 711.1112738715278, 255.5, 0.0, 0.0, 1.0], "cam_R_w2c": [0.9819091558456421, -0.1429893523454666, 0.12413059175014496, 0.014807933010160923, -0.5955588221549988, -0.8031752109527588, 0.18877257406711578, 0.7904832363128662, -0.5826672911643982], "cam_t_w2c": [255.38978576660156, 109.95933532714844, 693.1588134765625], "depth_scale": 1.0},
  "7": {"cam_K": [711.1112738715278, 0.0, 255.5, 0.0, 711.1112738715278, 255.5, 0.0, 0.0, 1.0], "cam_R_w2c": [0.1869058758020401, -0.979263961315155, -0.07815606147050858, -0.2721148729324341, 0.024836843833327293, -0.9619442820549011, 0.9439384341239929, 0.20106050372123718, -0.2618301510810852], "cam_t_w2c": [218.7335205078125, -57.09265899658203, 916.777587890625], "depth_scale": 1.0}
}