{
  "0": {"cam_K": [711.1112738715278, 0.0, 255.5, 0.0, 711.1112738715278, 255.5, 0.0, 0.0, 1.0], "cam_R_w2c": [-0.5652735829353333, -0.8249034881591797, -1.1628755203219043e-07, -0.8241106271743774, 0.5647302865982056, -0.043833158910274506, 0.03615819290280342, -0.02477763220667839, -0.9990388751029968], "cam_t_w2c": [-190.17251586914062, 26.109130859375, 1298.9093017578125], "depth_scale": 1.0},
  "1": {"cam_K": [711.1112738715278, 0.0, 255.5, 0.0, 711.1112738715278, 255.5, 0.0, 0.0, 1.0], "cam_R_w2c": [0.8952091336250305, 0.4456462860107422, 2.275367627646574e-08, 0.39996859431266785, -0.8034523129463196, -0.44100964069366455, -0.19653429090976715, 0.39479586482048035, -0.8975023627281189], "cam_t_w2c": [158.10531616210938, 0.5968075394630432, 1271.8961181640625], "depth_scale": 1.0}
}