{
  "0": {"cam_K": [2346.182657877604, 0.0, 956.150695875287, 0.0, 2351.0243155150233, 613.6550964412543, 0.0, 0.0, 1.0], "cam_R_w2c": [0.6325820088386536, -0.5541197061538696, -0.5411019921302795, -0.722290575504303, -0.16992565989494324, -0.6703891754150391, 0.27952873706817627, 0.8149089813232422, -0.5077273845672607], "cam_t_w2c": [-45.2678108215332, -98.90972137451172, 754.9112548828125], "depth_scale": 1.0},
  "1": {"cam_K": [2346.182657877604, 0.0, 956.150695875287, 0.0, 2351.0243155150233, 613.6550964412543, 0.0, 0.0, 1.0], "cam_R_w2c": [0.6325820088386536, -0.5541197061538696, -0.5411019921302795, -0.722290575504303, -0.16992565989494324, -0.6703891754150391, 0.27952873706817627, 0.8149089813232422, -0.5077273845672607], "cam_t_w2c": [-45.2678108215332, -98.90972137451172, 754.9112548828125], "depth_scale": 1.0},
  "2": {"cam_K": [2346.182657877604, 0.0, 956.150695875287, 0.0, 2351.0243155150233, 613.6550964412543, 0.0, 0.0, 1.0], "cam_R_w2c": [0.6325820088386536, -0.5541197061538696, -0.5411019921302795, -0.722290575504303, -0.16992565989494324, -0.6703891754150391, 0.27952873706817627, 0.8149089813232422, -0.5077273845672607], "cam_t_w2c": [-45.2678108215332, -98.90972137451172, 754.9112548828125], "depth_scale": 1.0}
}