{
  "0": {"cam_K": [711.1112738715278, 0.0, 255.5, 0.0, 711.1112738715278, 255.5, 0.0, 0.0, 1.0], "cam_R_w2c": [0.7982199192047119, 0.6023661494255066, 8.2790867494964e-09, 0.5226191878318787, -0.6925441026687622, -0.4972444176673889, -0.29952317476272583, 0.3969104290008545, -0.8676106333732605], "cam_t_w2c": [558.4522705078125, -2230100.5, -3884713.0], "depth_scale": 1.0},
  "1": {"cam_K": [711.1112738715278, 0.0, 255.5, 0.0, 711.1112738715278, 255.5, 0.0, 0.0, 1.0], "cam_R_w2c": [0.07489626854658127, 0.9971914291381836, 2.973070252210164e-07, 0.9795556664466858, -0.0735718309879303, -0.18723797798156738, -0.18671205639839172, 0.0140237333253026, -0.9823147654533386], "cam_t_w2c": [2516.570556640625, -840256.0, -4399459.5], "depth_scale": 1.0}
}