{
  "0": {"cam_K": [711.1112738715278, 0.0, 255.5, 0.0, 711.1112738715278, 255.5, 0.0, 0.0, 1.0], "cam_R_w2c": [0.24544981122016907, 0.9694093465805054, 4.057560545334127e-07, 0.9643282890319824, -0.2441633939743042, -0.10225160419940948, -0.09912355244159698, 0.025098031386733055, -0.9947587251663208], "cam_t_w2c": [8559.2763671875, -457201.09375, -4442765.5], "depth_scale": 1.0},
  "1": {"cam_K": [711.1112738715278, 0.0, 255.5, 0.0, 711.1112738715278, 255.5, 0.0, 0.0, 1.0], "cam_R_w2c": [0.5971840023994446, -0.8021042943000793, 1.3809491861138667e-07, -0.3819999396800995, -0.2844074070453644, -0.8793114423751831, 0.7052994966506958, 0.52511066198349, -0.4762473404407501], "cam_t_w2c": [-5726.953125, -3931116.0, -2120905.5], "depth_scale": 1.0}
}