{
  "0": {"cam_K": [2346.1825408935547, 0.0, 956.150695733726, 0.0, 2351.0241982895623, 613.6550906152873, 0.0, 0.0, 1.0], "cam_R_w2c": [0.6840963959693909, -0.7293916344642639, -2.675874988256055e-08, -0.4850737750530243, -0.4549506902694702, -0.7468088269233704, 0.5447161197662354, 0.5108892321586609, -0.6650388836860657], "cam_t_w2c": [-111517.7109375, 18002.140625, 75423.5859375], "depth_scale": 1.0},
  "1": {"cam_K": [2346.1825408935547, 0.0, 956.150695733726, 0.0, 2351.0241982895623, 613.6550906152873, 0.0, 0.0, 1.0], "cam_R_w2c": [0.3361864387989044, 0.9417955279350281, 8.666103923360424e-08, 0.6938815116882324, -0.24769029021263123, -0.6761494874954224, -0.6367944478988647, 0.227312371134758, -0.7367646098136902], "cam_t_w2c": [89932.296875, -15651.146484375, 100876.78125], "depth_scale": 1.0}
}