{
  "0": {"cam_K": [711.1112738715278, 0.0, 255.5, 0.0, 711.1112738715278, 255.5, 0.0, 0.0, 1.0], "cam_R_w2c": [-0.9934223890304565, 0.11450812220573425, 1.1017219492259755e-07, 0.04489032179117203, 0.3894496262073517, -0.9199531674385071, -0.10534215718507767, -0.9139020442962646, -0.3920283019542694], "cam_t_w2c": [82.92794036865234, -4126430.25, -1757809.5], "depth_scale": 1.0},
  "1": {"cam_K": [711.1112738715278, 0.0, 255.5, 0.0, 711.1112738715278, 255.5, 0.0, 0.0, 1.0], "cam_R_w2c": [0.8407617807388306, -0.541405200958252, 1.189133769230466e-07, -0.5033155083656311, -0.7816115617752075, -0.36845242977142334, 0.19948214292526245, 0.30978068709373474, -0.9296467900276184], "cam_t_w2c": [-146.1870574951172, -1652815.0, -4169180.75], "depth_scale": 1.0}
}