{
  "0": {"cam_K": [711.1112738715278, 0.0, 255.5, 0.0, 711.1112738715278, 255.5, 0.0, 0.0, 1.0], "cam_R_w2c": [-0.6697725653648376, -0.7286776304244995, 0.14294657111167908, -0.561399519443512, 0.37089303135871887, -0.7397763133049011, 0.48604053258895874, -0.5757319927215576, -0.6574932336807251], "cam_t_w2c": [-3.584287405014038, 31.067602157592773, 299.274658203125], "depth_scale": 1.0}
}