{
  "0": {"cam_K": [711.1112738715278, 0.0, 255.5, 0.0, 711.1112738715278, 255.5, 0.0, 0.0, 1.0], "cam_R_w2c": [0.90513676404953, 0.4251205623149872, 7.112873845471768e-08, 0.34223538637161255, -0.7286635637283325, -0.5932324528694153, -0.25219523906707764, 0.5369564890861511, -0.8050314784049988], "cam_t_w2c": [65.76280212402344, -2660992.0, -3609871.75], "depth_scale": 1.0},
  "1": {"cam_K": [711.1112738715278, 0.0, 255.5, 0.0, 711.1112738715278, 255.5, 0.0, 0.0, 1.0], "cam_R_w2c": [0.31039395928382874, 0.9506080746650696, 1.7732665469338826e-07, 0.40966373682022095, -0.13376399874687195, -0.9023763537406921, -0.8578061461448669, 0.2800922989845276, -0.43094927072525024], "cam_t_w2c": [114.14081573486328, -4047572.75, -1932244.875], "depth_scale": 1.0}
}