{
  "0": {"cam_K": [711.1112738715278, 0.0, 255.5, 0.0, 711.1112738715278, 255.5, 0.0, 0.0, 1.0], "cam_R_w2c": [-0.9754617214202881, 0.21833892166614532, 0.02833275869488716, 0.05359649285674095, 0.36029988527297974, -0.9312955737113953, -0.21354636549949646, -0.9069245457649231, -0.36316099762916565], "cam_t_w2c": [22.62164878845215, 53.323341369628906, 67.14437866210938], "depth_scale": 1.0},
  "1": {"cam_K": [711.1112738715278, 0.0, 255.5, 0.0, 711.1112738715278, 255.5, 0.0, 0.0, 1.0], "cam_R_w2c": [-0.15415357053279877, -0.9880232214927673, 0.006858467124402523, -0.9287793636322021, 0.14253510534763336, -0.34212973713874817, 0.3370545208454132, -0.05911048874258995, -0.9396278858184814], "cam_t_w2c": [-127.47167205810547, 16.170581817626953, 180.2100830078125], "depth_scale": 1.0}
}