{
  "0": {"cam_K": [711.1112738715278, 0.0, 255.5, 0.0, 711.1112738715278, 255.5, 0.0, 0.0, 1.0], "cam_R_w2c": [0.785617470741272, -0.6187125444412231, -1.1467128757658429e-07, -0.1490405648946762, -0.18924587965011597, -0.9705529808998108, 0.6004932522773743, 0.7624833583831787, -0.24088814854621887], "cam_t_w2c": [-250.29379272460938, -4353490.0, -1079477.625], "depth_scale": 1.0},
  "1": {"cam_K": [711.1112738715278, 0.0, 255.5, 0.0, 711.1112738715278, 255.5, 0.0, 0.0, 1.0], "cam_R_w2c": [-0.9610691070556641, 0.27630814909935, -5.317028239915089e-08, 0.08929431438446045, 0.3105878531932831, -0.9463412165641785, -0.26148176193237305, -0.9094992876052856, -0.32316914200782776], "cam_t_w2c": [239.63919067382812, -4244868.5, -1448688.625], "depth_scale": 1.0}
}