{
  "0": {"cam_K": [711.1112738715278, 0.0, 255.5, 0.0, 711.1112738715278, 255.5, 0.0, 0.0, 1.0], "cam_R_w2c": [-0.606850802898407, 0.7948157787322998, -2.50585685535043e-07, 0.7920807003974915, 0.6047624945640564, -0.08288852125406265, -0.06588095426559448, -0.050301164388656616, -0.9965588450431824], "cam_t_w2c": [3472.87353515625, -366407.21875, -4317737.0], "depth_scale": 1.0},
  "1": {"cam_K": [711.1112738715278, 0.0, 255.5, 0.0, 711.1112738715278, 255.5, 0.0, 0.0, 1.0], "cam_R_w2c": [-0.6323729753494263, 0.7746641635894775, -4.9545196389999546e-08, 0.715835452079773, 0.5843498706817627, -0.38224977254867554, -0.2961151599884033, -0.24172443151474, -0.9240590929985046], "cam_t_w2c": [3705.472412109375, -1663231.375, -4001383.0], "depth_scale": 1.0}
}