{
  "0": [{"cam_R_m2c": [-0.32703834772109985, -0.49616947770118713, 0.8042771220207214, -0.8520802855491638, 0.5228645205497742, -0.023914070799946785, -0.4086625277996063, -0.6931294798851013, -0.5937729477882385], "cam_t_m2c": [315.3995056152344, -25.694252014160156, 538.215087890625], "obj_id": 2}],
  "1": [{"cam_R_m2c": [-0.30035731196403503, -0.5147171020507812, 0.8030266761779785, -0.9454605579376221, 0.27192404866218567, -0.17933659255504608, -0.12605462968349457, -0.8130950927734375, -0.5683190822601318], "cam_t_m2c": [315.2857360839844, -101.88221740722656, 583.45556640625], "obj_id": 2}]
}