{
  "0": {"cam_K": [2346.1825408935547, 0.0, 956.150695733726, 0.0, 2351.0241982895623, 613.6550906152873, 0.0, 0.0, 1.0], "cam_R_w2c": [-0.4856797456741333, 0.8741368651390076, -6.852062028883665e-08, 0.5586025714874268, 0.3103654384613037, -0.769179105758667, -0.6723677515983582, -0.37357470393180847, -0.639033317565918], "cam_t_w2c": [-117.93280029296875, 179.88865661621094, 833.0497436523438], "depth_scale": 1.0},
  "1": {"cam_K": [2346.1825408935547, 0.0, 956.150695733726, 0.0, 2351.0241982895623, 613.6550906152873, 0.0, 0.0, 1.0], "cam_R_w2c": [0.23293685913085938, 0.9724918603897095, 1.4340594134409912e-07, 0.588512122631073, -0.14096371829509735, -0.7961047291755676, -0.7742053270339966, 0.1854422241449356, -0.6051589250564575], "cam_t_w2c": [-7.098569393157959, 215.93373107910156, 803.885986328125], "depth_scale": 1.0}
}