{
  "0": {"cam_K": [711.1112738715278, 0.0, 255.5, 0.0, 711.1112738715278, 255.5, 0.0, 0.0, 1.0], "cam_R_w2c": [0.09375181794166565, -0.9955918192863464, 0.0027325067203491926, -0.6401739120483398, -0.06238466873764992, -0.7656927704811096, 0.7624879479408264, 0.07003577798604965, -0.6432005763053894], "cam_t_w2c": [-56.52618408203125, 157.24021911621094, 246.0441131591797], "depth_scale": 1.0},
  "1": {"cam_K": [711.1112738715278, 0.0, 255.5, 0.0, 711.1112738715278, 255.5, 0.0, 0.0, 1.0], "cam_R_w2c": [-0.6291499733924866, 0.7298175692558289, 0.26746323704719543, 0.03621282801032066, 0.37124764919281006, -0.9278274774551392, -0.776439905166626, -0.5740570425987244, -0.25999918580055237], "cam_t_w2c": [170.20526123046875, 14.475627899169922, 618.6275634765625], "depth_scale": 1.0},
  "2": {"cam_K": [711.1112738715278, 0.0, 255.5, 0.0, 711.1112738715278, 255.5, 0.0, 0.0, 1.0], "cam_R_w2c": [-0.6291499733924866, 0.7298175692558289, 0.26746323704719543, 0.03621282801032066, 0.37124764919281006, -0.9278274774551392, -0.776439905166626, -0.5740570425987244, -0.25999918580055237], "cam_t_w2c": [170.20526123046875, 14.475627899169922, 618.6275634765625], "depth_scale": 1.0},
  "3": {"cam_K": [711.1112738715278, 0.0, 255.5, 0.0, 711.1112738715278, 255.5, 0.0, 0.0, 1.0], "cam_R_w2c": [0.6939659714698792, -0.7054623365402222, -0.1439933031797409, -0.36445075273513794, -0.1716964840888977, -0.9152572154998779, 0.6209564208984375, 0.6876357793807983, -0.3762578070163727], "cam_t_w2c": [-185.50555419921875, 90.82335662841797, 437.5029602050781], "depth_scale": 1.0},
  "4": {"cam_K": [711.1112738715278, 0.0, 255.5, 0.0, 711.1112738715278, 255.5, 0.0, 0.0, 1.0], "cam_R_w2c": [0.6939659714698792, -0.7054623365402222, -0.1439933031797409, -0.36445075273513794, -0.1716964840888977, -0.9152572154998779, 0.6209564208984375, 0.6876357793807983, -0.3762578070163727], "cam_t_w2c": [-185.50555419921875, 90.82335662841797, 437.5029602050781], "depth_scale": 1.0},
  "5": {"cam_K": [711.1112738715278, 0.0, 255.5, 0.0, 711.1112738715278, 255.5, 0.0, 0.0, 1.0], "cam_R_w2c": [-0.6372066140174866, 0.7486710548400879, -0.182919442653656, 0.35707902908325195, 0.0764637440443039, -0.930939257144928, -0.6829805374145508, -0.6585173010826111, -0.3160579800605774], "cam_t_w2c": [177.84930419921875, -70.3990478515625, 697.419921875], "depth_scale": 1.0},
  "6": {"cam_K": [711.1112738715278, 0.0, 255.5, 0.0, 711.1112738715278, 255.5, 0.0, 0.0, 1.0], "cam_R_w2c": [-0.6372066140174866, 0.7486710548400879, -0.182919442653656, 0.35707902908325195, 0.0764637440443039, -0.930939257144928, -0.6829805374145508, -0.6585173010826111, -0.3160579800605774], "cam_t_w2c": [177.84930419921875, -70.3990478515625, 697.419921875], "depth_scale": 1.0},
  "7": {"cam_K": [711.1112738715278, 0.0, 255.5, 0.0, 711.1112738715278, 255.5, 0.0, 0.0, 1.0], "cam_R_w2c": [-0.10317867994308472, -0.985650360584259, 0.13359445333480835, -0.70783531665802, -0.021600382402539253, -0.7060471177101135, 0.6988012790679932, -0.1674119085073471, -0.6954494714736938], "cam_t_w2c": [-12.777867317199707, 174.0131378173828, 304.2570495605469], "depth_scale": 1.0},
  "8": {"cam_K": [711.1112738715278, 0.0, 255.5, 0.0, 711.1112738715278, 255.5, 0.0, 0.0, 1.0], "cam_R_w2c": [-0.10317867994308472, -0.985650360584259, 0.13359445333480835, -0.70783531665802, -0.021600382402539253, -0.7060471177101135, 0.6988012790679932, -0.1674119085073471, -0.6954494714736938], "cam_t_w2c": [-12.777867317199707, 174.0131378173828, 304.2570495605469], "depth_scale": 1.0},
  "9": {"cam_K": [711.1112738715278, 0.0, 255.5, 0.0, 711.1112738715278, 255.5, 0.0, 0.0, 1.0], "cam_R_w2c": [-0.49431338906288147, -0.8566141724586487, -0.147873193025589, -0.48865827918052673, 0.41451045870780945, -0.7677201628684998, 0.718934953212738, -0.30723485350608826, -0.6234896779060364], "cam_t_w2c": [84.68940734863281, 139.4469451904297, 427.26007080078125], "depth_scale": 1.0}
}