{
  "0": {"cam_K": [711.1112738715278, 0.0, 255.5, 0.0, 711.1112738715278, 255.5, 0.0, 0.0, 1.0], "cam_R_w2c": [0.9094362258911133, -0.4158434271812439, -9.796330857625435e-08, -0.39551445841789246, -0.8649773597717285, -0.3088406026363373, 0.12842924892902374, 0.28087088465690613, -0.9511138796806335], "cam_t_w2c": [-94.81597900390625, -1385198.125, -4265625.5], "depth_scale": 1.0},
  "1": {"cam_K": [711.1112738715278, 0.0, 255.5, 0.0, 711.1112738715278, 255.5, 0.0, 0.0, 1.0], "cam_R_w2c": [-0.8150674700737, -0.5793664455413818, -1.3805262710775423e-07, -0.1983652561903, 0.2790653705596924, -0.9395604729652405, 0.5443497896194458, -0.7658049464225769, -0.34238341450691223], "cam_t_w2c": [171.11024475097656, -4214487.5, -1534830.75], "depth_scale": 1.0}
}