{
  "0": {"cam_K": [2346.1825408935547, 0.0, 956.150695733726, 0.0, 2351.0241982895623, 613.6550906152873, 0.0, 0.0, 1.0], "cam_R_w2c": [-0.9316213130950928, 0.36343061923980713, -7.904739618425083e-08, 0.1858581304550171, 0.47643017768859863, -0.859343409538269, -0.31231164932250977, -0.8005825877189636, -0.5113990902900696], "cam_t_w2c": [-358.9530334472656, -181.7944793701172, 744.5353393554688], "depth_scale": 1.0},
  "1": {"cam_K": [2346.1825408935547, 0.0, 956.150695733726, 0.0, 2351.0241982895623, 613.6550906152873, 0.0, 0.0, 1.0], "cam_R_w2c": [0.5712484121322632, -0.8207772970199585, -8.34052258369411e-08, -0.5012442469596863, -0.3488583564758301, -0.7918663620948792, 0.6499457955360413, 0.45235246419906616, -0.6106946468353271], "cam_t_w2c": [297.9336853027344, -271.0155944824219, 758.461181640625], "depth_scale": 1.0}
}