{
  "0": {"cam_K": [2346.1825408935547, 0.0, 956.150695733726, 0.0, 2351.0241982895623, 613.6550906152873, 0.0, 0.0, 1.0], "cam_R_w2c": [0.9443830847740173, -0.32884740829467773, -4.096543904097416e-08, -0.14987850189208984, -0.4304206371307373, -0.8900980949401855, 0.2927064299583435, 0.8405935764312744, -0.4557691216468811], "cam_t_w2c": [9.918932914733887, 299.7270202636719, 1358.3585205078125], "depth_scale": 1.0},
  "1": {"cam_K": [2346.1825408935547, 0.0, 956.150695733726, 0.0, 2351.0241982895623, 613.6550906152873, 0.0, 0.0, 1.0], "cam_R_w2c": [0.8525247573852539, -0.5226868987083435, -3.123449943132073e-08, -0.22679699957370758, -0.3699157238006592, -0.900958240032196, 0.47091901302337646, 0.768089234828949, -0.4339061379432678], "cam_t_w2c": [-53.8242301940918, 316.2373046875, 1270.410888671875], "depth_scale": 1.0}
}