{
  "0": {"cam_K": [711.1112738715278, 0.0, 255.5, 0.0, 711.1112738715278, 255.5, 0.0, 0.0, 1.0], "cam_R_w2c": [0.2564355432987213, 0.9665613770484924, 2.1407693395758542e-07, 0.9660962224006653, -0.2563122510910034, -0.031020542606711388, -0.02998320199549198, 0.007954978384077549, -0.999518871307373], "cam_t_w2c": [-31.247804641723633, -258.4924011230469, 1296.30908203125], "depth_scale": 1.0},
  "1": {"cam_K": [711.1112738715278, 0.0, 255.5, 0.0, 711.1112738715278, 255.5, 0.0, 0.0, 1.0], "cam_R_w2c": [0.33233389258384705, 0.9431618452072144, 2.8484245717663725e-07, 0.910653829574585, -0.32087934017181396, -0.2602810859680176, -0.2454870641231537, 0.08650048822164536, -0.9655330181121826], "cam_t_w2c": [-52.53565216064453, -165.8575897216797, 1423.508056640625], "depth_scale": 1.0}
}