{
  "0": {"cam_K": [711.1112738715278, 0.0, 255.5, 0.0, 711.1112738715278, 255.5, 0.0, 0.0, 1.0], "cam_R_w2c": [-0.9993733167648315, 0.03539743646979332, -4.577361423230286e-08, 0.030839286744594574, 0.8706827163696289, -0.49087730050086975, -0.017375759780406952, -0.49056968092918396, -0.8712286949157715], "cam_t_w2c": [-232.48829650878906, -2201717.0, -3906993.5], "depth_scale": 1.0},
  "1": {"cam_K": [711.1112738715278, 0.0, 255.5, 0.0, 711.1112738715278, 255.5, 0.0, 0.0, 1.0], "cam_R_w2c": [-0.6555874347686768, -0.755119264125824, 1.923537098491579e-07, -0.7270078659057617, 0.6311812996864319, -0.27031418681144714, 0.20411932468414307, -0.17721471190452576, -0.9627721905708313], "cam_t_w2c": [-291.2370910644531, -1212582.125, -4317720.0], "depth_scale": 1.0}
}