{
  "0": {"cam_K": [2346.1825408935547, 0.0, 956.150695733726, 0.0, 2351.0241982895623, 613.6550906152873, 0.0, 0.0, 1.0], "cam_R_w2c": [-0.9649941921234131, 0.25224658846855164, -0.07181978225708008, 0.2191886007785797, 0.6252741813659668, -0.7489916682243347, -0.14402352273464203, -0.7385146617889404, -0.6586755514144897], "cam_t_w2c": [69.01575469970703, 122.0953369140625, 539.5377197265625], "depth_scale": 1.0},
  "1": {"cam_K": [2346.1825408935547, 0.0, 956.150695733726, 0.0, 2351.0241982895623, 613.6550906152873, 0.0, 0.0, 1.0], "cam_R_w2c": [0.9985353350639343, 0.035605289041996, 0.040736909955739975, 0.053988177329301834, -0.6065008044242859, -0.7932478785514832, -0.0035368530079722404, 0.7942852973937988, -0.6075347065925598], "cam_t_w2c": [-28.72038459777832, -38.81639099121094, 742.7077026367188], "depth_scale": 1.0}
}