{
  "0": {"cam_K": [711.1112738715278, 0.0, 255.5, 0.0, 711.1112738715278, 255.5, 0.0, 0.0, 1.0], "cam_R_w2c": [-0.4501107931137085, 0.8926453590393066, 0.024181591346859932, 0.23055154085159302, 0.1423305720090866, -0.9625944495201111, -0.862697184085846, -0.4276989698410034, -0.26986536383628845], "cam_t_w2c": [-329.8342590332031, -90.5628662109375, 511.18951416015625], "depth_scale": 1.0}
}