{
  "0": {"cam_K": [711.1112738715278, 0.0, 255.5, 0.0, 711.1112738715278, 255.5, 0.0, 0.0, 1.0], "cam_R_w2c": [-0.9333087801933289, 0.3590747117996216, -5.571011740812537e-08, 0.15715596079826355, 0.4084804356098175, -0.8991361260414124, -0.3228570222854614, -0.8391716480255127, -0.43766912817955017], "cam_t_w2c": [93.30085754394531, 157.19261169433594, 1150.4090576171875], "depth_scale": 1.0},
  "1": {"cam_K": [711.1112738715278, 0.0, 255.5, 0.0, 711.1112738715278, 255.5, 0.0, 0.0, 1.0], "cam_R_w2c": [-0.26862406730651855, -0.963245153427124, -2.0832781899571273e-07, -0.46228593587875366, 0.12891969084739685, -0.8773092031478882, 0.8450638651847839, -0.23566624522209167, -0.47992563247680664], "cam_t_w2c": [93.0318374633789, 246.34564208984375, 850.2129516601562], "depth_scale": 1.0}
}