{
  "0": {"cam_K": [711.1112738715278, 0.0, 255.5, 0.0, 711.1112738715278, 255.5, 0.0, 0.0, 1.0], "cam_R_w2c": [0.6835382580757141, -0.729914665222168, -3.4967989392953314e-08, -0.3870631754398346, -0.3624703586101532, -0.8478191494941711, 0.6188356280326843, 0.5795168280601501, -0.5302854776382446], "cam_t_w2c": [-82.21178436279297, 197.83935546875, 989.016357421875], "depth_scale": 1.0},
  "1": {"cam_K": [711.1112738715278, 0.0, 255.5, 0.0, 711.1112738715278, 255.5, 0.0, 0.0, 1.0], "cam_R_w2c": [-0.9606795310974121, -0.27765974402427673, 2.2473585659099626e-08, -0.17388507723808289, 0.6016277074813843, -0.7796204686164856, 0.21646921336650848, -0.7489653825759888, -0.6262523531913757], "cam_t_w2c": [-9.407074928283691, 268.2850341796875, 1051.531494140625], "depth_scale": 1.0}
}