{
  "0": {"cam_K": [711.1112738715278, 0.0, 255.5, 0.0, 711.1112738715278, 255.5, 0.0, 0.0, 1.0], "cam_R_w2c": [-0.9496709108352661, 0.3132498860359192, -9.604676876051599e-08, 0.07912627607584, 0.23988451063632965, -0.967571496963501, -0.3030916154384613, -0.9188743233680725, -0.25259777903556824], "cam_t_w2c": [-16.82567596435547, 217.7710418701172, 795.1135864257812], "depth_scale": 1.0},
  "1": {"cam_K": [711.1112738715278, 0.0, 255.5, 0.0, 711.1112738715278, 255.5, 0.0, 0.0, 1.0], "cam_R_w2c": [-0.27484583854675293, 0.9614882469177246, -8.421196895369576e-08, 0.7910250425338745, 0.22611813247203827, -0.5684627890586853, -0.5465703010559082, -0.15623971819877625, -0.8227089047431946], "cam_t_w2c": [6.839121341705322, 145.58233642578125, 991.1860961914062], "depth_scale": 1.0}
}