{
  "0": {"cam_K": [711.1112738715278, 0.0, 255.5, 0.0, 711.1112738715278, 255.5, 0.0, 0.0, 1.0], "cam_R_w2c": [-0.7190293669700623, -0.4384266436100006, -0.5392392873764038, -0.029251262545585632, 0.7943105101585388, -0.6068074107170105, 0.6943639516830444, -0.42053887248039246, -0.5839571356773376], "cam_t_w2c": [13.841320991516113, -2.317500114440918, 440.7276916503906], "depth_scale": 1.0}
}