{
  "0": {"cam_K": [711.1112738715278, 0.0, 255.5, 0.0, 711.1112738715278, 255.5, 0.0, 0.0, 1.0], "cam_R_w2c": [-0.5730898380279541, -0.819492518901825, 3.251347280297523e-08, -0.8000425696372986, 0.55948805809021, -0.2165755331516266, 0.177482008934021, -0.12411727011203766, -0.9762657880783081], "cam_t_w2c": [1925.130615234375, -971196.9375, -4377200.0], "depth_scale": 1.0},
  "1": {"cam_K": [711.1112738715278, 0.0, 255.5, 0.0, 711.1112738715278, 255.5, 0.0, 0.0, 1.0], "cam_R_w2c": [-0.49794256687164307, -0.8672100305557251, -3.780244028916968e-08, -0.5689162611961365, 0.3266655504703522, -0.7547343373298645, 0.6545131802558899, -0.3758143186569214, -0.656030535697937], "cam_t_w2c": [1914.42529296875, -3384447.75, -2941166.0], "depth_scale": 1.0}
}