{
  "0": [{"cam_R_m2c": [-0.8048536777496338, 0.5814679861068726, -0.11876688152551651, 0.045650187879800797, -0.13887150585651398, -0.9892576932907104, -0.5917149782180786, -0.8016294240951538, 0.0852271020412445], "cam_t_m2c": [6.696626663208008, -466.211669921875, 911.117919921875], "obj_id": 0}, {"cam_R_m2c": [0.0655469298362732, 0.1303872913122177, -0.9892940521240234, -0.7420791387557983, 0.6691750884056091, 0.039028774946928024, 0.6670997738838196, 0.7315762639045715, 0.14062006771564484], "cam_t_m2c": [-6961.24951171875, 36433.18359375, 17958.716796875], "obj_id": 2}],
  "1": [{"cam_R_m2c": [-0.8286116123199463, -0.4702663719654083, 0.30373087525367737, -0.4183456003665924, 0.159621000289917, -0.8941521644592285, 0.3720078766345978, -0.8679693341255188, -0.32899773120880127], "cam_t_m2c": [89.39128875732422, -391.077880859375, 797.5609130859375], "obj_id": 0}, {"cam_R_m2c": [0.8218361735343933, 0.5173430442810059, -0.23862400650978088, -0.5617300868034363, 0.6658887267112732, -0.49096986651420593, -0.09510283917188644, 0.5375390648841858, 0.8378586769104004], "cam_t_m2c": [2752.484619140625, 27731.97265625, 30842.759765625], "obj_id": 2}]
}