{
  "0": {"cam_K": [711.1112738715278, 0.0, 255.5, 0.0, 711.1112738715278, 255.5, 0.0, 0.0, 1.0], "cam_R_w2c": [-0.8823328018188477, 0.47062602639198303, -3.1837746661267374e-08, 0.13756051659584045, 0.25789928436279297, -0.9563289880752563, -0.4500732719898224, -0.84380042552948, -0.2922925651073456], "cam_t_w2c": [-7210.85693359375, -4253176.5, -1293033.875], "depth_scale": 1.0},
  "1": {"cam_K": [711.1112738715278, 0.0, 255.5, 0.0, 711.1112738715278, 255.5, 0.0, 0.0, 1.0], "cam_R_w2c": [-0.7548828721046448, -0.6558597683906555, -1.4969380401907983e-07, -0.376201868057251, 0.43300169706344604, -0.8191347718238831, 0.5372375845909119, -0.618350625038147, -0.573601245880127], "cam_t_w2c": [2737.91455078125, -3646622.5, -2541815.0], "depth_scale": 1.0}
}