{
  "0": {"cam_K": [711.1112738715278, 0.0, 255.5, 0.0, 711.1112738715278, 255.5, 0.0, 0.0, 1.0], "cam_R_w2c": [-0.7811407446861267, -0.5701763033866882, 0.2543970048427582, -0.4409060776233673, 0.2152653932571411, -0.871356725692749, 0.4420641362667084, -0.7928175330162048, -0.4195466935634613], "cam_t_w2c": [-73.50676727294922, -38.06217575073242, 425.20556640625], "depth_scale": 1.0},
  "1": {"cam_K": [711.1112738715278, 0.0, 255.5, 0.0, 711.1112738715278, 255.5, 0.0, 0.0, 1.0], "cam_R_w2c": [-0.7811407446861267, -0.5701763033866882, 0.2543970048427582, -0.4409060776233673, 0.2152653932571411, -0.871356725692749, 0.4420641362667084, -0.7928175330162048, -0.4195466935634613], "cam_t_w2c": [-73.50676727294922, -38.06217575073242, 425.20556640625], "depth_scale": 1.0},
  "2": {"cam_K": [711.1112738715278, 0.0, 255.5, 0.0, 711.1112738715278, 255.5, 0.0, 0.0, 1.0], "cam_R_w2c": [-0.7811407446861267, -0.5701763033866882, 0.2543970048427582, -0.4409060776233673, 0.2152653932571411, -0.871356725692749, 0.4420641362667084, -0.7928175330162048, -0.4195466935634613], "cam_t_w2c": [-73.50676727294922, -38.06217575073242, 425.20556640625], "depth_scale": 1.0}
}