{
  "0": {"cam_K": [711.1112738715278, 0.0, 255.5, 0.0, 711.1112738715278, 255.5, 0.0, 0.0, 1.0], "cam_R_w2c": [0.7102164030075073, -0.5330296158790588, -0.45986098051071167, -0.6832978129386902, -0.36476022005081177, -0.6324983239173889, 0.1694013476371765, 0.7634326815605164, -0.6232766509056091], "cam_t_w2c": [220.91287231445312, 277.2738037109375, 531.770751953125], "depth_scale": 1.0},
  "1": {"cam_K": [711.1112738715278, 0.0, 255.5, 0.0, 711.1112738715278, 255.5, 0.0, 0.0, 1.0], "cam_R_w2c": [0.7102164030075073, -0.5330296158790588, -0.45986098051071167, -0.6832978129386902, -0.36476022005081177, -0.6324983239173889, 0.1694013476371765, 0.7634326815605164, -0.6232766509056091], "cam_t_w2c": [220.91287231445312, 277.2738037109375, 531.770751953125], "depth_scale": 1.0},
  "2": {"cam_K": [711.1112738715278, 0.0, 255.5, 0.0, 711.1112738715278, 255.5, 0.0, 0.0, 1.0], "cam_R_w2c": [0.7102164030075073, -0.5330296158790588, -0.45986098051071167, -0.6832978129386902, -0.36476022005081177, -0.6324983239173889, 0.1694013476371765, 0.7634326815605164, -0.6232766509056091], "cam_t_w2c": [220.91287231445312, 277.2738037109375, 531.770751953125], "depth_scale": 1.0},
  "3": {"cam_K": [711.1112738715278, 0.0, 255.5, 0.0, 711.1112738715278, 255.5, 0.0, 0.0, 1.0], "cam_R_w2c": [0.7102164030075073, -0.5330296158790588, -0.45986098051071167, -0.6832978129386902, -0.36476022005081177, -0.6324983239173889, 0.1694013476371765, 0.7634326815605164, -0.6232766509056091], "cam_t_w2c": [220.91287231445312, 277.2738037109375, 531.770751953125], "depth_scale": 1.0},
  "4": {"cam_K": [711.1112738715278, 0.0, 255.5, 0.0, 711.1112738715278, 255.5, 0.0, 0.0, 1.0], "cam_R_w2c": [0.7102164030075073, -0.5330296158790588, -0.45986098051071167, -0.6832978129386902, -0.36476022005081177, -0.6324983239173889, 0.1694013476371765, 0.7634326815605164, -0.6232766509056091], "cam_t_w2c": [220.91287231445312, 277.2738037109375, 531.770751953125], "depth_scale": 1.0},
  "5": {"cam_K": [711.1112738715278, 0.0, 255.5, 0.0, 711.1112738715278, 255.5, 0.0, 0.0, 1.0], "cam_R_w2c": [0.7102164030075073, -0.5330296158790588, -0.45986098051071167, -0.6832978129386902, -0.36476022005081177, -0.6324983239173889, 0.1694013476371765, 0.7634326815605164, -0.6232766509056091], "cam_t_w2c": [220.91287231445312, 277.2738037109375, 531.770751953125], "depth_scale": 1.0},
  "6": {"cam_K": [711.1112738715278, 0.0, 255.5, 0.0, 711.1112738715278, 255.5, 0.0, 0.0, 1.0], "cam_R_w2c": [0.7102164030075073, -0.5330296158790588, -0.45986098051071167, -0.6832978129386902, -0.36476022005081177, -0.6324983239173889, 0.1694013476371765, 0.7634326815605164, -0.6232766509056091], "cam_t_w2c": [220.91287231445312, 277.2738037109375, 531.770751953125], "depth_scale": 1.0},
  "7": {"cam_K": [711.1112738715278, 0.0, 255.5, 0.0, 711.1112738715278, 255.5, 0.0, 0.0, 1.0], "cam_R_w2c": [0.7102164030075073, -0.5330296158790588, -0.45986098051071167, -0.6832978129386902, -0.36476022005081177, -0.6324983239173889, 0.1694013476371765, 0.7634326815605164, -0.6232766509056091], "cam_t_w2c": [220.91287231445312, 277.2738037109375, 531.770751953125], "depth_scale": 1.0},
  "8": {"cam_K": [711.1112738715278, 0.0, 255.5, 0.0, 711.1112738715278, 255.5, 0.0, 0.0, 1.0], "cam_R_w2c": [0.7102164030075073, -0.5330296158790588, -0.45986098051071167, -0.6832978129386902, -0.36476022005081177, -0.6324983239173889, 0.1694013476371765, 0.7634326815605164, -0.6232766509056091], "cam_t_w2c": [220.91287231445312, 277.2738037109375, 531.770751953125], "depth_scale": 1.0},
  "9": {"cam_K": [711.1112738715278, 0.0, 255.5, 0.0, 711.1112738715278, 255.5, 0.0, 0.0, 1.0], "cam_R_w2c": [0.7102164030075073, -0.5330296158790588, -0.45986098051071167, -0.6832978129386902, -0.36476022005081177, -0.6324983239173889, 0.1694013476371765, 0.7634326815605164, -0.6232766509056091], "cam_t_w2c": [220.91287231445312, 277.2738037109375, 531.770751953125], "depth_scale": 1.0}
}