{
  "0": {"cam_K": [711.1112738715278, 0.0, 255.5, 0.0, 711.1112738715278, 255.5, 0.0, 0.0, 1.0], "cam_R_w2c": [0.0335569828748703, -0.9994369149208069, 2.051734782071435e-09, -0.6092385649681091, -0.020455917343497276, -0.7927232384681702, 0.7922767996788025, 0.026601487770676613, -0.6095820069313049], "cam_t_w2c": [31.397525787353516, -67.14824676513672, 818.58447265625], "depth_scale": 1.0},
  "1": {"cam_K": [711.1112738715278, 0.0, 255.5, 0.0, 711.1112738715278, 255.5, 0.0, 0.0, 1.0], "cam_R_w2c": [-0.7990318536758423, -0.6012887954711914, -1.2515081948549778e-07, -0.11416926980018616, 0.15171575546264648, -0.9818084239959717, 0.5903503894805908, -0.7844961285591125, -0.18987447023391724], "cam_t_w2c": [39.31662368774414, -104.84320831298828, 985.7340698242188], "depth_scale": 1.0}
}