{
  "0": {"cam_K": [711.1112738715278, 0.0, 255.5, 0.0, 711.1112738715278, 255.5, 0.0, 0.0, 1.0], "cam_R_w2c": [-0.059731192886829376, -0.9982146620750427, 1.9815880136775377e-07, -0.7530425190925598, 0.04506021365523338, -0.6564273238182068, 0.6552552580833435, -0.03920924291014671, -0.7543895840644836], "cam_t_w2c": [2911.224609375, -2939228.0, -3373208.5], "depth_scale": 1.0},
  "1": {"cam_K": [711.1112738715278, 0.0, 255.5, 0.0, 711.1112738715278, 255.5, 0.0, 0.0, 1.0], "cam_R_w2c": [-0.9898163080215454, 0.14235152304172516, -5.015695236920692e-08, 0.09213661402463913, 0.6406553387641907, -0.7622805237770081, -0.10851175338029861, -0.7545176148414612, -0.6472470164299011], "cam_t_w2c": [-2672.867919921875, -3412807.5, -2893172.5], "depth_scale": 1.0}
}