{
  "0": {"cam_K": [2346.1825408935547, 0.0, 956.150695733726, 0.0, 2351.0241982895623, 613.6550906152873, 0.0, 0.0, 1.0], "cam_R_w2c": [0.9156783223152161, 0.4019119441509247, -8.563819875462286e-09, 0.17360402643680573, -0.39552319049835205, -0.9018997550010681, -0.36248427629470825, 0.8258500695228577, -0.4319455623626709], "cam_t_w2c": [-51.55080032348633, 116.61406707763672, 1107.578857421875], "depth_scale": 1.0}
}