{
  "0": [{"cam_R_m2c": [-0.8810423612594604, -0.3769681751728058, -0.28576070070266724, -0.017681274563074112, 0.6299192905426025, -0.776459276676178, 0.4727066457271576, -0.6790409684181213, -0.561650812625885], "cam_t_m2c": [42.58470916748047, 37.21390151977539, 1071.6998291015625], "obj_id": 1}, {"cam_R_m2c": [-0.6993946433067322, -0.40145260095596313, -0.5913399457931519, -0.6680892109870911, 0.07320328801870346, 0.7404715418815613, -0.2539761960506439, 0.9129496812820435, -0.31940412521362305], "cam_t_m2c": [7.653421198483557e-05, 0.00015227124094963074, 1087.43359375], "obj_id": 1}, {"cam_R_m2c": [0.48287084698677063, 0.6890396475791931, -0.5404257774353027, -0.5575875043869019, 0.717792809009552, 0.4169767200946808, 0.6752272248268127, 0.09998878091573715, 0.7308011651039124], "cam_t_m2c": [-10.898422241210938, 18.121349334716797, 1154.7855224609375], "obj_id": 2}, {"cam_R_m2c": [-0.6072244048118591, 0.7810156941413879, -0.14592058956623077, -0.7906205654144287, -0.6121557950973511, 0.013574491254985332, -0.07872425019741058, 0.12361057847738266, 0.989203155040741], "cam_t_m2c": [-92.41185760498047, -27.693655014038086, 1114.45361328125], "obj_id": 1}]
}