{
  "0": {"cam_K": [711.1112738715278, 0.0, 255.5, 0.0, 711.1112738715278, 255.5, 0.0, 0.0, 1.0], "cam_R_w2c": [-0.7905037999153137, -0.5505785942077637, -0.26826635003089905, -0.441444993019104, 0.815829336643219, -0.3735623061656952, 0.42453497648239136, -0.17687760293483734, -0.8879663348197937], "cam_t_w2c": [-83.7656478881836, 123.17949676513672, 173.1536865234375], "depth_scale": 1.0},
  "1": {"cam_K": [711.1112738715278, 0.0, 255.5, 0.0, 711.1112738715278, 255.5, 0.0, 0.0, 1.0], "cam_R_w2c": [0.9271028637886047, 0.12810532748699188, -0.352234810590744, -0.16092230379581451, -0.7127001285552979, -0.6827610731124878, -0.3385030925273895, 0.6896721720695496, -0.6401312947273254], "cam_t_w2c": [37.31370544433594, -92.90133666992188, 291.95513916015625], "depth_scale": 1.0}
}