{
  "0": {"cam_K": [2346.1825408935547, 0.0, 956.150695733726, 0.0, 2351.0241982895623, 613.6550906152873, 0.0, 0.0, 1.0], "cam_R_w2c": [-0.11463510245084763, 0.9934076070785522, -9.027617409174127e-08, 0.6020364761352539, 0.06947248429059982, -0.7954404950141907, -0.7901966571807861, -0.09118548780679703, -0.606031596660614], "cam_t_w2c": [-75.16590881347656, -38.56320571899414, 856.426513671875], "depth_scale": 1.0},
  "1": {"cam_K": [2346.1825408935547, 0.0, 956.150695733726, 0.0, 2351.0241982895623, 613.6550906152873, 0.0, 0.0, 1.0], "cam_R_w2c": [-0.22602330148220062, 0.9741219878196716, -1.7864431356429122e-07, 0.47455427050590515, 0.11010946333408356, -0.87331223487854, -0.8507125973701477, -0.1973889172077179, -0.4871610999107361], "cam_t_w2c": [-53.228111267089844, -65.17138671875, 782.4341430664062], "depth_scale": 1.0},
  "2": {"cam_K": [2346.1825408935547, 0.0, 956.150695733726, 0.0, 2351.0241982895623, 613.6550906152873, 0.0, 0.0, 1.0], "cam_R_w2c": [0.1557859629392624, -0.9877907633781433, -9.576886839113286e-09, -0.5870243310928345, -0.0925803855061531, -0.8042581677436829, 0.7944388389587402, 0.1252920925617218, -0.5942798852920532], "cam_t_w2c": [58.04450225830078, -95.18042755126953, 716.4716796875], "depth_scale": 1.0},
  "3": {"cam_K": [2346.1825408935547, 0.0, 956.150695733726, 0.0, 2351.0241982895623, 613.6550906152873, 0.0, 0.0, 1.0], "cam_R_w2c": [-0.11270817369222641, -0.993628203868866, -3.205830267916099e-08, -0.6794971227645874, 0.07707593590021133, -0.7296184301376343, 0.7249694466590881, -0.08223390579223633, -0.6838545799255371], "cam_t_w2c": [46.19588851928711, -108.01133728027344, 744.3576049804688], "depth_scale": 1.0}
}