{
  "0": {"cam_K": [711.1112738715278, 0.0, 255.5, 0.0, 711.1112738715278, 255.5, 0.0, 0.0, 1.0], "cam_R_w2c": [-0.9826574921607971, 0.13115982711315155, -0.1310778260231018, 0.16466902196407318, 0.2922368049621582, -0.942062497138977, -0.08525498956441879, -0.9473092555999756, -0.3087666630744934], "cam_t_w2c": [-26.134258270263672, 70.75086212158203, 626.441650390625], "depth_scale": 1.0},
  "1": {"cam_K": [711.1112738715278, 0.0, 255.5, 0.0, 711.1112738715278, 255.5, 0.0, 0.0, 1.0], "cam_R_w2c": [-0.9826574921607971, 0.13115982711315155, -0.1310778260231018, 0.16466902196407318, 0.2922368049621582, -0.942062497138977, -0.08525498956441879, -0.9473092555999756, -0.3087666630744934], "cam_t_w2c": [-26.134258270263672, 70.75086212158203, 626.441650390625], "depth_scale": 1.0},
  "2": {"cam_K": [711.1112738715278, 0.0, 255.5, 0.0, 711.1112738715278, 255.5, 0.0, 0.0, 1.0], "cam_R_w2c": [-0.9826574921607971, 0.13115982711315155, -0.1310778260231018, 0.16466902196407318, 0.2922368049621582, -0.942062497138977, -0.08525498956441879, -0.9473092555999756, -0.3087666630744934], "cam_t_w2c": [-26.134258270263672, 70.75086212158203, 626.441650390625], "depth_scale": 1.0}
}