{
  "0": {"cam_K": [2346.1825408935547, 0.0, 956.150695733726, 0.0, 2351.0241982895623, 613.6550906152873, 0.0, 0.0, 1.0], "cam_R_w2c": [0.5989454984664917, 0.8007897734642029, -7.152452496939077e-08, 0.34263259172439575, -0.25626999139785767, -0.9038410782814026, -0.7237867116928101, 0.5413515567779541, -0.42786848545074463], "cam_t_w2c": [-76.79669189453125, 389.9123840332031, 3255.645263671875], "depth_scale": 1.0}
}