{
  "0": [{"cam_R_m2c": [-0.8261904120445251, 0.30118802189826965, 0.4761250615119934, 0.5573210716247559, 0.5606404542922974, 0.6124340295791626, -0.0824771597981453, 0.7713416814804077, -0.631054162979126], "cam_t_m2c": [4351.07080078125, 18574.3125, 11238.6787109375], "obj_id": 2}, {"cam_R_m2c": [0.8631121516227722, 0.3727526068687439, 0.34072405099868774, 0.5003685355186462, -0.7224947810173035, -0.4771084487438202, 0.06832794845104218, 0.5822857022285461, -0.8101077079772949], "cam_t_m2c": [194.59664916992188, -293.61492919921875, 616.6102905273438], "obj_id": 0}],
  "1": [{"cam_R_m2c": [0.6554329991340637, -0.5082714557647705, 0.5586301684379578, 0.7279579043388367, 0.22809864580631256, -0.6465665698051453, 0.20120853185653687, 0.8304403424263, 0.5195035934448242], "cam_t_m2c": [-2254.575927734375, 4301.9677734375, 22176.578125], "obj_id": 2}, {"cam_R_m2c": [-0.21313391625881195, -0.9300232529640198, 0.29938334226608276, -0.6208595633506775, -0.10767704248428345, -0.7764913439750671, 0.7543918490409851, -0.35137179493904114, -0.5544641017913818], "cam_t_m2c": [39.267539978027344, -365.7337341308594, 751.2322387695312], "obj_id": 0}]
}