{
  "0": {"cam_K": [711.1112738715278, 0.0, 255.5, 0.0, 711.1112738715278, 255.5, 0.0, 0.0, 1.0], "cam_R_w2c": [0.8932644724845886, -0.44953152537345886, -9.095506214862326e-08, -0.21019290387630463, -0.41767433285713196, -0.8839497566223145, 0.39736324548721313, 0.7896009087562561, -0.46758195757865906], "cam_t_w2c": [4596.69091796875, -3946442.0, -2086221.25], "depth_scale": 1.0},
  "1": {"cam_K": [711.1112738715278, 0.0, 255.5, 0.0, 711.1112738715278, 255.5, 0.0, 0.0, 1.0], "cam_R_w2c": [-0.7890160083770752, -0.614372730255127, 1.0215718049266798e-08, -0.5715957283973694, 0.7340790033340454, -0.3666146695613861, 0.22523804008960724, -0.28926482796669006, -0.930372953414917], "cam_t_w2c": [-2288.36767578125, -1640426.5, -4151018.5], "depth_scale": 1.0}
}