{
  "0": {"cam_K": [711.1112738715278, 0.0, 255.5, 0.0, 711.1112738715278, 255.5, 0.0, 0.0, 1.0], "cam_R_w2c": [-0.27095675468444824, -0.88123619556427, -0.38730522990226746, -0.4901709258556366, 0.47259804606437683, -0.7323821187019348, 0.828441321849823, -0.0085980836302042, -0.5600100159645081], "cam_t_w2c": [318.3576354980469, -187.90792846679688, 266.3896484375], "depth_scale": 1.0}
}