{
  "0": {"cam_K": [711.1112738715278, 0.0, 255.5, 0.0, 711.1112738715278, 255.5, 0.0, 0.0, 1.0], "cam_R_w2c": [0.9986464381217957, -0.052012849599123, -4.2029166813506436e-09, -0.03641508147120476, -0.699169397354126, -0.7140282392501831, 0.03713863715529442, 0.7130617499351501, -0.7001170516014099], "cam_t_w2c": [-1738.0145263671875, -3204900.75, -3133636.5], "depth_scale": 1.0},
  "1": {"cam_K": [711.1112738715278, 0.0, 255.5, 0.0, 711.1112738715278, 255.5, 0.0, 0.0, 1.0], "cam_R_w2c": [-0.7265095114707947, -0.6871564984321594, -5.217362897269595e-08, -0.5248954892158508, 0.5549559593200684, -0.6453747749328613, 0.4434734582901001, -0.4688708484172821, -0.763866126537323], "cam_t_w2c": [-2871.607421875, -2889270.5, -3426788.0], "depth_scale": 1.0}
}