{
  "0": [{"cam_R_m2c": [-0.43155327439308167, 0.1142129972577095, -0.8948280811309814, -0.014027614146471024, 0.9909830093383789, 0.13325108587741852, 0.9019784331321716, 0.07005723565816879, -0.4260598421096802], "cam_t_m2c": [-396.4803466796875, 164.2947235107422, 763.0712890625], "obj_id": 0}, {"cam_R_m2c": [0.8119886517524719, 0.2647452652454376, -0.5201772451400757, -0.5827897191047668, 0.41676583886146545, -0.697611927986145, 0.03210265561938286, 0.8696069121360779, 0.4926999509334564], "cam_t_m2c": [-1677.77392578125, -1995.8836669921875, 6865.9921875], "obj_id": 0}],
  "1": [{"cam_R_m2c": [-0.17572417855262756, 0.38732436299324036, 0.9050418734550476, 0.9842748045921326, 0.08593921363353729, 0.15432937443256378, -0.018003055825829506, 0.9179293513298035, -0.3963351845741272], "cam_t_m2c": [453.75982666015625, 79.39851379394531, 827.887939453125], "obj_id": 0}, {"cam_R_m2c": [-0.8721066117286682, -0.42091861367225647, -0.24951453506946564, -0.4760582447052002, 0.6119807958602905, 0.6315441727638245, -0.1131306067109108, 0.6695573329925537, -0.7340942621231079], "cam_t_m2c": [-2912.33935546875, 5643.11376953125, -298.2350158691406], "obj_id": 0}]
}