{
  "0": {"cam_K": [711.1112738715278, 0.0, 255.5, 0.0, 711.1112738715278, 255.5, 0.0, 0.0, 1.0], "cam_R_w2c": [-0.7196791768074036, 0.6943068504333496, 0.0003463109605945647, 0.3196963369846344, 0.3318217098712921, -0.8875182867050171, -0.6163249015808105, -0.6386176347732544, -0.4607725739479065], "cam_t_w2c": [-62.11711120605469, -55.84259033203125, 470.3937072753906], "depth_scale": 1.0}
}