{
  "0": {"cam_K": [2346.1825408935547, 0.0, 956.150695733726, 0.0, 2351.0241982895623, 613.6550906152873, 0.0, 0.0, 1.0], "cam_R_w2c": [0.3228420317173004, -0.9464528560638428, 1.1355630391562954e-07, -0.09532876312732697, -0.0325174480676651, -0.9949145913124084, 0.94163978099823, 0.3212002217769623, -0.10072217136621475], "cam_t_w2c": [-14565.0615234375, -1691.83935546875, 17950.740234375], "depth_scale": 1.0}
}