{
  "0": [{"cam_R_m2c": [-0.20516742765903473, -0.1858295202255249, -0.9609233140945435, -0.2597786486148834, -0.9362537264823914, 0.2365243136882782, -0.9436213374137878, 0.29815447330474854, 0.14381437003612518], "cam_t_m2c": [-2612.83251953125, 47522.42578125, 40425.2734375], "obj_id": 2}, {"cam_R_m2c": [-0.41193655133247375, 0.8877626657485962, -0.20539133250713348, 0.4117891192436218, -0.019705768674612045, -0.9110660552978516, -0.8128578662872314, -0.4598793685436249, -0.35745343565940857], "cam_t_m2c": [-76.85621643066406, -371.9165954589844, 889.6619873046875], "obj_id": 2}],
  "1": [{"cam_R_m2c": [0.5844011902809143, -0.676786482334137, 0.44770002365112305, -0.6824473738670349, -0.11142048984766006, 0.7223925590515137, -0.43902257084846497, -0.727698802947998, -0.5269854068756104], "cam_t_m2c": [1937.354248046875, 51011.8984375, 35746.36328125], "obj_id": 2}, {"cam_R_m2c": [0.9767587184906006, -0.07150335609912872, -0.20206359028816223, -0.17483681440353394, -0.8111356496810913, -0.5581136345863342, -0.12399400770664215, 0.5804705023765564, -0.8047852516174316], "cam_t_m2c": [-53.011474609375, -265.49798583984375, 674.1699829101562], "obj_id": 2}]
}