{
  "0": {"cam_K": [711.1112738715278, 0.0, 255.5, 0.0, 711.1112738715278, 255.5, 0.0, 0.0, 1.0], "cam_R_w2c": [-0.8913447260856628, -0.45332595705986023, 1.5172362566318043e-07, -0.2942332625389099, 0.5785310864448547, -0.7607420682907104, 0.3448640704154968, -0.6780835390090942, -0.6490541696548462], "cam_t_w2c": [-2716.9443359375, -3364962.75, -2871204.0], "depth_scale": 1.0},
  "1": {"cam_K": [711.1112738715278, 0.0, 255.5, 0.0, 711.1112738715278, 255.5, 0.0, 0.0, 1.0], "cam_R_w2c": [-0.03225626423954964, 0.9994797706604004, -9.186548766138003e-08, 0.5888049006462097, 0.019002245739102364, -0.8080519437789917, -0.8076314330101013, -0.0260646790266037, -0.5891116261482239], "cam_t_w2c": [2082.430419921875, -3573740.0, -2606943.75], "depth_scale": 1.0}
}