{
  "0": {"cam_K": [711.1112738715278, 0.0, 255.5, 0.0, 711.1112738715278, 255.5, 0.0, 0.0, 1.0], "cam_R_w2c": [-0.3903824985027313, -0.8311758637428284, 0.39591437578201294, -0.3833366632461548, -0.24423836171627045, -0.8907303810119629, 0.8370510935783386, -0.4994940459728241, -0.22327382862567902], "cam_t_w2c": [-160.5648651123047, -31.066619873046875, 98.25288391113281], "depth_scale": 1.0}
}