{
  "0": {"cam_K": [711.1112738715278, 0.0, 255.5, 0.0, 711.1112738715278, 255.5, 0.0, 0.0, 1.0], "cam_R_w2c": [-0.21363084018230438, 0.7838594913482666, -0.5830318927764893, 0.364376038312912, -0.4898068308830261, -0.7920349836349487, -0.9064171314239502, -0.38164591789245605, -0.1809818297624588], "cam_t_w2c": [131.07281494140625, -61.82467269897461, 1040.2227783203125], "depth_scale": 1.0},
  "1": {"cam_K": [711.1112738715278, 0.0, 255.5, 0.0, 711.1112738715278, 255.5, 0.0, 0.0, 1.0], "cam_R_w2c": [-0.21363084018230438, 0.7838594913482666, -0.5830318927764893, 0.364376038312912, -0.4898068308830261, -0.7920349836349487, -0.9064171314239502, -0.38164591789245605, -0.1809818297624588], "cam_t_w2c": [131.07281494140625, -61.82467269897461, 1040.2227783203125], "depth_scale": 1.0},
  "2": {"cam_K": [711.1112738715278, 0.0, 255.5, 0.0, 711.1112738715278, 255.5, 0.0, 0.0, 1.0], "cam_R_w2c": [-0.21363084018230438, 0.7838594913482666, -0.5830318927764893, 0.364376038312912, -0.4898068308830261, -0.7920349836349487, -0.9064171314239502, -0.38164591789245605, -0.1809818297624588], "cam_t_w2c": [131.07281494140625, -61.82467269897461, 1040.2227783203125], "depth_scale": 1.0}
}