{
  "0": {"cam_K": [711.1112738715278, 0.0, 255.5, 0.0, 711.1112738715278, 255.5, 0.0, 0.0, 1.0], "cam_R_w2c": [-0.8673228025436401, 0.4977463483810425, -2.55087684308819e-09, 0.20761801302433014, 0.36177417635917664, -0.90885329246521, -0.45237836241722107, -0.78826904296875, -0.4171161651611328], "cam_t_w2c": [1336.994140625, -4071362.5, -1865510.25], "depth_scale": 1.0},
  "1": {"cam_K": [711.1112738715278, 0.0, 255.5, 0.0, 711.1112738715278, 255.5, 0.0, 0.0, 1.0], "cam_R_w2c": [0.4007825255393982, 0.9161732792854309, -7.416652181291283e-08, 0.36042875051498413, -0.15767067670822144, -0.9193645715713501, -0.8422971963882446, 0.36846521496772766, -0.39340683817863464], "cam_t_w2c": [-1641.811279296875, -4118291.5, -1759837.375], "depth_scale": 1.0}
}