{
  "0": {"cam_K": [2346.1825408935547, 0.0, 956.150695733726, 0.0, 2351.0241982895623, 613.6550906152873, 0.0, 0.0, 1.0], "cam_R_w2c": [0.05062460899353027, -0.9987177848815918, 1.0854129328663475e-07, -0.9600240588188171, -0.04866335913538933, -0.27565518021583557, 0.2753017246723175, 0.013954843394458294, -0.9612566828727722], "cam_t_w2c": [27.69481658935547, -57.72156524658203, 258.429443359375], "depth_scale": 1.0},
  "1": {"cam_K": [2346.1825408935547, 0.0, 956.150695733726, 0.0, 2351.0241982895623, 613.6550906152873, 0.0, 0.0, 1.0], "cam_R_w2c": [0.08603215217590332, -0.9962924122810364, -1.4937573666884418e-07, -0.8284112215042114, -0.07153519988059998, -0.5555336475372314, 0.553473949432373, 0.04779389873147011, -0.8314940929412842], "cam_t_w2c": [48.976173400878906, -54.97515106201172, 322.8372802734375], "depth_scale": 1.0}
}