{
  "0": {"cam_K": [711.1112738715278, 0.0, 255.5, 0.0, 711.1112738715278, 255.5, 0.0, 0.0, 1.0], "cam_R_w2c": [-0.8518754839897156, -0.35918983817100525, -0.3811705708503723, -0.022798040881752968, 0.7525204420089722, -0.6581741571426392, 0.5232481360435486, -0.5519924163818359, -0.6492425799369812], "cam_t_w2c": [23.77550506591797, -179.02499389648438, 702.0374755859375], "depth_scale": 1.0},
  "1": {"cam_K": [711.1112738715278, 0.0, 255.5, 0.0, 711.1112738715278, 255.5, 0.0, 0.0, 1.0], "cam_R_w2c": [-0.8518754839897156, -0.35918983817100525, -0.3811705708503723, -0.022798040881752968, 0.7525204420089722, -0.6581741571426392, 0.5232481360435486, -0.5519924163818359, -0.6492425799369812], "cam_t_w2c": [23.77550506591797, -179.02499389648438, 702.0374755859375], "depth_scale": 1.0},
  "2": {"cam_K": [711.1112738715278, 0.0, 255.5, 0.0, 711.1112738715278, 255.5, 0.0, 0.0, 1.0], "cam_R_w2c": [-0.8518754839897156, -0.35918983817100525, -0.3811705708503723, -0.022798040881752968, 0.7525204420089722, -0.6581741571426392, 0.5232481360435486, -0.5519924163818359, -0.6492425799369812], "cam_t_w2c": [23.77550506591797, -179.02499389648438, 702.0374755859375], "depth_scale": 1.0}
}