{
  "0": {"cam_K": [711.1112738715278, 0.0, 255.5, 0.0, 711.1112738715278, 255.5, 0.0, 0.0, 1.0], "cam_R_w2c": [-0.6379202008247375, -0.7696526050567627, -0.026319090276956558, -0.4251311421394348, 0.38045135140419006, -0.8212918639183044, 0.6421225666999817, -0.5127295851707458, -0.5699009299278259], "cam_t_w2c": [8.899016380310059, 204.46218872070312, 502.5765380859375], "depth_scale": 1.0},
  "1": {"cam_K": [711.1112738715278, 0.0, 255.5, 0.0, 711.1112738715278, 255.5, 0.0, 0.0, 1.0], "cam_R_w2c": [-0.11587760597467422, 0.9931938648223877, 0.01175917498767376, 0.23456698656082153, 0.038867585361003876, -0.9713225960731506, -0.9651687145233154, -0.10979625582695007, -0.23747435212135315], "cam_t_w2c": [198.78404235839844, -18.82557487487793, 853.95458984375], "depth_scale": 1.0},
  "2": {"cam_K": [711.1112738715278, 0.0, 255.5, 0.0, 711.1112738715278, 255.5, 0.0, 0.0, 1.0], "cam_R_w2c": [-0.11587760597467422, 0.9931938648223877, 0.01175917498767376, 0.23456698656082153, 0.038867585361003876, -0.9713225960731506, -0.9651687145233154, -0.10979625582695007, -0.23747435212135315], "cam_t_w2c": [198.78404235839844, -18.82557487487793, 853.95458984375], "depth_scale": 1.0},
  "3": {"cam_K": [711.1112738715278, 0.0, 255.5, 0.0, 711.1112738715278, 255.5, 0.0, 0.0, 1.0], "cam_R_w2c": [-0.5700184106826782, 0.8105068206787109, -0.13475064933300018, 0.5768570303916931, 0.27799803018569946, -0.7680840492248535, -0.5850769281387329, -0.515553891658783, -0.626010537147522], "cam_t_w2c": [234.04652404785156, -52.35232162475586, 780.2230834960938], "depth_scale": 1.0},
  "4": {"cam_K": [711.1112738715278, 0.0, 255.5, 0.0, 711.1112738715278, 255.5, 0.0, 0.0, 1.0], "cam_R_w2c": [-0.5700184106826782, 0.8105068206787109, -0.13475064933300018, 0.5768570303916931, 0.27799803018569946, -0.7680840492248535, -0.5850769281387329, -0.515553891658783, -0.626010537147522], "cam_t_w2c": [234.04652404785156, -52.35232162475586, 780.2230834960938], "depth_scale": 1.0}
}