{
  "0": {"cam_K": [2346.1825408935547, 0.0, 956.150695733726, 0.0, 2351.0241982895623, 613.6550906152873, 0.0, 0.0, 1.0], "cam_R_w2c": [-0.021064341068267822, 0.999777615070343, -0.0009635378373786807, 0.5114707946777344, 0.009948180057108402, -0.8592430353164673, -0.8590424060821533, -0.018592258915305138, -0.5115665197372437], "cam_t_w2c": [138.2733917236328, 31.749807357788086, 594.4141845703125], "depth_scale": 1.0},
  "1": {"cam_K": [2346.1825408935547, 0.0, 956.150695733726, 0.0, 2351.0241982895623, 613.6550906152873, 0.0, 0.0, 1.0], "cam_R_w2c": [0.956803023815155, 0.2817821502685547, -0.07160180807113647, 0.046617161482572556, -0.3917803466320038, -0.9188770651817322, -0.28697535395622253, 0.8758465051651001, -0.3879925012588501], "cam_t_w2c": [9.710627555847168, -3.4673757553100586, 587.4288330078125], "depth_scale": 1.0}
}