{
  "0": {"cam_K": [711.1112738715278, 0.0, 255.5, 0.0, 711.1112738715278, 255.5, 0.0, 0.0, 1.0], "cam_R_w2c": [-0.9999630451202393, -0.008612200617790222, -4.040366619051383e-08, -0.007968071848154068, 0.9251749515533447, -0.3794573247432709, 0.0032679997384548187, -0.3794432580471039, -0.9252094030380249], "cam_t_w2c": [-112.19009399414062, 115.94503784179688, 608.6160278320312], "depth_scale": 1.0},
  "1": {"cam_K": [711.1112738715278, 0.0, 255.5, 0.0, 711.1112738715278, 255.5, 0.0, 0.0, 1.0], "cam_R_w2c": [-0.3263839781284332, -0.9452372789382935, 1.018704551825067e-07, -0.3586141765117645, 0.12382692843675613, -0.9252365827560425, 0.8745681047439575, -0.30198246240615845, -0.3793905973434448], "cam_t_w2c": [-232.1374053955078, -197.05894470214844, 716.4195556640625], "depth_scale": 1.0}
}