{
  "0": {"cam_K": [711.1112738715278, 0.0, 255.5, 0.0, 711.1112738715278, 255.5, 0.0, 0.0, 1.0], "cam_R_w2c": [0.31295737624168396, -0.9411340355873108, 0.1277666985988617, -0.41844436526298523, -0.257392555475235, -0.8710070848464966, 0.8526206612586975, 0.21912480890750885, -0.47436514496803284], "cam_t_w2c": [-64.4453353881836, 60.095191955566406, 47.578792572021484], "depth_scale": 1.0},
  "1": {"cam_K": [711.1112738715278, 0.0, 255.5, 0.0, 711.1112738715278, 255.5, 0.0, 0.0, 1.0], "cam_R_w2c": [0.5530163645744324, -0.7647567391395569, 0.3306358754634857, -0.40100064873695374, -0.5921627879142761, -0.6989576816558838, 0.7303228378295898, 0.2539498507976532, -0.6341436505317688], "cam_t_w2c": [-97.36822509765625, 53.378196716308594, 60.30459213256836], "depth_scale": 1.0}
}