{
  "0": {"cam_K": [711.1112738715278, 0.0, 255.5, 0.0, 711.1112738715278, 255.5, 0.0, 0.0, 1.0], "cam_R_w2c": [0.9773269891738892, 0.1936921924352646, -0.08552945405244827, -0.04356151446700096, -0.2113671749830246, -0.9764356017112732, -0.20720604062080383, 0.9580226540565491, -0.1981373131275177], "cam_t_w2c": [-306.96453857421875, 45.764671325683594, 817.1509399414062], "depth_scale": 1.0},
  "1": {"cam_K": [711.1112738715278, 0.0, 255.5, 0.0, 711.1112738715278, 255.5, 0.0, 0.0, 1.0], "cam_R_w2c": [-0.7358599305152893, 0.6659588813781738, -0.12251175194978714, 0.5118013024330139, 0.42854511737823486, -0.744586169719696, -0.44336193799972534, -0.6106127500534058, -0.6561878323554993], "cam_t_w2c": [-226.95635986328125, 67.78319549560547, 897.7437744140625], "depth_scale": 1.0},
  "2": {"cam_K": [711.1112738715278, 0.0, 255.5, 0.0, 711.1112738715278, 255.5, 0.0, 0.0, 1.0], "cam_R_w2c": [-0.7358599305152893, 0.6659588813781738, -0.12251175194978714, 0.5118013024330139, 0.42854511737823486, -0.744586169719696, -0.44336193799972534, -0.6106127500534058, -0.6561878323554993], "cam_t_w2c": [-226.95635986328125, 67.78319549560547, 897.7437744140625], "depth_scale": 1.0},
  "3": {"cam_K": [711.1112738715278, 0.0, 255.5, 0.0, 711.1112738715278, 255.5, 0.0, 0.0, 1.0], "cam_R_w2c": [-0.9732685089111328, 0.057023804634809494, -0.22247865796089172, 0.22754204273223877, 0.3709785044193268, -0.900333046913147, 0.03119438700377941, -0.9268890023231506, -0.3740370273590088], "cam_t_w2c": [-211.66502380371094, 14.067791938781738, 998.770263671875], "depth_scale": 1.0},
  "4": {"cam_K": [711.1112738715278, 0.0, 255.5, 0.0, 711.1112738715278, 255.5, 0.0, 0.0, 1.0], "cam_R_w2c": [-0.9732685089111328, 0.057023804634809494, -0.22247865796089172, 0.22754204273223877, 0.3709785044193268, -0.900333046913147, 0.03119438700377941, -0.9268890023231506, -0.3740370273590088], "cam_t_w2c": [-211.66502380371094, 14.067791938781738, 998.770263671875], "depth_scale": 1.0}
}