{
  "0": {"cam_K": [711.1112738715278, 0.0, 255.5, 0.0, 711.1112738715278, 255.5, 0.0, 0.0, 1.0], "cam_R_w2c": [-0.837104082107544, -0.5470438599586487, 5.751727627512082e-08, -0.4018702208995819, 0.6149545311927795, -0.6784771680831909, 0.3711567223072052, -0.5679559707641602, -0.7346216440200806], "cam_t_w2c": [383.7353515625, -3043451.25, -3293905.5], "depth_scale": 1.0},
  "1": {"cam_K": [711.1112738715278, 0.0, 255.5, 0.0, 711.1112738715278, 255.5, 0.0, 0.0, 1.0], "cam_R_w2c": [0.9998984336853027, 0.014251216314733028, 1.233127489008723e-09, 0.010554755106568336, -0.7405461668968201, -0.6719227433204651, -0.009575714357197285, 0.6718544960021973, -0.7406213879585266], "cam_t_w2c": [-207.0813446044922, -3013602.25, -3321519.5], "depth_scale": 1.0}
}