{
  "0": {"cam_K": [711.1112738715278, 0.0, 255.5, 0.0, 711.1112738715278, 255.5, 0.0, 0.0, 1.0], "cam_R_w2c": [0.720894992351532, -0.6930443048477173, -8.554085439982373e-08, -0.665697455406189, -0.6924490928649902, -0.27813848853111267, 0.19276224076747894, 0.2005086988210678, -0.9605408906936646], "cam_t_w2c": [219.26065063476562, -1247374.75, -4307555.5], "depth_scale": 1.0},
  "1": {"cam_K": [711.1112738715278, 0.0, 255.5, 0.0, 711.1112738715278, 255.5, 0.0, 0.0, 1.0], "cam_R_w2c": [-0.6803697347640991, 0.7328692078590393, -3.1586786519710586e-09, 0.704262912273407, 0.6538125276565552, -0.27666401863098145, -0.2027585208415985, -0.18823380768299103, -0.9609668254852295], "cam_t_w2c": [-230.93238830566406, -1241143.25, -4309382.5], "depth_scale": 1.0}
}