{
  "0": {"cam_K": [711.1112738715278, 0.0, 255.5, 0.0, 711.1112738715278, 255.5, 0.0, 0.0, 1.0], "cam_R_w2c": [0.2032983899116516, 0.7580984830856323, -0.6196422576904297, 0.2857244610786438, -0.6512468457221985, -0.7030215263366699, -0.9364995360374451, -0.034123774617910385, -0.3490047752857208], "cam_t_w2c": [68.94769287109375, -25.442855834960938, 667.4879760742188], "depth_scale": 1.0},
  "1": {"cam_K": [711.1112738715278, 0.0, 255.5, 0.0, 711.1112738715278, 255.5, 0.0, 0.0, 1.0], "cam_R_w2c": [0.2032983899116516, 0.7580984830856323, -0.6196422576904297, 0.2857244610786438, -0.6512468457221985, -0.7030215263366699, -0.9364995360374451, -0.034123774617910385, -0.3490047752857208], "cam_t_w2c": [68.94769287109375, -25.442855834960938, 667.4879760742188], "depth_scale": 1.0},
  "2": {"cam_K": [711.1112738715278, 0.0, 255.5, 0.0, 711.1112738715278, 255.5, 0.0, 0.0, 1.0], "cam_R_w2c": [0.2032983899116516, 0.7580984830856323, -0.6196422576904297, 0.2857244610786438, -0.6512468457221985, -0.7030215263366699, -0.9364995360374451, -0.034123774617910385, -0.3490047752857208], "cam_t_w2c": [68.94769287109375, -25.442855834960938, 667.4879760742188], "depth_scale": 1.0},
  "3": {"cam_K": [711.1112738715278, 0.0, 255.5, 0.0, 711.1112738715278, 255.5, 0.0, 0.0, 1.0], "cam_R_w2c": [0.2032983899116516, 0.7580984830856323, -0.6196422576904297, 0.2857244610786438, -0.6512468457221985, -0.7030215263366699, -0.9364995360374451, -0.034123774617910385, -0.3490047752857208], "cam_t_w2c": [68.94769287109375, -25.442855834960938, 667.4879760742188], "depth_scale": 1.0},
  "4": {"cam_K": [711.1112738715278, 0.0, 255.5, 0.0, 711.1112738715278, 255.5, 0.0, 0.0, 1.0], "cam_R_w2c": [0.2032983899116516, 0.7580984830856323, -0.6196422576904297, 0.2857244610786438, -0.6512468457221985, -0.7030215263366699, -0.9364995360374451, -0.034123774617910385, -0.3490047752857208], "cam_t_w2c": [68.94769287109375, -25.442855834960938, 667.4879760742188], "depth_scale": 1.0}
}