{
  "0": {"cam_K": [711.1112738715278, 0.0, 255.5, 0.0, 711.1112738715278, 255.5, 0.0, 0.0, 1.0], "cam_R_w2c": [-0.9731107950210571, 0.10545528680086136, 0.2047792226076126, -0.13023421168327332, 0.48139238357543945, -0.8667758703231812, -0.1899852603673935, -0.8701382279396057, -0.45471423864364624], "cam_t_w2c": [134.4571075439453, 14.378911972045898, 942.696044921875], "depth_scale": 1.0},
  "1": {"cam_K": [711.1112738715278, 0.0, 255.5, 0.0, 711.1112738715278, 255.5, 0.0, 0.0, 1.0], "cam_R_w2c": [0.9219304323196411, -0.3682534396648407, 0.12014030665159225, -0.06235179305076599, -0.44719356298446655, -0.892261266708374, 0.38230425119400024, 0.8151118755340576, -0.435242623090744], "cam_t_w2c": [-134.885498046875, 25.380619049072266, 834.4641723632812], "depth_scale": 1.0},
  "2": {"cam_K": [711.1112738715278, 0.0, 255.5, 0.0, 711.1112738715278, 255.5, 0.0, 0.0, 1.0], "cam_R_w2c": [0.9219304323196411, -0.3682534396648407, 0.12014030665159225, -0.06235179305076599, -0.44719356298446655, -0.892261266708374, 0.38230425119400024, 0.8151118755340576, -0.435242623090744], "cam_t_w2c": [-134.885498046875, 25.380619049072266, 834.4641723632812], "depth_scale": 1.0},
  "3": {"cam_K": [711.1112738715278, 0.0, 255.5, 0.0, 711.1112738715278, 255.5, 0.0, 0.0, 1.0], "cam_R_w2c": [0.4875531792640686, 0.8726855516433716, -0.026680154725909233, 0.31837400794029236, -0.20615766942501068, -0.9252767562866211, -0.8129760026931763, 0.4426273703575134, -0.3783532381057739], "cam_t_w2c": [-88.92713165283203, -40.521358489990234, 778.2734985351562], "depth_scale": 1.0}
}