{
  "0": {"cam_K": [2346.1825408935547, 0.0, 956.150695733726, 0.0, 2351.0241982895623, 613.6550906152873, 0.0, 0.0, 1.0], "cam_R_w2c": [0.7544239163398743, -0.6563875079154968, -4.195410241436548e-09, -0.30345314741134644, -0.3487761616706848, -0.8867194652557373, 0.5820316076278687, 0.6689623594284058, -0.46230795979499817], "cam_t_w2c": [88.81965637207031, -106.98809814453125, 963.28173828125], "depth_scale": 1.0},
  "1": {"cam_K": [2346.1825408935547, 0.0, 956.150695733726, 0.0, 2351.0241982895623, 613.6550906152873, 0.0, 0.0, 1.0], "cam_R_w2c": [-0.9789025783538818, -0.20432767271995544, -6.321361212258125e-08, -0.14507634937763214, 0.6950387358665466, -0.7041832208633423, 0.14388416707515717, -0.6893267631530762, -0.7100183367729187], "cam_t_w2c": [-126.10238647460938, -48.48577117919922, 682.998046875], "depth_scale": 1.0},
  "2": {"cam_K": [2346.1825408935547, 0.0, 956.150695733726, 0.0, 2351.0241982895623, 613.6550906152873, 0.0, 0.0, 1.0], "cam_R_w2c": [0.9987276792526245, 0.05042809620499611, -4.1974224096463786e-09, 0.03231457248330116, -0.6399896740913391, -0.7677037119865417, -0.038713838905096054, 0.7667269706726074, -0.6408050060272217], "cam_t_w2c": [114.33985900878906, -90.33092498779297, 899.48974609375], "depth_scale": 1.0},
  "3": {"cam_K": [2346.1825408935547, 0.0, 956.150695733726, 0.0, 2351.0241982895623, 613.6550906152873, 0.0, 0.0, 1.0], "cam_R_w2c": [-0.004805520176887512, -0.9999884963035583, -8.385024585777501e-08, -0.6390960216522217, 0.0030712082516402006, -0.7691209316253662, 0.7691120505332947, -0.0036959347780793905, -0.6391034126281738], "cam_t_w2c": [-88.47279357910156, -113.25846862792969, 1016.2074584960938], "depth_scale": 1.0}
}