{
  "0": {"cam_K": [711.1112738715278, 0.0, 255.5, 0.0, 711.1112738715278, 255.5, 0.0, 0.0, 1.0], "cam_R_w2c": [-0.9803116917610168, -0.12370419502258301, -0.15390275418758392, -0.042787112295627594, 0.89399254322052, -0.44603434205055237, 0.19276423752307892, -0.4306676685810089, -0.8816842436790466], "cam_t_w2c": [171.14776611328125, 37.095149993896484, 138.47267150878906], "depth_scale": 1.0},
  "1": {"cam_K": [711.1112738715278, 0.0, 255.5, 0.0, 711.1112738715278, 255.5, 0.0, 0.0, 1.0], "cam_R_w2c": [0.09734608978033066, -0.989458441734314, -0.10721811652183533, -0.2081776261329651, 0.08510318398475647, -0.9743816256523132, 0.9732347130775452, 0.11717267334461212, -0.1976986527442932], "cam_t_w2c": [-43.23622131347656, 45.42143630981445, 8.784534454345703], "depth_scale": 1.0}
}