{
  "0": {"cam_K": [711.1112738715278, 0.0, 255.5, 0.0, 711.1112738715278, 255.5, 0.0, 0.0, 1.0], "cam_R_w2c": [0.46236076951026917, -0.886679470539093, 0.004689757712185383, -0.49782395362854004, -0.26396074891090393, -0.826133131980896, 0.7337532043457031, 0.37963685393333435, -0.5634554028511047], "cam_t_w2c": [96.02840423583984, -33.9521484375, 636.2792358398438], "depth_scale": 1.0},
  "1": {"cam_K": [711.1112738715278, 0.0, 255.5, 0.0, 711.1112738715278, 255.5, 0.0, 0.0, 1.0], "cam_R_w2c": [-0.8240461945533752, -0.5351516604423523, 0.18590492010116577, -0.47802624106407166, 0.4807089567184448, -0.735125720500946, 0.30403760075569153, -0.6946449875831604, -0.6519429683685303], "cam_t_w2c": [-41.89743423461914, -74.36445617675781, 548.5655517578125], "depth_scale": 1.0},
  "2": {"cam_K": [711.1112738715278, 0.0, 255.5, 0.0, 711.1112738715278, 255.5, 0.0, 0.0, 1.0], "cam_R_w2c": [-0.8240461945533752, -0.5351516604423523, 0.18590492010116577, -0.47802624106407166, 0.4807089567184448, -0.735125720500946, 0.30403760075569153, -0.6946449875831604, -0.6519429683685303], "cam_t_w2c": [-41.89743423461914, -74.36445617675781, 548.5655517578125], "depth_scale": 1.0},
  "3": {"cam_K": [711.1112738715278, 0.0, 255.5, 0.0, 711.1112738715278, 255.5, 0.0, 0.0, 1.0], "cam_R_w2c": [0.9746310710906982, -0.05200003460049629, -0.217693030834198, -0.21016615629196167, -0.5471150875091553, -0.8102439045906067, -0.07697043567895889, 0.8354406356811523, -0.5441640019416809], "cam_t_w2c": [84.3991928100586, 11.787275314331055, 423.43157958984375], "depth_scale": 1.0},
  "4": {"cam_K": [711.1112738715278, 0.0, 255.5, 0.0, 711.1112738715278, 255.5, 0.0, 0.0, 1.0], "cam_R_w2c": [0.9746310710906982, -0.05200003460049629, -0.217693030834198, -0.21016615629196167, -0.5471150875091553, -0.8102439045906067, -0.07697043567895889, 0.8354406356811523, -0.5441640019416809], "cam_t_w2c": [84.3991928100586, 11.787275314331055, 423.43157958984375], "depth_scale": 1.0},
  "5": {"cam_K": [711.1112738715278, 0.0, 255.5, 0.0, 711.1112738715278, 255.5, 0.0, 0.0, 1.0], "cam_R_w2c": [-0.42128536105155945, -0.8797771334648132, -0.22025200724601746, -0.17682111263275146, 0.3178722858428955, -0.9314996004104614, 0.8895240426063538, -0.35348188877105713, -0.2894781529903412], "cam_t_w2c": [10.907110214233398, -42.77006149291992, 521.8215942382812], "depth_scale": 1.0},
  "6": {"cam_K": [711.1112738715278, 0.0, 255.5, 0.0, 711.1112738715278, 255.5, 0.0, 0.0, 1.0], "cam_R_w2c": [-0.42128536105155945, -0.8797771334648132, -0.22025200724601746, -0.17682111263275146, 0.3178722858428955, -0.9314996004104614, 0.8895240426063538, -0.35348188877105713, -0.2894781529903412], "cam_t_w2c": [10.907110214233398, -42.77006149291992, 521.8215942382812], "depth_scale": 1.0},
  "7": {"cam_K": [711.1112738715278, 0.0, 255.5, 0.0, 711.1112738715278, 255.5, 0.0, 0.0, 1.0], "cam_R_w2c": [0.6032378673553467, 0.7771456837654114, -0.17930063605308533, 0.12447686493396759, -0.31379464268684387, -0.9412961602210999, -0.7877877950668335, 0.5455066561698914, -0.2860294580459595], "cam_t_w2c": [-0.17766055464744568, 14.726018905639648, 464.6072998046875], "depth_scale": 1.0}
}