{
  "0": {"cam_K": [711.1112738715278, 0.0, 255.5, 0.0, 711.1112738715278, 255.5, 0.0, 0.0, 1.0], "cam_R_w2c": [0.8946730494499207, 0.44672152400016785, -4.7150347626256917e-08, 0.413138747215271, -0.8274149894714355, -0.38039544224739075, -0.16993089020252228, 0.34032952785491943, -0.9248238801956177], "cam_t_w2c": [132.15313720703125, -139.08180236816406, 1029.360595703125], "depth_scale": 1.0},
  "1": {"cam_K": [711.1112738715278, 0.0, 255.5, 0.0, 711.1112738715278, 255.5, 0.0, 0.0, 1.0], "cam_R_w2c": [-0.8912484049797058, -0.4535157382488251, -4.5863203013141174e-08, -0.44761013984680176, 0.8796426057815552, -0.16085433959960938, 0.07295001298189163, -0.1433611363172531, -0.98697829246521], "cam_t_w2c": [-133.9132843017578, 259.6827697753906, 1208.5924072265625], "depth_scale": 1.0}
}