{
  "0": {"cam_K": [711.1112738715278, 0.0, 255.5, 0.0, 711.1112738715278, 255.5, 0.0, 0.0, 1.0], "cam_R_w2c": [0.5268676280975342, -0.8464943170547485, -0.07653678208589554, -0.6589410305023193, -0.34992942214012146, -0.6658423542976379, 0.536849319934845, 0.40124404430389404, -0.7421563267707825], "cam_t_w2c": [-8.195547103881836, -3.0619678497314453, 336.1588439941406], "depth_scale": 1.0}
}