{
  "0": {"cam_K": [711.1112738715278, 0.0, 255.5, 0.0, 711.1112738715278, 255.5, 0.0, 0.0, 1.0], "cam_R_w2c": [0.3842342793941498, 0.808414876461029, 0.4459030330181122, 0.4538061320781708, 0.2552274167537689, -0.8537675738334656, -0.8040050268173218, 0.530400276184082, -0.26879650354385376], "cam_t_w2c": [11.129056930541992, 1.4527652263641357, 328.94622802734375], "depth_scale": 1.0}
}