{
  "0": {"cam_K": [711.1112738715278, 0.0, 255.5, 0.0, 711.1112738715278, 255.5, 0.0, 0.0, 1.0], "cam_R_w2c": [-0.08778055757284164, 0.9961398839950562, -8.962396123024519e-07, 0.9918698072433472, 0.0874040499329567, -0.09249313175678253, -0.09213601052761078, -0.008119980804622173, -0.995713472366333], "cam_t_w2c": [-111.61569213867188, 42.4263801574707, 1115.0714111328125], "depth_scale": 1.0},
  "1": {"cam_K": [711.1112738715278, 0.0, 255.5, 0.0, 711.1112738715278, 255.5, 0.0, 0.0, 1.0], "cam_R_w2c": [0.9929739832878113, 0.11833274364471436, 9.081346341588414e-09, 0.07966642081737518, -0.6685104966163635, -0.739423394203186, -0.08749799430370331, 0.7342281937599182, -0.6732407212257385], "cam_t_w2c": [30.08360481262207, 148.0936279296875, 810.7387084960938], "depth_scale": 1.0}
}