{
  "0": {"cam_K": [2346.1825408935547, 0.0, 956.150695733726, 0.0, 2351.0241982895623, 613.6550906152873, 0.0, 0.0, 1.0], "cam_R_w2c": [-0.9588032364845276, 0.28380879759788513, 0.012203386053442955, 0.18844042718410492, 0.6675877571105957, -0.720289409160614, -0.21257129311561584, -0.6883162260055542, -0.6935663223266602], "cam_t_w2c": [68.17929077148438, 127.49163818359375, 454.6435546875], "depth_scale": 1.0},
  "1": {"cam_K": [2346.1825408935547, 0.0, 956.150695733726, 0.0, 2351.0241982895623, 613.6550906152873, 0.0, 0.0, 1.0], "cam_R_w2c": [0.9699558019638062, 0.24126717448234558, 0.031238872557878494, 0.15202268958091736, -0.5008440613746643, -0.8520824909210205, -0.18993370234966278, 0.8312313556671143, -0.5224747061729431], "cam_t_w2c": [-0.5872833132743835, -24.025911331176758, 745.6998291015625], "depth_scale": 1.0}
}