{
  "0": {"cam_K": [711.1112738715278, 0.0, 255.5, 0.0, 711.1112738715278, 255.5, 0.0, 0.0, 1.0], "cam_R_w2c": [0.1620706021785736, 0.9867791533470154, -5.86123967138974e-08, 0.9382873177528381, -0.15410616993904114, -0.30962592363357544, -0.30553242564201355, 0.05018119513988495, -0.9508584141731262], "cam_t_w2c": [-530.1922607421875, -1389012.125, -4264014.0], "depth_scale": 1.0},
  "1": {"cam_K": [711.1112738715278, 0.0, 255.5, 0.0, 711.1112738715278, 255.5, 0.0, 0.0, 1.0], "cam_R_w2c": [0.5686611533164978, 0.822571873664856, -1.4195757103152573e-07, 0.4394882917404175, -0.3038276135921478, -0.845304012298584, -0.6953232884407043, 0.48069149255752563, -0.5342856645584106], "cam_t_w2c": [-568.2103271484375, -3791557.5, -2395555.5], "depth_scale": 1.0}
}