{
  "0": {"cam_K": [711.1112738715278, 0.0, 255.5, 0.0, 711.1112738715278, 255.5, 0.0, 0.0, 1.0], "cam_R_w2c": [0.24694807827472687, -0.9629532098770142, 0.10834147781133652, -0.5249167680740356, -0.22691158950328827, -0.8203497529029846, 0.814542293548584, 0.14571361243724823, -0.5615057349205017], "cam_t_w2c": [-107.08950805664062, 165.10122680664062, 525.40625], "depth_scale": 1.0}
}