{
  "0": [{"cam_R_m2c": [0.1988220512866974, -0.7043248414993286, 0.6814662218093872, -0.5355388522148132, -0.6604301333427429, -0.5263364315032959, 0.8207727074623108, -0.26030439138412476, -0.5085013508796692], "cam_t_m2c": [-265.0521240234375, 35.34785842895508, 706.177978515625], "obj_id": 3}, {"cam_R_m2c": [0.2088794708251953, -0.7028558254241943, 0.679972767829895, -0.5334616303443909, -0.6646411418914795, -0.5231353640556335, 0.8196267485618591, -0.2534671723842621, -0.5137764811515808], "cam_t_m2c": [85.90503692626953, 60.5269660949707, 737.1065063476562], "obj_id": 3}, {"cam_R_m2c": [-0.342536598443985, -0.9107188582420349, 0.23078112304210663, 0.7416483163833618, -0.41290774941444397, -0.5286445021629333, 0.5767378211021423, -0.009921660646796227, 0.8168690800666809], "cam_t_m2c": [42.34464645385742, -280.70538330078125, 1142.66259765625], "obj_id": 0}]
}