{
  "0": {"cam_K": [711.1112738715278, 0.0, 255.5, 0.0, 711.1112738715278, 255.5, 0.0, 0.0, 1.0], "cam_R_w2c": [-0.9251995086669922, -0.37948113679885864, 1.759872958473352e-07, -0.14303867518901825, 0.34873709082603455, -0.9262409806251526, 0.35149091482162476, -0.856957733631134, -0.3769318759441376], "cam_t_w2c": [-49.38092803955078, -4154840.75, -1689527.75], "depth_scale": 1.0},
  "1": {"cam_K": [711.1112738715278, 0.0, 255.5, 0.0, 711.1112738715278, 255.5, 0.0, 0.0, 1.0], "cam_R_w2c": [0.8414822816848755, -0.5402846932411194, 3.1387394017201586e-08, -0.45926252007484436, -0.7152919769287109, -0.5267214179039001, 0.2845795452594757, 0.44322672486305237, -0.8500380516052246], "cam_t_w2c": [312.74359130859375, -2362506.75, -3812157.25], "depth_scale": 1.0}
}