{
  "0": {"cam_K": [711.1112738715278, 0.0, 255.5, 0.0, 711.1112738715278, 255.5, 0.0, 0.0, 1.0], "cam_R_w2c": [0.7374064922332764, 0.2606721520423889, -0.6231225728988647, -0.3474961817264557, -0.6446710228919983, -0.680915355682373, -0.5792047381401062, 0.7186440825462341, -0.3848020136356354], "cam_t_w2c": [-113.48544311523438, 40.81850814819336, 283.3444519042969], "depth_scale": 1.0},
  "1": {"cam_K": [711.1112738715278, 0.0, 255.5, 0.0, 711.1112738715278, 255.5, 0.0, 0.0, 1.0], "cam_R_w2c": [0.31295737624168396, -0.9411340355873108, 0.1277666985988617, -0.41844436526298523, -0.257392555475235, -0.8710070848464966, 0.8526206612586975, 0.21912480890750885, -0.47436514496803284], "cam_t_w2c": [-64.4453353881836, 60.095191955566406, 47.578792572021484], "depth_scale": 1.0}
}