{
  "0": {"cam_K": [711.1112738715278, 0.0, 255.5, 0.0, 711.1112738715278, 255.5, 0.0, 0.0, 1.0], "cam_R_w2c": [-0.9413104057312012, -0.3375425338745117, 1.4889529609263263e-07, -0.08953337371349335, 0.2496826946735382, -0.9641796946525574, 0.3254515826702118, -0.907592236995697, -0.2652503550052643], "cam_t_w2c": [-331.6193542480469, 28.667905807495117, 858.6680908203125], "depth_scale": 1.0},
  "1": {"cam_K": [711.1112738715278, 0.0, 255.5, 0.0, 711.1112738715278, 255.5, 0.0, 0.0, 1.0], "cam_R_w2c": [0.029246143996715546, 0.999572217464447, 4.413892185084478e-08, 0.18882156908512115, -0.005524610169231892, -0.9819958806037903, -0.9815757870674133, 0.028719590976834297, -0.1889023631811142], "cam_t_w2c": [54.994876861572266, 111.56707763671875, 629.181640625], "depth_scale": 1.0}
}