{
  "0": {"cam_K": [711.1112738715278, 0.0, 255.5, 0.0, 711.1112738715278, 255.5, 0.0, 0.0, 1.0], "cam_R_w2c": [0.14303027093410492, 0.9897182583808899, -1.3424941869288887e-07, 0.5884795784950256, -0.08504483103752136, -0.8040267825126648, -0.7957600355148315, 0.11500005424022675, -0.5945929884910583], "cam_t_w2c": [326.92022705078125, 106.64981079101562, 851.8255004882812], "depth_scale": 1.0},
  "1": {"cam_K": [711.1112738715278, 0.0, 255.5, 0.0, 711.1112738715278, 255.5, 0.0, 0.0, 1.0], "cam_R_w2c": [-0.22791986167430878, 0.9736799001693726, -1.8204521268216922e-07, 0.6654285788536072, 0.15576395392417908, -0.7300290465354919, -0.7108145952224731, -0.16638822853565216, -0.6834161877632141], "cam_t_w2c": [274.12835693359375, 186.34588623046875, 857.0602416992188], "depth_scale": 1.0}
}