{
  "0": {"cam_K": [711.1112738715278, 0.0, 255.5, 0.0, 711.1112738715278, 255.5, 0.0, 0.0, 1.0], "cam_R_w2c": [0.9740594625473022, -0.22629216313362122, 2.5838698292091067e-08, -0.134226456284523, -0.5777689814567566, -0.8050878047943115, 0.1821850687265396, 0.7842034101486206, -0.5931557416915894], "cam_t_w2c": [-304.9839172363281, -3611357.0, -2659915.25], "depth_scale": 1.0},
  "1": {"cam_K": [711.1112738715278, 0.0, 255.5, 0.0, 711.1112738715278, 255.5, 0.0, 0.0, 1.0], "cam_R_w2c": [-0.9917855858802795, 0.1279122233390808, -4.336037306984508e-08, 0.10983537137508392, 0.8516238927841187, -0.5125162601470947, -0.06555705517530441, -0.5083062052726746, -0.8586776256561279], "cam_t_w2c": [301.1217041015625, -2298925.0, -3850769.5], "depth_scale": 1.0}
}