{
  "0": {"cam_K": [711.1112738715278, 0.0, 255.5, 0.0, 711.1112738715278, 255.5, 0.0, 0.0, 1.0], "cam_R_w2c": [-0.1869667023420334, 0.8391125798225403, -0.5108166933059692, 0.541752278804779, -0.34569522738456726, -0.766158938407898, -0.8194803595542908, -0.4199822247028351, -0.3899577558040619], "cam_t_w2c": [0.5075224041938782, 50.12272644042969, 263.26690673828125], "depth_scale": 1.0},
  "1": {"cam_K": [711.1112738715278, 0.0, 255.5, 0.0, 711.1112738715278, 255.5, 0.0, 0.0, 1.0], "cam_R_w2c": [-0.1869667023420334, 0.8391125798225403, -0.5108166933059692, 0.541752278804779, -0.34569522738456726, -0.766158938407898, -0.8194803595542908, -0.4199822247028351, -0.3899577558040619], "cam_t_w2c": [0.5075224041938782, 50.12272644042969, 263.26690673828125], "depth_scale": 1.0},
  "2": {"cam_K": [711.1112738715278, 0.0, 255.5, 0.0, 711.1112738715278, 255.5, 0.0, 0.0, 1.0], "cam_R_w2c": [-0.1869667023420334, 0.8391125798225403, -0.5108166933059692, 0.541752278804779, -0.34569522738456726, -0.766158938407898, -0.8194803595542908, -0.4199822247028351, -0.3899577558040619], "cam_t_w2c": [0.5075224041938782, 50.12272644042969, 263.26690673828125], "depth_scale": 1.0}
}