{
  "0": {"cam_K": [711.1112738715278, 0.0, 255.5, 0.0, 711.1112738715278, 255.5, 0.0, 0.0, 1.0], "cam_R_w2c": [-0.010022670030593872, -0.8024594783782959, 0.5966225862503052, -0.25519466400146484, -0.5748425722122192, -0.7774521708488464, 0.9668378233909607, -0.16004697978496552, -0.19902200996875763], "cam_t_w2c": [-18.22115135192871, 95.97474670410156, 457.6055908203125], "depth_scale": 1.0}
}