{
  "0": {"cam_K": [711.1112738715278, 0.0, 255.5, 0.0, 711.1112738715278, 255.5, 0.0, 0.0, 1.0], "cam_R_w2c": [-0.8276984095573425, 0.5611732006072998, -5.833829064272322e-08, 0.19204081594944, 0.2832491397857666, -0.9396224021911621, -0.5272908806800842, -0.7777239680290222, -0.3422130346298218], "cam_t_w2c": [426.459228515625, -4214356.5, -1534046.25], "depth_scale": 1.0},
  "1": {"cam_K": [711.1112738715278, 0.0, 255.5, 0.0, 711.1112738715278, 255.5, 0.0, 0.0, 1.0], "cam_R_w2c": [0.10269181430339813, 0.9947132468223572, 7.56887175157317e-09, 0.68218994140625, -0.07042769342660904, -0.7277752757072449, -0.7239276766777039, 0.0747365802526474, -0.6858157515525818], "cam_t_w2c": [193.2770538330078, -3264447.0, -3074651.75], "depth_scale": 1.0}
}