{
  "0": [{"cam_R_m2c": [-0.15946997702121735, 0.9770860075950623, -0.14096826314926147, -0.48272091150283813, -0.20173831284046173, -0.8522218465805054, -0.861132800579071, -0.06785552948713303, 0.5038312077522278], "cam_t_m2c": [-0.0003336274530738592, 5330.736328125, 3583.50439453125], "obj_id": 1}]
}