{
  "0": {"cam_K": [2346.1825408935547, 0.0, 956.150695733726, 0.0, 2351.0241982895623, 613.6550906152873, 0.0, 0.0, 1.0], "cam_R_w2c": [0.43955540657043457, 0.8982154726982117, -1.2570720286930737e-07, 0.38493189215660095, -0.18837246298789978, -0.9035171866416931, -0.8115531206130981, 0.3971458375453949, -0.42855194211006165], "cam_t_w2c": [-12654.974609375, 26988.314453125, 9561.2998046875], "depth_scale": 1.0}
}