{
  "0": {"cam_K": [711.1112738715278, 0.0, 255.5, 0.0, 711.1112738715278, 255.5, 0.0, 0.0, 1.0], "cam_R_w2c": [-0.5149240493774414, 0.8572359085083008, -5.4262891069356556e-08, 0.5023220777511597, 0.30173441767692566, -0.8103264570236206, -0.6946408748626709, -0.41725653409957886, -0.5859788656234741], "cam_t_w2c": [-340.39501953125, -3624359.25, -2615296.0], "depth_scale": 1.0},
  "1": {"cam_K": [711.1112738715278, 0.0, 255.5, 0.0, 711.1112738715278, 255.5, 0.0, 0.0, 1.0], "cam_R_w2c": [0.25825628638267517, 0.9660764336585999, -3.9197612977659446e-07, 0.956272542476654, -0.255635529756546, -0.14210344851016998, -0.13728289306163788, 0.036698732525110245, -0.9898518323898315], "cam_t_w2c": [-3012.08251953125, -637604.875, -4423212.5], "depth_scale": 1.0}
}