{
  "0": {"cam_K": [711.1112738715278, 0.0, 255.5, 0.0, 711.1112738715278, 255.5, 0.0, 0.0, 1.0], "cam_R_w2c": [0.3972497880458832, 0.8845963478088379, 0.2442990094423294, 0.45074641704559326, 0.043807849287986755, -0.8915764689445496, -0.7993874549865723, 0.46429550647735596, -0.38132598996162415], "cam_t_w2c": [-54.615901947021484, -115.24455261230469, 805.182861328125], "depth_scale": 1.0},
  "1": {"cam_K": [711.1112738715278, 0.0, 255.5, 0.0, 711.1112738715278, 255.5, 0.0, 0.0, 1.0], "cam_R_w2c": [0.3972497880458832, 0.8845963478088379, 0.2442990094423294, 0.45074641704559326, 0.043807849287986755, -0.8915764689445496, -0.7993874549865723, 0.46429550647735596, -0.38132598996162415], "cam_t_w2c": [-54.615901947021484, -115.24455261230469, 805.182861328125], "depth_scale": 1.0},
  "2": {"cam_K": [711.1112738715278, 0.0, 255.5, 0.0, 711.1112738715278, 255.5, 0.0, 0.0, 1.0], "cam_R_w2c": [0.3972497880458832, 0.8845963478088379, 0.2442990094423294, 0.45074641704559326, 0.043807849287986755, -0.8915764689445496, -0.7993874549865723, 0.46429550647735596, -0.38132598996162415], "cam_t_w2c": [-54.615901947021484, -115.24455261230469, 805.182861328125], "depth_scale": 1.0},
  "3": {"cam_K": [711.1112738715278, 0.0, 255.5, 0.0, 711.1112738715278, 255.5, 0.0, 0.0, 1.0], "cam_R_w2c": [-0.35864177346229553, -0.8571171164512634, -0.36976537108421326, -0.2531984746456146, 0.47058844566345215, -0.8452438116073608, 0.898480236530304, -0.20951569080352783, -0.38579344749450684], "cam_t_w2c": [-35.52433395385742, -63.89766311645508, 635.2659912109375], "depth_scale": 1.0},
  "4": {"cam_K": [711.1112738715278, 0.0, 255.5, 0.0, 711.1112738715278, 255.5, 0.0, 0.0, 1.0], "cam_R_w2c": [-0.35864177346229553, -0.8571171164512634, -0.36976537108421326, -0.2531984746456146, 0.47058844566345215, -0.8452438116073608, 0.898480236530304, -0.20951569080352783, -0.38579344749450684], "cam_t_w2c": [-35.52433395385742, -63.89766311645508, 635.2659912109375], "depth_scale": 1.0}
}