{
  "cx": 320.0000000074506,
  "cy": 239.9999999955051,
  "depth_scale": 0.1,
  "fx": 572.411363389757,
  "fy": 573.5704328585578,
  "height": 480,
  "width": 640
}