{
  "0": {"cam_K": [2346.1825408935547, 0.0, 956.150695733726, 0.0, 2351.0241982895623, 613.6550906152873, 0.0, 0.0, 1.0], "cam_R_w2c": [-0.39243918657302856, 0.9197781085968018, -8.575742072025605e-08, 0.5521661639213562, 0.23559100925922394, -0.7997559309005737, -0.7355979084968567, -0.31385552883148193, -0.6003255248069763], "cam_t_w2c": [8058.806640625, -13222.9931640625, 18449.52734375], "depth_scale": 1.0}
}