{
  "0": [{"cam_R_m2c": [0.4232254922389984, -0.5868964195251465, 0.6902410984039307, -0.9054365158081055, -0.30141472816467285, 0.2988876402378082, 0.032632771879434586, -0.7514663338661194, -0.6589638590812683], "cam_t_m2c": [-0.00024065375328063965, 0.002648681402206421, 750.5154418945312], "obj_id": 1}]
}