{
  "0": {"cam_K": [2346.1825408935547, 0.0, 956.150695733726, 0.0, 2351.0241982895623, 613.6550906152873, 0.0, 0.0, 1.0], "cam_R_w2c": [0.8301169276237488, -0.5575893521308899, -4.6679744514221966e-08, -0.23784038424491882, -0.35408732295036316, -0.904463529586792, 0.5043191909790039, 0.7508105039596558, -0.4265511631965637], "cam_t_w2c": [43.30475997924805, 154.4773712158203, 1014.755126953125], "depth_scale": 1.0}
}