{
  "0": {"cam_K": [711.1112738715278, 0.0, 255.5, 0.0, 711.1112738715278, 255.5, 0.0, 0.0, 1.0], "cam_R_w2c": [-0.5450182557106018, 0.8117668032646179, -0.2097375988960266, 0.3283641040325165, -0.023506948724389076, -0.9442586898803711, -0.7714481353759766, -0.5835084915161133, -0.25374341011047363], "cam_t_w2c": [251.72132873535156, -19.588260650634766, 698.94189453125], "depth_scale": 1.0},
  "1": {"cam_K": [711.1112738715278, 0.0, 255.5, 0.0, 711.1112738715278, 255.5, 0.0, 0.0, 1.0], "cam_R_w2c": [-0.5450182557106018, 0.8117668032646179, -0.2097375988960266, 0.3283641040325165, -0.023506948724389076, -0.9442586898803711, -0.7714481353759766, -0.5835084915161133, -0.25374341011047363], "cam_t_w2c": [251.72132873535156, -19.588260650634766, 698.94189453125], "depth_scale": 1.0},
  "2": {"cam_K": [711.1112738715278, 0.0, 255.5, 0.0, 711.1112738715278, 255.5, 0.0, 0.0, 1.0], "cam_R_w2c": [0.7730574011802673, 0.601227343082428, 0.20225711166858673, 0.26654860377311707, -0.018551675602793694, -0.963642954826355, -0.5756162405014038, 0.7988626956939697, -0.174597829580307], "cam_t_w2c": [126.06480407714844, -12.216294288635254, 1144.96435546875], "depth_scale": 1.0},
  "3": {"cam_K": [711.1112738715278, 0.0, 255.5, 0.0, 711.1112738715278, 255.5, 0.0, 0.0, 1.0], "cam_R_w2c": [0.7730574011802673, 0.601227343082428, 0.20225711166858673, 0.26654860377311707, -0.018551675602793694, -0.963642954826355, -0.5756162405014038, 0.7988626956939697, -0.174597829580307], "cam_t_w2c": [126.06480407714844, -12.216294288635254, 1144.96435546875], "depth_scale": 1.0},
  "4": {"cam_K": [711.1112738715278, 0.0, 255.5, 0.0, 711.1112738715278, 255.5, 0.0, 0.0, 1.0], "cam_R_w2c": [0.8857667446136475, 0.4600287973880768, -0.061569713056087494, 0.17280806601047516, -0.44999781250953674, -0.8761503100395203, -0.43076059222221375, 0.7654250264167786, -0.4780897796154022], "cam_t_w2c": [84.94763946533203, -125.19287872314453, 1057.7828369140625], "depth_scale": 1.0}
}