{
  "0": {"cam_K": [711.1112738715278, 0.0, 255.5, 0.0, 711.1112738715278, 255.5, 0.0, 0.0, 1.0], "cam_R_w2c": [0.20801372826099396, -0.9781259894371033, -1.466496826196817e-07, -0.9370620846748352, -0.1992809921503067, -0.28670886158943176, 0.28043732047080994, 0.05963953956961632, -0.9580179452896118], "cam_t_w2c": [52.52781677246094, 218.83602905273438, 1382.137451171875], "depth_scale": 1.0},
  "1": {"cam_K": [711.1112738715278, 0.0, 255.5, 0.0, 711.1112738715278, 255.5, 0.0, 0.0, 1.0], "cam_R_w2c": [-0.8655670285224915, 0.5007930994033813, 1.1576816660863187e-07, 0.4742523729801178, 0.8196942806243896, -0.32122573256492615, -0.16086773574352264, -0.27804234623908997, -0.947002649307251], "cam_t_w2c": [53.268184661865234, 4.790970325469971, 1185.4427490234375], "depth_scale": 1.0}
}