{
  "0": {"cam_K": [711.1112738715278, 0.0, 255.5, 0.0, 711.1112738715278, 255.5, 0.0, 0.0, 1.0], "cam_R_w2c": [0.9303522706031799, 0.3666670024394989, -3.2990129739118856e-08, 0.3640618324279785, -0.9237419366836548, -0.11899371445178986, -0.04363110288977623, 0.11070605367422104, -0.9928948879241943], "cam_t_w2c": [257.3702697753906, -533769.5, -4452825.5], "depth_scale": 1.0},
  "1": {"cam_K": [711.1112738715278, 0.0, 255.5, 0.0, 711.1112738715278, 255.5, 0.0, 0.0, 1.0], "cam_R_w2c": [-0.8770267367362976, -0.4804413914680481, 1.2881541522347106e-07, -0.26917022466659546, 0.4913594424724579, -0.8283195495605469, 0.3979589343070984, -0.7264584898948669, -0.5602558255195618], "cam_t_w2c": [-258.4981994628906, -3715406.75, -2511911.5], "depth_scale": 1.0}
}