{
  "0": {"cam_K": [711.1112738715278, 0.0, 255.5, 0.0, 711.1112738715278, 255.5, 0.0, 0.0, 1.0], "cam_R_w2c": [0.8450242877006531, -0.5347122550010681, -0.004100526217371225, -0.3564942479133606, -0.5576314926147461, -0.7496392130851746, 0.3985546827316284, 0.634925127029419, -0.6618339419364929], "cam_t_w2c": [-103.8835220336914, -98.64716339111328, 377.23419189453125], "depth_scale": 1.0}
}