{
  "0": {"cam_K": [711.1112738715278, 0.0, 255.5, 0.0, 711.1112738715278, 255.5, 0.0, 0.0, 1.0], "cam_R_w2c": [-0.43770986795425415, -0.7036591172218323, 0.559708833694458, -0.7988318204879761, 0.018649674952030182, -0.6012653112411499, 0.41264742612838745, -0.7102929353713989, -0.570268452167511], "cam_t_w2c": [-28.229263305664062, 3.256272315979004, 313.5645751953125], "depth_scale": 1.0}
}