{
  "0": {"cam_K": [711.1112738715278, 0.0, 255.5, 0.0, 711.1112738715278, 255.5, 0.0, 0.0, 1.0], "cam_R_w2c": [0.5026499629020691, 0.7236635088920593, 0.47292089462280273, 0.6854143738746643, -0.00022759003331884742, -0.7281531691551208, -0.52683025598526, 0.6901529431343079, -0.4961237609386444], "cam_t_w2c": [5.551948070526123, -11.945036888122559, 354.8902893066406], "depth_scale": 1.0}
}