{
  "0": {"cam_K": [2346.1825408935547, 0.0, 956.150695733726, 0.0, 2351.0241982895623, 613.6550906152873, 0.0, 0.0, 1.0], "cam_R_w2c": [0.9999249577522278, -0.012249874882400036, -1.682131878233406e-09, -0.011487134732306004, -0.9376646280288696, -0.34735193848609924, 0.00425501586869359, 0.3473258912563324, -0.9377350211143494], "cam_t_w2c": [-167.43235778808594, -134.5542449951172, 344.9929504394531], "depth_scale": 1.0},
  "1": {"cam_K": [2346.1825408935547, 0.0, 956.150695733726, 0.0, 2351.0241982895623, 613.6550906152873, 0.0, 0.0, 1.0], "cam_R_w2c": [0.8009156584739685, -0.598777174949646, 1.5180248169599508e-07, -0.5730071067810059, -0.7664462327957153, -0.2902124226093292, 0.1737726777791977, 0.23243559896945953, -0.9569624066352844], "cam_t_w2c": [-227.03671264648438, -17.018949508666992, 320.421875], "depth_scale": 1.0}
}