{
  "0": {"cam_K": [711.1112738715278, 0.0, 255.5, 0.0, 711.1112738715278, 255.5, 0.0, 0.0, 1.0], "cam_R_w2c": [-0.8497656583786011, 0.5079179406166077, 0.1411309689283371, 0.21913789212703705, 0.583840012550354, -0.7817349433898926, -0.4794550836086273, -0.6333642601966858, -0.6074312925338745], "cam_t_w2c": [271.36175537109375, 10.363525390625, 1019.1004028320312], "depth_scale": 1.0},
  "1": {"cam_K": [711.1112738715278, 0.0, 255.5, 0.0, 711.1112738715278, 255.5, 0.0, 0.0, 1.0], "cam_R_w2c": [-0.14989078044891357, 0.9866645336151123, -0.06344988197088242, 0.690595805644989, 0.058555904775857925, -0.7208666205406189, -0.7075381278991699, -0.15186947584152222, -0.6901633739471436], "cam_t_w2c": [255.6468505859375, 81.05952453613281, 574.4718017578125], "depth_scale": 1.0},
  "2": {"cam_K": [711.1112738715278, 0.0, 255.5, 0.0, 711.1112738715278, 255.5, 0.0, 0.0, 1.0], "cam_R_w2c": [-0.14989078044891357, 0.9866645336151123, -0.06344988197088242, 0.690595805644989, 0.058555904775857925, -0.7208666205406189, -0.7075381278991699, -0.15186947584152222, -0.6901633739471436], "cam_t_w2c": [255.6468505859375, 81.05952453613281, 574.4718017578125], "depth_scale": 1.0},
  "3": {"cam_K": [711.1112738715278, 0.0, 255.5, 0.0, 711.1112738715278, 255.5, 0.0, 0.0, 1.0], "cam_R_w2c": [0.879416823387146, 0.4719805121421814, -0.062132399529218674, 0.27410998940467834, -0.6087437272071838, -0.7445098757743835, -0.3892168402671814, 0.6377034187316895, -0.6647140383720398], "cam_t_w2c": [201.5917205810547, -135.22154235839844, 785.1993408203125], "depth_scale": 1.0},
  "4": {"cam_K": [711.1112738715278, 0.0, 255.5, 0.0, 711.1112738715278, 255.5, 0.0, 0.0, 1.0], "cam_R_w2c": [0.879416823387146, 0.4719805121421814, -0.062132399529218674, 0.27410998940467834, -0.6087437272071838, -0.7445098757743835, -0.3892168402671814, 0.6377034187316895, -0.6647140383720398], "cam_t_w2c": [201.5917205810547, -135.22154235839844, 785.1993408203125], "depth_scale": 1.0}
}