{
  "0": {"cam_K": [711.1112738715278, 0.0, 255.5, 0.0, 711.1112738715278, 255.5, 0.0, 0.0, 1.0], "cam_R_w2c": [0.46642985939979553, -0.8720027208328247, 0.14850765466690063, -0.6722733378410339, -0.4585728347301483, -0.581170916557312, 0.5748841166496277, 0.17123772203922272, -0.800116240978241], "cam_t_w2c": [-183.3894500732422, -81.79043579101562, 299.5103454589844], "depth_scale": 1.0}
}