{
  "0": {"cam_K": [711.1112738715278, 0.0, 255.5, 0.0, 711.1112738715278, 255.5, 0.0, 0.0, 1.0], "cam_R_w2c": [0.9257161021232605, 0.3782190680503845, 6.719432121826685e-09, 0.3503033220767975, -0.8573905229568481, -0.37705326080322266, -0.14260871708393097, 0.3490442931652069, -0.9261916279792786], "cam_t_w2c": [-135.04092407226562, 134.33676147460938, 1039.3734130859375], "depth_scale": 1.0},
  "1": {"cam_K": [711.1112738715278, 0.0, 255.5, 0.0, 711.1112738715278, 255.5, 0.0, 0.0, 1.0], "cam_R_w2c": [-0.928506076335907, 0.371317058801651, -2.3588095032778256e-08, 0.29776930809020996, 0.7445944547653198, -0.5974215269088745, -0.22183279693126678, -0.5547095537185669, -0.8019273281097412], "cam_t_w2c": [51.517330169677734, 3.4879794120788574, 953.38232421875], "depth_scale": 1.0}
}