{
  "0": {"cam_K": [711.1112738715278, 0.0, 255.5, 0.0, 711.1112738715278, 255.5, 0.0, 0.0, 1.0], "cam_R_w2c": [-0.9672415256500244, -0.2538575232028961, 1.8328867312789043e-09, -0.16672219336032867, 0.6352407336235046, -0.7541040182113647, 0.19143499433994293, -0.7294008135795593, -0.6567549109458923], "cam_t_w2c": [531.1008911132812, -3382746.75, -2944821.5], "depth_scale": 1.0},
  "1": {"cam_K": [711.1112738715278, 0.0, 255.5, 0.0, 711.1112738715278, 255.5, 0.0, 0.0, 1.0], "cam_R_w2c": [-0.8899996876716614, -0.45596107840538025, -1.0974152075959864e-07, -0.4299975037574768, 0.839320957660675, -0.33262956142425537, 0.15166622400283813, -0.2960401773452759, -0.9430575370788574], "cam_t_w2c": [554.8417358398438, -1492104.375, -4229280.5], "depth_scale": 1.0}
}