{
  "0": {"cam_K": [711.1112738715278, 0.0, 255.5, 0.0, 711.1112738715278, 255.5, 0.0, 0.0, 1.0], "cam_R_w2c": [-0.4720751643180847, -0.8750796914100647, 0.10668009519577026, -0.5500877499580383, 0.197844460606575, -0.8113328814506531, 0.6888748407363892, -0.4416934847831726, -0.57476806640625], "cam_t_w2c": [-3.861025094985962, 22.556713104248047, 467.2751159667969], "depth_scale": 1.0}
}