{
  "0": {"cam_K": [2346.1825408935547, 0.0, 956.150695733726, 0.0, 2351.0241982895623, 613.6550906152873, 0.0, 0.0, 1.0], "cam_R_w2c": [-0.7471408843994141, -0.6646658182144165, 5.8277095149605884e-08, -0.48917749524116516, 0.5498769283294678, -0.6770086884498596, 0.44998449087142944, -0.5058208703994751, -0.7359751462936401], "cam_t_w2c": [-105.77141571044922, 13.078910827636719, 990.6806640625], "depth_scale": 1.0},
  "1": {"cam_K": [2346.1825408935547, 0.0, 956.150695733726, 0.0, 2351.0241982895623, 613.6550906152873, 0.0, 0.0, 1.0], "cam_R_w2c": [-0.7070140838623047, -0.7071995139122009, -9.870007744439135e-08, -0.31927433609962463, 0.31919071078300476, -0.8922898769378662, 0.6310269832611084, -0.6308614015579224, -0.4514630138874054], "cam_t_w2c": [-104.99081420898438, 41.89142990112305, 1052.68701171875], "depth_scale": 1.0}
}