{
  "0": {"cam_K": [2346.1825408935547, 0.0, 956.150695733726, 0.0, 2351.0241982895623, 613.6550906152873, 0.0, 0.0, 1.0], "cam_R_w2c": [-0.7952051758766174, 0.6054679751396179, 0.0325203500688076, 0.22378787398338318, 0.3429184854030609, -0.912319004535675, -0.5635316967964172, -0.7182030081748962, -0.40818703174591064], "cam_t_w2c": [88.65603637695312, 31.209339141845703, 661.6012573242188], "depth_scale": 1.0},
  "1": {"cam_K": [2346.1825408935547, 0.0, 956.150695733726, 0.0, 2351.0241982895623, 613.6550906152873, 0.0, 0.0, 1.0], "cam_R_w2c": [0.7672851085662842, 0.6409714818000793, 0.02071443572640419, 0.44508203864097595, -0.5089819431304932, -0.7367762923240662, -0.4617093503475189, 0.5745370984077454, -0.6758191585540771], "cam_t_w2c": [-68.15431213378906, -13.48851203918457, 687.29443359375], "depth_scale": 1.0}
}