{
  "0": {"cam_K": [711.1112738715278, 0.0, 255.5, 0.0, 711.1112738715278, 255.5, 0.0, 0.0, 1.0], "cam_R_w2c": [0.8959217071533203, 0.44421204924583435, 3.640798595938577e-08, 0.10040993988513947, -0.2025146186351776, -0.9741179347038269, -0.43271490931510925, 0.8727334141731262, -0.2260405570268631], "cam_t_w2c": [-434.0737609863281, -4369114.0, -1013198.1875], "depth_scale": 1.0},
  "1": {"cam_K": [711.1112738715278, 0.0, 255.5, 0.0, 711.1112738715278, 255.5, 0.0, 0.0, 1.0], "cam_R_w2c": [0.8801503777503967, 0.47469502687454224, -8.220308700401802e-08, 0.12109512835741043, -0.22452732920646667, -0.9669144153594971, -0.4589894711971283, 0.8510300517082214, -0.2551010549068451], "cam_t_w2c": [-442.6982421875, -4336801.0, -1143611.125], "depth_scale": 1.0}
}