{
  "0": [{"cam_R_m2c": [0.7627183794975281, -0.3724522292613983, 0.5287153720855713, -0.4556496739387512, 0.2706921100616455, 0.8480029702186584, -0.4589596688747406, -0.8876964449882507, 0.03675411269068718], "cam_t_m2c": [-501.704345703125, 185.18646240234375, 1413.29296875], "obj_id": 0}, {"cam_R_m2c": [-0.6885767579078674, -0.3023436367511749, -0.6591284275054932, 0.579146146774292, -0.7762860655784607, -0.24893701076507568, -0.4364077150821686, -0.5531439781188965, 0.7096337676048279], "cam_t_m2c": [-312.22515869140625, -106.66545104980469, 1239.8031005859375], "obj_id": 2}],
  "1": [{"cam_R_m2c": [-0.48201245069503784, 0.41895315051078796, 0.7695075869560242, -0.7681389451026917, 0.22040390968322754, -0.6011525988578796, -0.4214572012424469, -0.8808519840240479, 0.21557699143886566], "cam_t_m2c": [186.78594970703125, 535.8701782226562, 1371.1710205078125], "obj_id": 0}, {"cam_R_m2c": [0.7046565413475037, -0.6620671153068542, -0.25519850850105286, 0.5619918704032898, 0.3012065887451172, 0.7703503370285034, -0.43315619230270386, -0.6862518787384033, 0.5843235850334167], "cam_t_m2c": [-101.71472930908203, 354.8533935546875, 1183.1861572265625], "obj_id": 2}]
}