{
  "0": {"cam_K": [711.1112738715278, 0.0, 255.5, 0.0, 711.1112738715278, 255.5, 0.0, 0.0, 1.0], "cam_R_w2c": [0.9984087944030762, 0.0563906729221344, -2.139147170510114e-08, 0.055960796773433685, -0.990797758102417, -0.12324026226997375, -0.0069496226496994495, 0.12304415553808212, -0.9923768639564514], "cam_t_w2c": [-507.9654541015625, -552763.1875, -4450119.0], "depth_scale": 1.0},
  "1": {"cam_K": [711.1112738715278, 0.0, 255.5, 0.0, 711.1112738715278, 255.5, 0.0, 0.0, 1.0], "cam_R_w2c": [-0.060639020055532455, -0.9981597661972046, 1.4948842874673574e-07, -0.99077308177948, 0.06019022315740585, -0.12143253535032272, 0.12120906263589859, -0.007363696116954088, -0.9925997257232666], "cam_t_w2c": [63.928707122802734, -544158.75, -4451179.0], "depth_scale": 1.0}
}