{
  "0": {"cam_K": [711.1112738715278, 0.0, 255.5, 0.0, 711.1112738715278, 255.5, 0.0, 0.0, 1.0], "cam_R_w2c": [-0.8705692887306213, -0.4869096875190735, 0.0709105059504509, -0.23207508027553558, 0.2792433202266693, -0.931753396987915, 0.43387845158576965, -0.8276123404502869, -0.3561003506183624], "cam_t_w2c": [-50.04538345336914, 55.584495544433594, 432.2679748535156], "depth_scale": 1.0}
}