{
  "0": {"cam_K": [711.1112738715278, 0.0, 255.5, 0.0, 711.1112738715278, 255.5, 0.0, 0.0, 1.0], "cam_R_w2c": [-0.5748234987258911, -0.6532948017120361, 0.4927313029766083, -0.5696157813072205, -0.11284054070711136, -0.8141283988952637, 0.5874658226966858, -0.7486475110054016, -0.3072637915611267], "cam_t_w2c": [-67.0520248413086, 53.48808670043945, 459.5699462890625], "depth_scale": 1.0}
}