{
  "0": {"cam_K": [711.1112738715278, 0.0, 255.5, 0.0, 711.1112738715278, 255.5, 0.0, 0.0, 1.0], "cam_R_w2c": [-0.862871527671814, 0.5054234266281128, -1.266093079266284e-07, 0.5024575591087341, 0.857807993888855, -0.10817503184080124, -0.05467408522963524, -0.09334120899438858, -0.9941319227218628], "cam_t_w2c": [-309.0064392089844, 86.2929916381836, 1271.0648193359375], "depth_scale": 1.0},
  "1": {"cam_K": [711.1112738715278, 0.0, 255.5, 0.0, 711.1112738715278, 255.5, 0.0, 0.0, 1.0], "cam_R_w2c": [-0.9939638376235962, 0.10970842838287354, -2.7458643359068446e-08, 0.036228325217962265, 0.3282301723957062, -0.9439027905464172, -0.10355408489704132, -0.9382052421569824, -0.33022353053092957], "cam_t_w2c": [-298.93182373046875, 366.88134765625, 1036.95068359375], "depth_scale": 1.0}
}