{
  "0": {"cam_K": [711.1112738715278, 0.0, 255.5, 0.0, 711.1112738715278, 255.5, 0.0, 0.0, 1.0], "cam_R_w2c": [0.15154629945755005, 0.9884483218193054, 0.0018938288558274508, 0.8327190279960632, -0.1266375482082367, -0.5390194058418274, -0.5325530171394348, 0.08326342701911926, -0.8422911763191223], "cam_t_w2c": [-41.97976303100586, -37.335411071777344, 278.4345703125], "depth_scale": 1.0}
}