{
  "0": [{"cam_R_m2c": [-0.826232373714447, 0.5495105981826782, -0.12400762736797333, 0.4818624258041382, 0.8034370541572571, 0.34971049427986145, 0.29180195927619934, 0.22918756306171417, -0.9286141991615295], "cam_t_m2c": [-260.0728759765625, 266.0986328125, 1082.647705078125], "obj_id": 2}, {"cam_R_m2c": [-0.4459831416606903, -0.33480194211006165, -0.8300641179084778, 0.43544894456863403, -0.8914103507995605, 0.12558430433273315, -0.7819737792015076, -0.30544206500053406, 0.5433434247970581], "cam_t_m2c": [-413.944091796875, -36.061458587646484, 1238.4188232421875], "obj_id": 0}],
  "1": [{"cam_R_m2c": [0.9146322011947632, -0.2927664816379547, 0.27881136536598206, 0.12464287877082825, -0.45184382796287537, -0.8833467364311218, 0.38459348678588867, 0.8426891565322876, -0.3767796754837036], "cam_t_m2c": [324.6354675292969, -54.974945068359375, 1085.5430908203125], "obj_id": 2}, {"cam_R_m2c": [0.6023702025413513, 0.0663968175649643, 0.7954505681991577, -0.7475402355194092, 0.39634332060813904, 0.5330061316490173, -0.2798815965652466, -0.9156983494758606, 0.2883796989917755], "cam_t_m2c": [370.20751953125, 284.6764831542969, 937.3245239257812], "obj_id": 0}]
}