{
  "0": {"cam_K": [711.1112738715278, 0.0, 255.5, 0.0, 711.1112738715278, 255.5, 0.0, 0.0, 1.0], "cam_R_w2c": [-0.3869086802005768, 0.922118067741394, 1.739581279025515e-07, 0.9050552248954773, 0.3797493278980255, -0.19148242473602295, -0.17656946182250977, -0.07408604770898819, -0.9814960956573486], "cam_t_w2c": [-354.7428283691406, -858858.125, -4401494.5], "depth_scale": 1.0},
  "1": {"cam_K": [711.1112738715278, 0.0, 255.5, 0.0, 711.1112738715278, 255.5, 0.0, 0.0, 1.0], "cam_R_w2c": [0.6526883244514465, -0.7576265931129456, -1.0650595783090466e-07, -0.5932333469390869, -0.5110651254653931, -0.622002363204956, 0.4712454378604889, 0.40597376227378845, -0.7830155491828918], "cam_t_w2c": [350.0733337402344, -2789940.0, -3511366.75], "depth_scale": 1.0}
}