{
  "0": {"cam_K": [711.1112738715278, 0.0, 255.5, 0.0, 711.1112738715278, 255.5, 0.0, 0.0, 1.0], "cam_R_w2c": [0.959322452545166, -0.1625002920627594, 0.23085513710975647, 0.1378818303346634, -0.44387564063072205, -0.8854169845581055, 0.2463514506816864, 0.8812311291694641, -0.4034140408039093], "cam_t_w2c": [-26.7889461517334, -26.599849700927734, 807.239501953125], "depth_scale": 1.0},
  "1": {"cam_K": [711.1112738715278, 0.0, 255.5, 0.0, 711.1112738715278, 255.5, 0.0, 0.0, 1.0], "cam_R_w2c": [0.959322452545166, -0.1625002920627594, 0.23085513710975647, 0.1378818303346634, -0.44387564063072205, -0.8854169845581055, 0.2463514506816864, 0.8812311291694641, -0.4034140408039093], "cam_t_w2c": [-26.7889461517334, -26.599849700927734, 807.239501953125], "depth_scale": 1.0},
  "2": {"cam_K": [711.1112738715278, 0.0, 255.5, 0.0, 711.1112738715278, 255.5, 0.0, 0.0, 1.0], "cam_R_w2c": [-0.9211820363998413, -0.373518705368042, 0.1091209277510643, -0.29974693059921265, 0.5022919178009033, -0.8110823631286621, 0.24814386665821075, -0.779863178730011, -0.5746634006500244], "cam_t_w2c": [155.73719787597656, 148.2953643798828, 555.4534301757812], "depth_scale": 1.0}
}