{
  "0": {"cam_K": [711.1112738715278, 0.0, 255.5, 0.0, 711.1112738715278, 255.5, 0.0, 0.0, 1.0], "cam_R_w2c": [-0.6415389180183411, -0.7670905590057373, 1.4601164721739224e-08, -0.29008927941322327, 0.24260956048965454, -0.9257369041442871, 0.7101240754127502, -0.593896210193634, -0.3781682550907135], "cam_t_w2c": [-86.81403350830078, -4152399.0, -1695725.375], "depth_scale": 1.0},
  "1": {"cam_K": [711.1112738715278, 0.0, 255.5, 0.0, 711.1112738715278, 255.5, 0.0, 0.0, 1.0], "cam_R_w2c": [-0.9545049071311951, 0.2981952130794525, -9.532818978641444e-09, 0.05224479362368584, 0.16723240911960602, -0.9845322966575623, -0.2935827970504761, -0.9397408962249756, -0.17520330846309662], "cam_t_w2c": [275.2147216796875, -4416224.5, -785358.0625], "depth_scale": 1.0}
}