{
  "0": {"cam_K": [711.1112738715278, 0.0, 255.5, 0.0, 711.1112738715278, 255.5, 0.0, 0.0, 1.0], "cam_R_w2c": [0.1869058758020401, -0.979263961315155, -0.07815606147050858, -0.2721148729324341, 0.024836843833327293, -0.9619442820549011, 0.9439384341239929, 0.20106050372123718, -0.2618301510810852], "cam_t_w2c": [218.7335205078125, -57.09265899658203, 916.777587890625], "depth_scale": 1.0},
  "1": {"cam_K": [711.1112738715278, 0.0, 255.5, 0.0, 711.1112738715278, 255.5, 0.0, 0.0, 1.0], "cam_R_w2c": [0.9883648753166199, -0.0496065579354763, 0.14378464221954346, 0.07776553183794022, -0.6476179957389832, -0.7579865455627441, 0.13071860373020172, 0.7603487968444824, -0.636225163936615], "cam_t_w2c": [189.7464141845703, 142.1312713623047, 636.4609375], "depth_scale": 1.0},
  "2": {"cam_K": [711.1112738715278, 0.0, 255.5, 0.0, 711.1112738715278, 255.5, 0.0, 0.0, 1.0], "cam_R_w2c": [0.9883648753166199, -0.0496065579354763, 0.14378464221954346, 0.07776553183794022, -0.6476179957389832, -0.7579865455627441, 0.13071860373020172, 0.7603487968444824, -0.636225163936615], "cam_t_w2c": [189.7464141845703, 142.1312713623047, 636.4609375], "depth_scale": 1.0},
  "3": {"cam_K": [711.1112738715278, 0.0, 255.5, 0.0, 711.1112738715278, 255.5, 0.0, 0.0, 1.0], "cam_R_w2c": [-0.7999517321586609, 0.5953418612480164, 0.0751371756196022, 0.028768405318260193, 0.16312070190906525, -0.986186683177948, -0.5993745923042297, -0.7867400050163269, -0.14761580526828766], "cam_t_w2c": [-277.1757507324219, -21.17258644104004, 835.0283813476562], "depth_scale": 1.0},
  "4": {"cam_K": [711.1112738715278, 0.0, 255.5, 0.0, 711.1112738715278, 255.5, 0.0, 0.0, 1.0], "cam_R_w2c": [-0.7999517321586609, 0.5953418612480164, 0.0751371756196022, 0.028768405318260193, 0.16312070190906525, -0.986186683177948, -0.5993745923042297, -0.7867400050163269, -0.14761580526828766], "cam_t_w2c": [-277.1757507324219, -21.17258644104004, 835.0283813476562], "depth_scale": 1.0},
  "5": {"cam_K": [711.1112738715278, 0.0, 255.5, 0.0, 711.1112738715278, 255.5, 0.0, 0.0, 1.0], "cam_R_w2c": [0.9064227342605591, -0.41656434535980225, -0.0697992816567421, -0.3355116546154022, -0.6097331047058105, -0.7180930376052856, 0.25657302141189575, 0.6743143796920776, -0.6924381852149963], "cam_t_w2c": [246.72254943847656, 57.73955535888672, 534.3214111328125], "depth_scale": 1.0},
  "6": {"cam_K": [711.1112738715278, 0.0, 255.5, 0.0, 711.1112738715278, 255.5, 0.0, 0.0, 1.0], "cam_R_w2c": [0.9064227342605591, -0.41656434535980225, -0.0697992816567421, -0.3355116546154022, -0.6097331047058105, -0.7180930376052856, 0.25657302141189575, 0.6743143796920776, -0.6924381852149963], "cam_t_w2c": [246.72254943847656, 57.73955535888672, 534.3214111328125], "depth_scale": 1.0},
  "7": {"cam_K": [711.1112738715278, 0.0, 255.5, 0.0, 711.1112738715278, 255.5, 0.0, 0.0, 1.0], "cam_R_w2c": [0.13812008500099182, 0.9583917856216431, 0.2498161643743515, 0.20571421086788177, 0.21897219121456146, -0.9537991881370544, -0.9688160419464111, 0.18312960863113403, -0.16691038012504578], "cam_t_w2c": [-173.83494567871094, -14.164274215698242, 454.56646728515625], "depth_scale": 1.0}
}