{
  "0": {"cam_K": [711.1112738715278, 0.0, 255.5, 0.0, 711.1112738715278, 255.5, 0.0, 0.0, 1.0], "cam_R_w2c": [0.6815481185913086, -0.7046024203300476, -0.1975543349981308, -0.2399657517671585, 0.03984112665057182, -0.9699636101722717, 0.6913094520568848, 0.7084832191467285, -0.1419268250465393], "cam_t_w2c": [210.42593383789062, -11.245818138122559, 479.69390869140625], "depth_scale": 1.0},
  "1": {"cam_K": [711.1112738715278, 0.0, 255.5, 0.0, 711.1112738715278, 255.5, 0.0, 0.0, 1.0], "cam_R_w2c": [-0.04683841019868851, 0.9739953875541687, -0.22167366743087769, 0.6294350028038025, -0.14353890717029572, -0.7636807560920715, -0.7756403088569641, -0.17529872059822083, -0.6063436269760132], "cam_t_w2c": [-140.78956604003906, 128.6605224609375, 448.38134765625], "depth_scale": 1.0},
  "2": {"cam_K": [711.1112738715278, 0.0, 255.5, 0.0, 711.1112738715278, 255.5, 0.0, 0.0, 1.0], "cam_R_w2c": [-0.04683841019868851, 0.9739953875541687, -0.22167366743087769, 0.6294350028038025, -0.14353890717029572, -0.7636807560920715, -0.7756403088569641, -0.17529872059822083, -0.6063436269760132], "cam_t_w2c": [-140.78956604003906, 128.6605224609375, 448.38134765625], "depth_scale": 1.0},
  "3": {"cam_K": [711.1112738715278, 0.0, 255.5, 0.0, 711.1112738715278, 255.5, 0.0, 0.0, 1.0], "cam_R_w2c": [-0.9925286173820496, -0.08460608124732971, 0.08791472762823105, -0.11037132889032364, 0.31541234254837036, -0.9425143599510193, 0.05201305076479912, -0.9451755881309509, -0.32239389419555664], "cam_t_w2c": [-121.05224609375, -29.220081329345703, 735.5093994140625], "depth_scale": 1.0},
  "4": {"cam_K": [711.1112738715278, 0.0, 255.5, 0.0, 711.1112738715278, 255.5, 0.0, 0.0, 1.0], "cam_R_w2c": [-0.9925286173820496, -0.08460608124732971, 0.08791472762823105, -0.11037132889032364, 0.31541234254837036, -0.9425143599510193, 0.05201305076479912, -0.9451755881309509, -0.32239389419555664], "cam_t_w2c": [-121.05224609375, -29.220081329345703, 735.5093994140625], "depth_scale": 1.0},
  "5": {"cam_K": [711.1112738715278, 0.0, 255.5, 0.0, 711.1112738715278, 255.5, 0.0, 0.0, 1.0], "cam_R_w2c": [-0.8148922920227051, -0.5756377577781677, -0.0677618756890297, -0.021100154146552086, 0.14629331231117249, -0.9890161752700806, 0.5792282223701477, -0.8045119047164917, -0.1313592940568924], "cam_t_w2c": [-239.91697692871094, 72.6600341796875, 122.79093170166016], "depth_scale": 1.0},
  "6": {"cam_K": [711.1112738715278, 0.0, 255.5, 0.0, 711.1112738715278, 255.5, 0.0, 0.0, 1.0], "cam_R_w2c": [-0.8148922920227051, -0.5756377577781677, -0.0677618756890297, -0.021100154146552086, 0.14629331231117249, -0.9890161752700806, 0.5792282223701477, -0.8045119047164917, -0.1313592940568924], "cam_t_w2c": [-239.91697692871094, 72.6600341796875, 122.79093170166016], "depth_scale": 1.0},
  "7": {"cam_K": [711.1112738715278, 0.0, 255.5, 0.0, 711.1112738715278, 255.5, 0.0, 0.0, 1.0], "cam_R_w2c": [0.8592846989631653, -0.49137812852859497, 0.14204689860343933, 0.004057278390973806, -0.27115127444267273, -0.9625282287597656, 0.511481523513794, 0.8276621103286743, -0.23100249469280243], "cam_t_w2c": [-238.91720581054688, -107.98841094970703, 891.1372680664062], "depth_scale": 1.0},
  "8": {"cam_K": [711.1112738715278, 0.0, 255.5, 0.0, 711.1112738715278, 255.5, 0.0, 0.0, 1.0], "cam_R_w2c": [0.8592846989631653, -0.49137812852859497, 0.14204689860343933, 0.004057278390973806, -0.27115127444267273, -0.9625282287597656, 0.511481523513794, 0.8276621103286743, -0.23100249469280243], "cam_t_w2c": [-238.91720581054688, -107.98841094970703, 891.1372680664062], "depth_scale": 1.0},
  "9": {"cam_K": [711.1112738715278, 0.0, 255.5, 0.0, 711.1112738715278, 255.5, 0.0, 0.0, 1.0], "cam_R_w2c": [0.7553564310073853, -0.6463838219642639, -0.10781766474246979, -0.30798476934432983, -0.2049395591020584, -0.9290560483932495, 0.578430712223053, 0.7349746823310852, -0.35387876629829407], "cam_t_w2c": [-320.9306640625, -91.5878677368164, 832.7002563476562], "depth_scale": 1.0}
}