{
  "0": {"cam_K": [711.1112738715278, 0.0, 255.5, 0.0, 711.1112738715278, 255.5, 0.0, 0.0, 1.0], "cam_R_w2c": [0.9737842082977295, -0.222356915473938, 0.047975942492485046, -0.12943819165229797, -0.7150769233703613, -0.6869575381278992, 0.1870562583208084, 0.6627385020256042, -0.7251121401786804], "cam_t_w2c": [-49.859161376953125, 44.707313537597656, 206.1288299560547], "depth_scale": 1.0}
}