{
  "0": {"cam_K": [711.1112738715278, 0.0, 255.5, 0.0, 711.1112738715278, 255.5, 0.0, 0.0, 1.0], "cam_R_w2c": [-0.9186649322509766, -0.39503777027130127, 5.6907065726363726e-09, -0.1486065834760666, 0.34558627009391785, -0.9265453219413757, 0.36602041125297546, -0.8511846661567688, -0.3761832118034363], "cam_t_w2c": [181.66134643554688, -37.6989860534668, 1190.01171875], "depth_scale": 1.0},
  "1": {"cam_K": [711.1112738715278, 0.0, 255.5, 0.0, 711.1112738715278, 255.5, 0.0, 0.0, 1.0], "cam_R_w2c": [-0.05350383743643761, 0.9985676407814026, 2.1432224173167924e-07, 0.9297714233398438, 0.04981779679656029, -0.36475101113319397, -0.36422857642173767, -0.01951538398861885, -0.9311050772666931], "cam_t_w2c": [-389.0808410644531, -10.275647163391113, 856.3447875976562], "depth_scale": 1.0}
}