{
  "0": {"cam_K": [2346.1825408935547, 0.0, 956.150695733726, 0.0, 2351.0241982895623, 613.6550906152873, 0.0, 0.0, 1.0], "cam_R_w2c": [0.8500855565071106, -0.5266445875167847, 2.140663468708226e-08, -0.2236512452363968, -0.3610076606273651, -0.9053472876548767, 0.4767962396144867, 0.7696226239204407, -0.42467212677001953], "cam_t_w2c": [-44.86725616455078, 245.47384643554688, 4194.2587890625], "depth_scale": 1.0}
}