{
  "0": {"cam_K": [711.1112738715278, 0.0, 255.5, 0.0, 711.1112738715278, 255.5, 0.0, 0.0, 1.0], "cam_R_w2c": [-0.873911440372467, 0.486085444688797, 1.7829199805419194e-07, 0.4385707676410675, 0.788486897945404, -0.43121233582496643, -0.20960617065429688, -0.376841276884079, -0.9022505879402161], "cam_t_w2c": [134.83966064453125, -153.96572875976562, 1146.845703125], "depth_scale": 1.0},
  "1": {"cam_K": [711.1112738715278, 0.0, 255.5, 0.0, 711.1112738715278, 255.5, 0.0, 0.0, 1.0], "cam_R_w2c": [-0.9668106436729431, -0.25549402832984924, 5.006587855405087e-08, -0.23985491693019867, 0.9076308608055115, -0.3444936275482178, 0.08801601827144623, -0.3330601155757904, -0.938788652420044], "cam_t_w2c": [286.18780517578125, -23.197011947631836, 1304.0631103515625], "depth_scale": 1.0}
}