{
  "0": {"cam_K": [711.1112738715278, 0.0, 255.5, 0.0, 711.1112738715278, 255.5, 0.0, 0.0, 1.0], "cam_R_w2c": [-0.6112523674964905, -0.7914352416992188, 0.0008220578311011195, -0.30584970116615295, 0.23525992035865784, -0.9225555062294006, 0.7299495935440063, -0.5641657114028931, -0.38586339354515076], "cam_t_w2c": [-56.80373001098633, 8.134223937988281, 416.9032897949219], "depth_scale": 1.0}
}