{
  "0": {"cam_K": [711.1112738715278, 0.0, 255.5, 0.0, 711.1112738715278, 255.5, 0.0, 0.0, 1.0], "cam_R_w2c": [0.28160831332206726, 0.9283518195152283, -0.24261018633842468, -0.5639124512672424, -0.044447652995586395, -0.8246376514434814, -0.7763372659683228, 0.3690357506275177, 0.5109922885894775], "cam_t_w2c": [444.6361389160156, 445.8491516113281, 660.7432861328125], "depth_scale": 1.0},
  "1": {"cam_K": [711.1112738715278, 0.0, 255.5, 0.0, 711.1112738715278, 255.5, 0.0, 0.0, 1.0], "cam_R_w2c": [0.28160831332206726, 0.9283518195152283, -0.24261018633842468, -0.5639124512672424, -0.044447652995586395, -0.8246376514434814, -0.7763372659683228, 0.3690357506275177, 0.5109922885894775], "cam_t_w2c": [444.6361389160156, 445.8491516113281, 660.7432861328125], "depth_scale": 1.0},
  "2": {"cam_K": [711.1112738715278, 0.0, 255.5, 0.0, 711.1112738715278, 255.5, 0.0, 0.0, 1.0], "cam_R_w2c": [0.28160831332206726, 0.9283518195152283, -0.24261018633842468, -0.5639124512672424, -0.044447652995586395, -0.8246376514434814, -0.7763372659683228, 0.3690357506275177, 0.5109922885894775], "cam_t_w2c": [444.6361389160156, 445.8491516113281, 660.7432861328125], "depth_scale": 1.0},
  "3": {"cam_K": [711.1112738715278, 0.0, 255.5, 0.0, 711.1112738715278, 255.5, 0.0, 0.0, 1.0], "cam_R_w2c": [0.28160831332206726, 0.9283518195152283, -0.24261018633842468, -0.5639124512672424, -0.044447652995586395, -0.8246376514434814, -0.7763372659683228, 0.3690357506275177, 0.5109922885894775], "cam_t_w2c": [444.6361389160156, 445.8491516113281, 660.7432861328125], "depth_scale": 1.0},
  "4": {"cam_K": [711.1112738715278, 0.0, 255.5, 0.0, 711.1112738715278, 255.5, 0.0, 0.0, 1.0], "cam_R_w2c": [0.28160831332206726, 0.9283518195152283, -0.24261018633842468, -0.5639124512672424, -0.044447652995586395, -0.8246376514434814, -0.7763372659683228, 0.3690357506275177, 0.5109922885894775], "cam_t_w2c": [444.6361389160156, 445.8491516113281, 660.7432861328125], "depth_scale": 1.0},
  "5": {"cam_K": [711.1112738715278, 0.0, 255.5, 0.0, 711.1112738715278, 255.5, 0.0, 0.0, 1.0], "cam_R_w2c": [0.28160831332206726, 0.9283518195152283, -0.24261018633842468, -0.5639124512672424, -0.044447652995586395, -0.8246376514434814, -0.7763372659683228, 0.3690357506275177, 0.5109922885894775], "cam_t_w2c": [444.6361389160156, 445.8491516113281, 660.7432861328125], "depth_scale": 1.0},
  "6": {"cam_K": [711.1112738715278, 0.0, 255.5, 0.0, 711.1112738715278, 255.5, 0.0, 0.0, 1.0], "cam_R_w2c": [0.28160831332206726, 0.9283518195152283, -0.24261018633842468, -0.5639124512672424, -0.044447652995586395, -0.8246376514434814, -0.7763372659683228, 0.3690357506275177, 0.5109922885894775], "cam_t_w2c": [444.6361389160156, 445.8491516113281, 660.7432861328125], "depth_scale": 1.0},
  "7": {"cam_K": [711.1112738715278, 0.0, 255.5, 0.0, 711.1112738715278, 255.5, 0.0, 0.0, 1.0], "cam_R_w2c": [0.28160831332206726, 0.9283518195152283, -0.24261018633842468, -0.5639124512672424, -0.044447652995586395, -0.8246376514434814, -0.7763372659683228, 0.3690357506275177, 0.5109922885894775], "cam_t_w2c": [444.6361389160156, 445.8491516113281, 660.7432861328125], "depth_scale": 1.0},
  "8": {"cam_K": [711.1112738715278, 0.0, 255.5, 0.0, 711.1112738715278, 255.5, 0.0, 0.0, 1.0], "cam_R_w2c": [0.28160831332206726, 0.9283518195152283, -0.24261018633842468, -0.5639124512672424, -0.044447652995586395, -0.8246376514434814, -0.7763372659683228, 0.3690357506275177, 0.5109922885894775], "cam_t_w2c": [444.6361389160156, 445.8491516113281, 660.7432861328125], "depth_scale": 1.0},
  "9": {"cam_K": [711.1112738715278, 0.0, 255.5, 0.0, 711.1112738715278, 255.5, 0.0, 0.0, 1.0], "cam_R_w2c": [0.28160831332206726, 0.9283518195152283, -0.24261018633842468, -0.5639124512672424, -0.044447652995586395, -0.8246376514434814, -0.7763372659683228, 0.3690357506275177, 0.5109922885894775], "cam_t_w2c": [444.6361389160156, 445.8491516113281, 660.7432861328125], "depth_scale": 1.0}
}