{
  "0": {"cam_K": [711.1112738715278, 0.0, 255.5, 0.0, 711.1112738715278, 255.5, 0.0, 0.0, 1.0], "cam_R_w2c": [0.91411954164505, 0.3852064907550812, -0.12649695575237274, -0.024904830381274223, -0.2580585181713104, -0.9658082127571106, -0.40467920899391174, 0.8860145211219788, -0.22630281746387482], "cam_t_w2c": [100.40743255615234, 8.484447479248047, 774.5239868164062], "depth_scale": 1.0},
  "1": {"cam_K": [711.1112738715278, 0.0, 255.5, 0.0, 711.1112738715278, 255.5, 0.0, 0.0, 1.0], "cam_R_w2c": [0.91411954164505, 0.3852064907550812, -0.12649695575237274, -0.024904830381274223, -0.2580585181713104, -0.9658082127571106, -0.40467920899391174, 0.8860145211219788, -0.22630281746387482], "cam_t_w2c": [100.40743255615234, 8.484447479248047, 774.5239868164062], "depth_scale": 1.0},
  "2": {"cam_K": [711.1112738715278, 0.0, 255.5, 0.0, 711.1112738715278, 255.5, 0.0, 0.0, 1.0], "cam_R_w2c": [0.777302086353302, -0.6181851625442505, -0.11682707816362381, -0.504535973072052, -0.5015931725502014, -0.7027430534362793, 0.3758256733417511, 0.6051871180534363, -0.7017861008644104], "cam_t_w2c": [102.95772552490234, -44.75505447387695, 850.6915283203125], "depth_scale": 1.0},
  "3": {"cam_K": [711.1112738715278, 0.0, 255.5, 0.0, 711.1112738715278, 255.5, 0.0, 0.0, 1.0], "cam_R_w2c": [0.777302086353302, -0.6181851625442505, -0.11682707816362381, -0.504535973072052, -0.5015931725502014, -0.7027430534362793, 0.3758256733417511, 0.6051871180534363, -0.7017861008644104], "cam_t_w2c": [102.95772552490234, -44.75505447387695, 850.6915283203125], "depth_scale": 1.0},
  "4": {"cam_K": [711.1112738715278, 0.0, 255.5, 0.0, 711.1112738715278, 255.5, 0.0, 0.0, 1.0], "cam_R_w2c": [0.8404490351676941, -0.5226728916168213, 0.14303304255008698, 0.06997083872556686, -0.1570691466331482, -0.9851058125495911, 0.5373541712760925, 0.8379393815994263, -0.09543676674365997], "cam_t_w2c": [107.86760711669922, 15.019551277160645, 933.0708618164062], "depth_scale": 1.0}
}