{
  "0": [{"cam_R_m2c": [-0.3306185305118561, -0.061871279031038284, -0.9417340755462646, -0.8817322850227356, 0.37604501843452454, 0.2848476469516754, 0.33651044964790344, 0.9245333671569824, -0.17888127267360687], "cam_t_m2c": [-13742.865234375, 33409.1015625, 60757.75], "obj_id": 0}, {"cam_R_m2c": [-0.6972902417182922, -0.7130995392799377, 0.07263031601905823, 0.46024805307388306, -0.3677437901496887, 0.8080446124076843, -0.5495069026947021, 0.5968696475028992, 0.5846269726753235], "cam_t_m2c": [-41.53495407104492, 330.0719299316406, 1291.41162109375], "obj_id": 0}],
  "1": [{"cam_R_m2c": [-0.033681854605674744, 0.0642712414264679, 0.9973637461662292, 0.919042706489563, 0.3941173255443573, 0.005639657378196716, -0.39271578192710876, 0.9168099761009216, -0.07234253734350204], "cam_t_m2c": [16308.1279296875, 22735.935546875, 64900.19140625], "obj_id": 0}, {"cam_R_m2c": [0.8770998120307922, 0.4626045525074005, 0.12920136749744415, -0.4410479962825775, 0.8822361826896667, -0.16473007202148438, -0.19019100069999695, 0.08750070631504059, 0.9778399467468262], "cam_t_m2c": [107.49903869628906, 17.003536224365234, 1342.7176513671875], "obj_id": 0}]
}