{
  "0": {"cam_K": [711.1112738715278, 0.0, 255.5, 0.0, 711.1112738715278, 255.5, 0.0, 0.0, 1.0], "cam_R_w2c": [0.19271835684776306, -0.9812541007995605, 1.7440109800759274e-08, -0.9155429005622864, -0.1798126995563507, -0.35978972911834717, 0.35304516553878784, 0.06933806836605072, -0.9330334663391113], "cam_t_w2c": [-16820.861328125, -1575694.25, -4105788.0], "depth_scale": 1.0},
  "1": {"cam_K": [711.1112738715278, 0.0, 255.5, 0.0, 711.1112738715278, 255.5, 0.0, 0.0, 1.0], "cam_R_w2c": [-0.535061776638031, 0.8448129892349243, -1.1846642422597142e-07, 0.7779396772384644, 0.4927075207233429, -0.38993483781814575, -0.3294219374656677, -0.20863930881023407, -0.9208425283432007], "cam_t_w2c": [18356.015625, -1715922.375, -4049269.0], "depth_scale": 1.0}
}