{
  "0": {"cam_K": [711.1112738715278, 0.0, 255.5, 0.0, 711.1112738715278, 255.5, 0.0, 0.0, 1.0], "cam_R_w2c": [-0.8321167230606079, -0.5505860447883606, -0.06660792231559753, -0.26855841279029846, 0.5051062703132629, -0.8202097415924072, 0.48524010181427, -0.6646221876144409, -0.5681718587875366], "cam_t_w2c": [284.7750549316406, 57.818599700927734, 860.5314331054688], "depth_scale": 1.0},
  "1": {"cam_K": [711.1112738715278, 0.0, 255.5, 0.0, 711.1112738715278, 255.5, 0.0, 0.0, 1.0], "cam_R_w2c": [0.9350546598434448, 0.3447839021682739, 0.0824429839849472, 0.27843838930130005, -0.570343554019928, -0.7727744579315186, -0.21941937506198883, 0.7455416321754456, -0.629303514957428], "cam_t_w2c": [72.89753723144531, -173.4061279296875, 837.6067504882812], "depth_scale": 1.0},
  "2": {"cam_K": [711.1112738715278, 0.0, 255.5, 0.0, 711.1112738715278, 255.5, 0.0, 0.0, 1.0], "cam_R_w2c": [0.9350546598434448, 0.3447839021682739, 0.0824429839849472, 0.27843838930130005, -0.570343554019928, -0.7727744579315186, -0.21941937506198883, 0.7455416321754456, -0.629303514957428], "cam_t_w2c": [72.89753723144531, -173.4061279296875, 837.6067504882812], "depth_scale": 1.0},
  "3": {"cam_K": [711.1112738715278, 0.0, 255.5, 0.0, 711.1112738715278, 255.5, 0.0, 0.0, 1.0], "cam_R_w2c": [0.6573613286018372, 0.7321772575378418, 0.17830459773540497, 0.24199657142162323, 0.018974315375089645, -0.9700915813446045, -0.7136622071266174, 0.6808498501777649, -0.16471141576766968], "cam_t_w2c": [165.14988708496094, -6.093282222747803, 894.699462890625], "depth_scale": 1.0},
  "4": {"cam_K": [711.1112738715278, 0.0, 255.5, 0.0, 711.1112738715278, 255.5, 0.0, 0.0, 1.0], "cam_R_w2c": [0.6573613286018372, 0.7321772575378418, 0.17830459773540497, 0.24199657142162323, 0.018974315375089645, -0.9700915813446045, -0.7136622071266174, 0.6808498501777649, -0.16471141576766968], "cam_t_w2c": [165.14988708496094, -6.093282222747803, 894.699462890625], "depth_scale": 1.0}
}