{
  "0": {"cam_K": [711.1112738715278, 0.0, 255.5, 0.0, 711.1112738715278, 255.5, 0.0, 0.0, 1.0], "cam_R_w2c": [0.8218135237693787, -0.5697565674781799, -9.894804264831691e-08, -0.33336561918258667, -0.4808444380760193, -0.8109598755836487, 0.4620496928691864, 0.6664578318595886, -0.5851017236709595], "cam_t_w2c": [-2804.19873046875, -3634474.75, -2624738.75], "depth_scale": 1.0},
  "1": {"cam_K": [711.1112738715278, 0.0, 255.5, 0.0, 711.1112738715278, 255.5, 0.0, 0.0, 1.0], "cam_R_w2c": [-0.3319873511791229, 0.9432839155197144, -1.983750735234935e-06, 0.9430581331253052, 0.3319077491760254, -0.021878868341445923, -0.020637324079871178, -0.0072653768584132195, -0.9997606873512268], "cam_t_w2c": [714.6815185546875, -101879.53125, -4481417.0], "depth_scale": 1.0}
}