{
  "0": {"cam_K": [711.1112738715278, 0.0, 255.5, 0.0, 711.1112738715278, 255.5, 0.0, 0.0, 1.0], "cam_R_w2c": [0.4650760889053345, 0.8852707147598267, -9.560949365550186e-09, 0.15856632590293884, -0.08330266177654266, -0.9838278889656067, -0.8709540367126465, 0.45755481719970703, -0.17911620438098907], "cam_t_w2c": [-9615.314453125, -4401084.0, -801295.1875], "depth_scale": 1.0},
  "1": {"cam_K": [711.1112738715278, 0.0, 255.5, 0.0, 711.1112738715278, 255.5, 0.0, 0.0, 1.0], "cam_R_w2c": [0.8643572926521301, 0.5028781294822693, -4.0418168367750695e-08, 0.5015661120414734, -0.8621020913124084, -0.07218877971172333, -0.036302193999290466, 0.06239687651395798, -0.997390866279602], "cam_t_w2c": [-7689.05615234375, -317120.59375, -4461246.5], "depth_scale": 1.0}
}