{
  "0": {"cam_K": [2346.1825408935547, 0.0, 956.150695733726, 0.0, 2351.0241982895623, 613.6550906152873, 0.0, 0.0, 1.0], "cam_R_w2c": [0.2697904109954834, -0.9629190564155579, -4.92492659986965e-08, -0.42105183005332947, -0.11797014623880386, -0.8993321657180786, 0.8659840822219849, 0.2426312118768692, -0.4372660517692566], "cam_t_w2c": [74.85519409179688, 380.361328125, 3264.86865234375], "depth_scale": 1.0}
}