{
  "0": {"cam_K": [2346.1825408935547, 0.0, 956.150695733726, 0.0, 2351.0241982895623, 613.6550906152873, 0.0, 0.0, 1.0], "cam_R_w2c": [-0.3401482403278351, 0.9403718113899231, -1.0161412689058125e-07, 0.40213194489479065, 0.14545780420303345, -0.903953492641449, -0.8500523567199707, -0.30747824907302856, -0.4276307225227356], "cam_t_w2c": [-50.24658966064453, 606.2748413085938, 3289.994384765625], "depth_scale": 1.0}
}