{
  "0": {"cam_K": [2346.1825408935547, 0.0, 956.150695733726, 0.0, 2351.0241982895623, 613.6550906152873, 0.0, 0.0, 1.0], "cam_R_w2c": [-0.6319740414619446, -0.7749897241592407, 1.8653864231055195e-07, -0.5624508261680603, 0.45865654945373535, -0.687955915927887, 0.5331586003303528, -0.4347703158855438, -0.7257526516914368], "cam_t_w2c": [-93.83698272705078, 19.130754470825195, 952.4371337890625], "depth_scale": 1.0},
  "1": {"cam_K": [2346.1825408935547, 0.0, 956.150695733726, 0.0, 2351.0241982895623, 613.6550906152873, 0.0, 0.0, 1.0], "cam_R_w2c": [0.8399972319602966, 0.5425906777381897, 2.219918826540379e-08, 0.4136117696762085, -0.6403220891952515, -0.6472349762916565, -0.35118362307548523, 0.5436756014823914, -0.7622907161712646], "cam_t_w2c": [93.8345947265625, -0.6347919702529907, 869.6557006835938], "depth_scale": 1.0}
}